,year,month,day,hour,AEP_MW
0,2016,1,1,0,13487.0
1,2016,1,1,1,13135.0
2,2016,1,1,2,12912.0
3,2016,1,1,3,12685.0
4,2016,1,1,4,12631.0
5,2016,1,1,5,12667.0
6,2016,1,1,6,12937.0
7,2016,1,1,7,13297.0
8,2016,1,1,8,13635.0
9,2016,1,1,9,13828.0
10,2016,1,1,10,14232.0
11,2016,1,1,11,14528.0
12,2016,1,1,12,14626.0
13,2016,1,1,13,14568.0
14,2016,1,1,14,14284.0
15,2016,1,1,15,14106.0
16,2016,1,1,16,14064.0
17,2016,1,1,17,14350.0
18,2016,1,1,18,15307.0
19,2016,1,1,19,15594.0
20,2016,1,1,20,15595.0
21,2016,1,1,21,15473.0
22,2016,1,1,22,15280.0
23,2016,1,1,23,14833.0
24,2016,1,2,0,14338.0
25,2016,1,2,1,13966.0
26,2016,1,2,2,13751.0
27,2016,1,2,3,13642.0
28,2016,1,2,4,13668.0
29,2016,1,2,5,13784.0
30,2016,1,2,6,14098.0
31,2016,1,2,7,14534.0
32,2016,1,2,8,15058.0
33,2016,1,2,9,15310.0
34,2016,1,2,10,15265.0
35,2016,1,2,11,15102.0
36,2016,1,2,12,14779.0
37,2016,1,2,13,14364.0
38,2016,1,2,14,13956.0
39,2016,1,2,15,13561.0
40,2016,1,2,16,13501.0
41,2016,1,2,17,13711.0
42,2016,1,2,18,14741.0
43,2016,1,2,19,15383.0
44,2016,1,2,20,15481.0
45,2016,1,2,21,15420.0
46,2016,1,2,22,15284.0
47,2016,1,2,23,14921.0
48,2016,1,3,0,14450.0
49,2016,1,3,1,14075.0
50,2016,1,3,2,13776.0
51,2016,1,3,3,13637.0
52,2016,1,3,4,13644.0
53,2016,1,3,5,13719.0
54,2016,1,3,6,13886.0
55,2016,1,3,7,14228.0
56,2016,1,3,8,14709.0
57,2016,1,3,9,15174.0
58,2016,1,3,10,15069.0
59,2016,1,3,11,14825.0
60,2016,1,3,12,14554.0
61,2016,1,3,13,14434.0
62,2016,1,3,14,14223.0
63,2016,1,3,15,14111.0
64,2016,1,3,16,14103.0
65,2016,1,3,17,14469.0
66,2016,1,3,18,15440.0
67,2016,1,3,19,15946.0
68,2016,1,3,20,15976.0
69,2016,1,3,21,15947.0
70,2016,1,3,22,15485.0
71,2016,1,3,23,15038.0
72,2016,1,4,0,14577.0
73,2016,1,4,1,14153.0
74,2016,1,4,2,14051.0
75,2016,1,4,3,14158.0
76,2016,1,4,4,14205.0
77,2016,1,4,5,14647.0
78,2016,1,4,6,15447.0
79,2016,1,4,7,16847.0
80,2016,1,4,8,17696.0
81,2016,1,4,9,17759.0
82,2016,1,4,10,17804.0
83,2016,1,4,11,17847.0
84,2016,1,4,12,17730.0
85,2016,1,4,13,17666.0
86,2016,1,4,14,17461.0
87,2016,1,4,15,17297.0
88,2016,1,4,16,17111.0
89,2016,1,4,17,17392.0
90,2016,1,4,18,18275.0
91,2016,1,4,19,18893.0
92,2016,1,4,20,18928.0
93,2016,1,4,21,18789.0
94,2016,1,4,22,18402.0
95,2016,1,4,23,17657.0
96,2016,1,5,0,16894.0
97,2016,1,5,1,16549.0
98,2016,1,5,2,16420.0
99,2016,1,5,3,16466.0
100,2016,1,5,4,16555.0
101,2016,1,5,5,17093.0
102,2016,1,5,6,18090.0
103,2016,1,5,7,19603.0
104,2016,1,5,8,20424.0
105,2016,1,5,9,20129.0
106,2016,1,5,10,19363.0
107,2016,1,5,11,18929.0
108,2016,1,5,12,18348.0
109,2016,1,5,13,17670.0
110,2016,1,5,14,17187.0
111,2016,1,5,15,16662.0
112,2016,1,5,16,16473.0
113,2016,1,5,17,16702.0
114,2016,1,5,18,17952.0
115,2016,1,5,19,18822.0
116,2016,1,5,20,19010.0
117,2016,1,5,21,18935.0
118,2016,1,5,22,18594.0
119,2016,1,5,23,17893.0
120,2016,1,6,0,17311.0
121,2016,1,6,1,16957.0
122,2016,1,6,2,16828.0
123,2016,1,6,3,16931.0
124,2016,1,6,4,17048.0
125,2016,1,6,5,17537.0
126,2016,1,6,6,18415.0
127,2016,1,6,7,19769.0
128,2016,1,6,8,20502.0
129,2016,1,6,9,20107.0
130,2016,1,6,10,19279.0
131,2016,1,6,11,18413.0
132,2016,1,6,12,17575.0
133,2016,1,6,13,16877.0
134,2016,1,6,14,16340.0
135,2016,1,6,15,15902.0
136,2016,1,6,16,15706.0
137,2016,1,6,17,15967.0
138,2016,1,6,18,17149.0
139,2016,1,6,19,17876.0
140,2016,1,6,20,18011.0
141,2016,1,6,21,17978.0
142,2016,1,6,22,17396.0
143,2016,1,6,23,16763.0
144,2016,1,7,0,16123.0
145,2016,1,7,1,15691.0
146,2016,1,7,2,15636.0
147,2016,1,7,3,15597.0
148,2016,1,7,4,15739.0
149,2016,1,7,5,16089.0
150,2016,1,7,6,17017.0
151,2016,1,7,7,18467.0
152,2016,1,7,8,19303.0
153,2016,1,7,9,18941.0
154,2016,1,7,10,18374.0
155,2016,1,7,11,17774.0
156,2016,1,7,12,16926.0
157,2016,1,7,13,16330.0
158,2016,1,7,14,15690.0
159,2016,1,7,15,15351.0
160,2016,1,7,16,15093.0
161,2016,1,7,17,15182.0
162,2016,1,7,18,16185.0
163,2016,1,7,19,16908.0
164,2016,1,7,20,17102.0
165,2016,1,7,21,17092.0
166,2016,1,7,22,16717.0
167,2016,1,7,23,15947.0
168,2016,1,8,0,15262.0
169,2016,1,8,1,14845.0
170,2016,1,8,2,14597.0
171,2016,1,8,3,14405.0
172,2016,1,8,4,14421.0
173,2016,1,8,5,14623.0
174,2016,1,8,6,15406.0
175,2016,1,8,7,16714.0
176,2016,1,8,8,17338.0
177,2016,1,8,9,17332.0
178,2016,1,8,10,17261.0
179,2016,1,8,11,17277.0
180,2016,1,8,12,17011.0
181,2016,1,8,13,16757.0
182,2016,1,8,14,16428.0
183,2016,1,8,15,16152.0
184,2016,1,8,16,15769.0
185,2016,1,8,17,15759.0
186,2016,1,8,18,16163.0
187,2016,1,8,19,16261.0
188,2016,1,8,20,15904.0
189,2016,1,8,21,15618.0
190,2016,1,8,22,15213.0
191,2016,1,8,23,14496.0
192,2016,1,9,0,13759.0
193,2016,1,9,1,13141.0
194,2016,1,9,2,12738.0
195,2016,1,9,3,12555.0
196,2016,1,9,4,12574.0
197,2016,1,9,5,12673.0
198,2016,1,9,6,13010.0
199,2016,1,9,7,13389.0
200,2016,1,9,8,13947.0
201,2016,1,9,9,14238.0
202,2016,1,9,10,14408.0
203,2016,1,9,11,14407.0
204,2016,1,9,12,14339.0
205,2016,1,9,13,14072.0
206,2016,1,9,14,13797.0
207,2016,1,9,15,13595.0
208,2016,1,9,16,13642.0
209,2016,1,9,17,13843.0
210,2016,1,9,18,14500.0
211,2016,1,9,19,14643.0
212,2016,1,9,20,14446.0
213,2016,1,9,21,14272.0
214,2016,1,9,22,13864.0
215,2016,1,9,23,13357.0
216,2016,1,10,0,12821.0
217,2016,1,10,1,12319.0
218,2016,1,10,2,12100.0
219,2016,1,10,3,11888.0
220,2016,1,10,4,11823.0
221,2016,1,10,5,11834.0
222,2016,1,10,6,12023.0
223,2016,1,10,7,12387.0
224,2016,1,10,8,12954.0
225,2016,1,10,9,13534.0
226,2016,1,10,10,14102.0
227,2016,1,10,11,14426.0
228,2016,1,10,12,14729.0
229,2016,1,10,13,15127.0
230,2016,1,10,14,15399.0
231,2016,1,10,15,15551.0
232,2016,1,10,16,15782.0
233,2016,1,10,17,16315.0
234,2016,1,10,18,17211.0
235,2016,1,10,19,17757.0
236,2016,1,10,20,17856.0
237,2016,1,10,21,17838.0
238,2016,1,10,22,17441.0
239,2016,1,10,23,16959.0
240,2016,1,11,0,16566.0
241,2016,1,11,1,16346.0
242,2016,1,11,2,16304.0
243,2016,1,11,3,16496.0
244,2016,1,11,4,16570.0
245,2016,1,11,5,17164.0
246,2016,1,11,6,18077.0
247,2016,1,11,7,19596.0
248,2016,1,11,8,20610.0
249,2016,1,11,9,20421.0
250,2016,1,11,10,20067.0
251,2016,1,11,11,19550.0
252,2016,1,11,12,19093.0
253,2016,1,11,13,18595.0
254,2016,1,11,14,18121.0
255,2016,1,11,15,17773.0
256,2016,1,11,16,17685.0
257,2016,1,11,17,17972.0
258,2016,1,11,18,18989.0
259,2016,1,11,19,19564.0
260,2016,1,11,20,19583.0
261,2016,1,11,21,19467.0
262,2016,1,11,22,18957.0
263,2016,1,11,23,18193.0
264,2016,1,12,0,17349.0
265,2016,1,12,1,16800.0
266,2016,1,12,2,16499.0
267,2016,1,12,3,16345.0
268,2016,1,12,4,16210.0
269,2016,1,12,5,16536.0
270,2016,1,12,6,17257.0
271,2016,1,12,7,18393.0
272,2016,1,12,8,19123.0
273,2016,1,12,9,18939.0
274,2016,1,12,10,18705.0
275,2016,1,12,11,18555.0
276,2016,1,12,12,18453.0
277,2016,1,12,13,18356.0
278,2016,1,12,14,18227.0
279,2016,1,12,15,18083.0
280,2016,1,12,16,17986.0
281,2016,1,12,17,18166.0
282,2016,1,12,18,19150.0
283,2016,1,12,19,19905.0
284,2016,1,12,20,19947.0
285,2016,1,12,21,19841.0
286,2016,1,12,22,19348.0
287,2016,1,12,23,18609.0
288,2016,1,13,0,17938.0
289,2016,1,13,1,17637.0
290,2016,1,13,2,17592.0
291,2016,1,13,3,17626.0
292,2016,1,13,4,17791.0
293,2016,1,13,5,18327.0
294,2016,1,13,6,19198.0
295,2016,1,13,7,20570.0
296,2016,1,13,8,21177.0
297,2016,1,13,9,21096.0
298,2016,1,13,10,20605.0
299,2016,1,13,11,19923.0
300,2016,1,13,12,19396.0
301,2016,1,13,13,18960.0
302,2016,1,13,14,18645.0
303,2016,1,13,15,18350.0
304,2016,1,13,16,18156.0
305,2016,1,13,17,18535.0
306,2016,1,13,18,19353.0
307,2016,1,13,19,19881.0
308,2016,1,13,20,19797.0
309,2016,1,13,21,19523.0
310,2016,1,13,22,18963.0
311,2016,1,13,23,18030.0
312,2016,1,14,0,17273.0
313,2016,1,14,1,16578.0
314,2016,1,14,2,16340.0
315,2016,1,14,3,16171.0
316,2016,1,14,4,16168.0
317,2016,1,14,5,16469.0
318,2016,1,14,6,17153.0
319,2016,1,14,7,18527.0
320,2016,1,14,8,19088.0
321,2016,1,14,9,18715.0
322,2016,1,14,10,18236.0
323,2016,1,14,11,17546.0
324,2016,1,14,12,16814.0
325,2016,1,14,13,16192.0
326,2016,1,14,14,15816.0
327,2016,1,14,15,15533.0
328,2016,1,14,16,15284.0
329,2016,1,14,17,15324.0
330,2016,1,14,18,16092.0
331,2016,1,14,19,16880.0
332,2016,1,14,20,16916.0
333,2016,1,14,21,16861.0
334,2016,1,14,22,16391.0
335,2016,1,14,23,15657.0
336,2016,1,15,0,15079.0
337,2016,1,15,1,14599.0
338,2016,1,15,2,14390.0
339,2016,1,15,3,14305.0
340,2016,1,15,4,14415.0
341,2016,1,15,5,14884.0
342,2016,1,15,6,15681.0
343,2016,1,15,7,17074.0
344,2016,1,15,8,17869.0
345,2016,1,15,9,17646.0
346,2016,1,15,10,17392.0
347,2016,1,15,11,17088.0
348,2016,1,15,12,16740.0
349,2016,1,15,13,16486.0
350,2016,1,15,14,16372.0
351,2016,1,15,15,16196.0
352,2016,1,15,16,16089.0
353,2016,1,15,17,16102.0
354,2016,1,15,18,16480.0
355,2016,1,15,19,16522.0
356,2016,1,15,20,16202.0
357,2016,1,15,21,16076.0
358,2016,1,15,22,15549.0
359,2016,1,15,23,14883.0
360,2016,1,16,0,14057.0
361,2016,1,16,1,13377.0
362,2016,1,16,2,13181.0
363,2016,1,16,3,12956.0
364,2016,1,16,4,12986.0
365,2016,1,16,5,13148.0
366,2016,1,16,6,13487.0
367,2016,1,16,7,14008.0
368,2016,1,16,8,14666.0
369,2016,1,16,9,15185.0
370,2016,1,16,10,15580.0
371,2016,1,16,11,15790.0
372,2016,1,16,12,15776.0
373,2016,1,16,13,15780.0
374,2016,1,16,14,15609.0
375,2016,1,16,15,15487.0
376,2016,1,16,16,15502.0
377,2016,1,16,17,15785.0
378,2016,1,16,18,16335.0
379,2016,1,16,19,16468.0
380,2016,1,16,20,16294.0
381,2016,1,16,21,16123.0
382,2016,1,16,22,15782.0
383,2016,1,16,23,15259.0
384,2016,1,17,0,14696.0
385,2016,1,17,1,14307.0
386,2016,1,17,2,14007.0
387,2016,1,17,3,13939.0
388,2016,1,17,4,13873.0
389,2016,1,17,5,13901.0
390,2016,1,17,6,14187.0
391,2016,1,17,7,14542.0
392,2016,1,17,8,15276.0
393,2016,1,17,9,15908.0
394,2016,1,17,10,16232.0
395,2016,1,17,11,16336.0
396,2016,1,17,12,16289.0
397,2016,1,17,13,16337.0
398,2016,1,17,14,16322.0
399,2016,1,17,15,16290.0
400,2016,1,17,16,16335.0
401,2016,1,17,17,16739.0
402,2016,1,17,18,17628.0
403,2016,1,17,19,18205.0
404,2016,1,17,20,18196.0
405,2016,1,17,21,18333.0
406,2016,1,17,22,17940.0
407,2016,1,17,23,17690.0
408,2016,1,18,0,17372.0
409,2016,1,18,1,17185.0
410,2016,1,18,2,17263.0
411,2016,1,18,3,17336.0
412,2016,1,18,4,17511.0
413,2016,1,18,5,18064.0
414,2016,1,18,6,18887.0
415,2016,1,18,7,20039.0
416,2016,1,18,8,20910.0
417,2016,1,18,9,21229.0
418,2016,1,18,10,21158.0
419,2016,1,18,11,21036.0
420,2016,1,18,12,20750.0
421,2016,1,18,13,20482.0
422,2016,1,18,14,20254.0
423,2016,1,18,15,19919.0
424,2016,1,18,16,19798.0
425,2016,1,18,17,20011.0
426,2016,1,18,18,20945.0
427,2016,1,18,19,21644.0
428,2016,1,18,20,21594.0
429,2016,1,18,21,21428.0
430,2016,1,18,22,21136.0
431,2016,1,18,23,20383.0
432,2016,1,19,0,19830.0
433,2016,1,19,1,19607.0
434,2016,1,19,2,19418.0
435,2016,1,19,3,19377.0
436,2016,1,19,4,19423.0
437,2016,1,19,5,19782.0
438,2016,1,19,6,20523.0
439,2016,1,19,7,21602.0
440,2016,1,19,8,22256.0
441,2016,1,19,9,22107.0
442,2016,1,19,10,21679.0
443,2016,1,19,11,21332.0
444,2016,1,19,12,20704.0
445,2016,1,19,13,20202.0
446,2016,1,19,14,19727.0
447,2016,1,19,15,19175.0
448,2016,1,19,16,18900.0
449,2016,1,19,17,19066.0
450,2016,1,19,18,20061.0
451,2016,1,19,19,20958.0
452,2016,1,19,20,21178.0
453,2016,1,19,21,21137.0
454,2016,1,19,22,20809.0
455,2016,1,19,23,20226.0
456,2016,1,20,0,19593.0
457,2016,1,20,1,19221.0
458,2016,1,20,2,19122.0
459,2016,1,20,3,18988.0
460,2016,1,20,4,19060.0
461,2016,1,20,5,19264.0
462,2016,1,20,6,19761.0
463,2016,1,20,7,20943.0
464,2016,1,20,8,21517.0
465,2016,1,20,9,21237.0
466,2016,1,20,10,20940.0
467,2016,1,20,11,20693.0
468,2016,1,20,12,20221.0
469,2016,1,20,13,19949.0
470,2016,1,20,14,19860.0
471,2016,1,20,15,19460.0
472,2016,1,20,16,19319.0
473,2016,1,20,17,19388.0
474,2016,1,20,18,19988.0
475,2016,1,20,19,20431.0
476,2016,1,20,20,20283.0
477,2016,1,20,21,19979.0
478,2016,1,20,22,19429.0
479,2016,1,20,23,18541.0
480,2016,1,21,0,17707.0
481,2016,1,21,1,17360.0
482,2016,1,21,2,17200.0
483,2016,1,21,3,17096.0
484,2016,1,21,4,17163.0
485,2016,1,21,5,17683.0
486,2016,1,21,6,18355.0
487,2016,1,21,7,19627.0
488,2016,1,21,8,20352.0
489,2016,1,21,9,20262.0
490,2016,1,21,10,20080.0
491,2016,1,21,11,19714.0
492,2016,1,21,12,19098.0
493,2016,1,21,13,18605.0
494,2016,1,21,14,18057.0
495,2016,1,21,15,17652.0
496,2016,1,21,16,17260.0
497,2016,1,21,17,17416.0
498,2016,1,21,18,18359.0
499,2016,1,21,19,19373.0
500,2016,1,21,20,19591.0
501,2016,1,21,21,19530.0
502,2016,1,21,22,19210.0
503,2016,1,21,23,18541.0
504,2016,1,22,0,17786.0
505,2016,1,22,1,17323.0
506,2016,1,22,2,17126.0
507,2016,1,22,3,16958.0
508,2016,1,22,4,17051.0
509,2016,1,22,5,17260.0
510,2016,1,22,6,17893.0
511,2016,1,22,7,18989.0
512,2016,1,22,8,19780.0
513,2016,1,22,9,19687.0
514,2016,1,22,10,19895.0
515,2016,1,22,11,19960.0
516,2016,1,22,12,19744.0
517,2016,1,22,13,19491.0
518,2016,1,22,14,19404.0
519,2016,1,22,15,19196.0
520,2016,1,22,16,19073.0
521,2016,1,22,17,19126.0
522,2016,1,22,18,19611.0
523,2016,1,22,19,19813.0
524,2016,1,22,20,19614.0
525,2016,1,22,21,19221.0
526,2016,1,22,22,18773.0
527,2016,1,22,23,18148.0
528,2016,1,23,0,17382.0
529,2016,1,23,1,17004.0
530,2016,1,23,2,16744.0
531,2016,1,23,3,16623.0
532,2016,1,23,4,16579.0
533,2016,1,23,5,16667.0
534,2016,1,23,6,16896.0
535,2016,1,23,7,17336.0
536,2016,1,23,8,17717.0
537,2016,1,23,9,17914.0
538,2016,1,23,10,18176.0
539,2016,1,23,11,18170.0
540,2016,1,23,12,17962.0
541,2016,1,23,13,17636.0
542,2016,1,23,14,17323.0
543,2016,1,23,15,16981.0
544,2016,1,23,16,16926.0
545,2016,1,23,17,17095.0
546,2016,1,23,18,17712.0
547,2016,1,23,19,18294.0
548,2016,1,23,20,18113.0
549,2016,1,23,21,17879.0
550,2016,1,23,22,17443.0
551,2016,1,23,23,17026.0
552,2016,1,24,0,16637.0
553,2016,1,24,1,16245.0
554,2016,1,24,2,16143.0
555,2016,1,24,3,16144.0
556,2016,1,24,4,16204.0
557,2016,1,24,5,16437.0
558,2016,1,24,6,16805.0
559,2016,1,24,7,17266.0
560,2016,1,24,8,17857.0
561,2016,1,24,9,18125.0
562,2016,1,24,10,17892.0
563,2016,1,24,11,17234.0
564,2016,1,24,12,16524.0
565,2016,1,24,13,16029.0
566,2016,1,24,14,15547.0
567,2016,1,24,15,15200.0
568,2016,1,24,16,15091.0
569,2016,1,24,17,15413.0
570,2016,1,24,18,16403.0
571,2016,1,24,19,17424.0
572,2016,1,24,20,17695.0
573,2016,1,24,21,17658.0
574,2016,1,24,22,17332.0
575,2016,1,24,23,16802.0
576,2016,1,25,0,16429.0
577,2016,1,25,1,16031.0
578,2016,1,25,2,16000.0
579,2016,1,25,3,16074.0
580,2016,1,25,4,16224.0
581,2016,1,25,5,16600.0
582,2016,1,25,6,17451.0
583,2016,1,25,7,18736.0
584,2016,1,25,8,19605.0
585,2016,1,25,9,19449.0
586,2016,1,25,10,19054.0
587,2016,1,25,11,18539.0
588,2016,1,25,12,17521.0
589,2016,1,25,13,17029.0
590,2016,1,25,14,16613.0
591,2016,1,25,15,16359.0
592,2016,1,25,16,16224.0
593,2016,1,25,17,16472.0
594,2016,1,25,18,17062.0
595,2016,1,25,19,17768.0
596,2016,1,25,20,17762.0
597,2016,1,25,21,17525.0
598,2016,1,25,22,16936.0
599,2016,1,25,23,16048.0
600,2016,1,26,0,15253.0
601,2016,1,26,1,14753.0
602,2016,1,26,2,14447.0
603,2016,1,26,3,14302.0
604,2016,1,26,4,14197.0
605,2016,1,26,5,14465.0
606,2016,1,26,6,15266.0
607,2016,1,26,7,16438.0
608,2016,1,26,8,17156.0
609,2016,1,26,9,17116.0
610,2016,1,26,10,17086.0
611,2016,1,26,11,17006.0
612,2016,1,26,12,16940.0
613,2016,1,26,13,16913.0
614,2016,1,26,14,16886.0
615,2016,1,26,15,16806.0
616,2016,1,26,16,16776.0
617,2016,1,26,17,16888.0
618,2016,1,26,18,17383.0
619,2016,1,26,19,17747.0
620,2016,1,26,20,17638.0
621,2016,1,26,21,17408.0
622,2016,1,26,22,16873.0
623,2016,1,26,23,16036.0
624,2016,1,27,0,15271.0
625,2016,1,27,1,14821.0
626,2016,1,27,2,14592.0
627,2016,1,27,3,14529.0
628,2016,1,27,4,14528.0
629,2016,1,27,5,14885.0
630,2016,1,27,6,15693.0
631,2016,1,27,7,17071.0
632,2016,1,27,8,17976.0
633,2016,1,27,9,17893.0
634,2016,1,27,10,17711.0
635,2016,1,27,11,17586.0
636,2016,1,27,12,17291.0
637,2016,1,27,13,17072.0
638,2016,1,27,14,16825.0
639,2016,1,27,15,16415.0
640,2016,1,27,16,16236.0
641,2016,1,27,17,16457.0
642,2016,1,27,18,17189.0
643,2016,1,27,19,18154.0
644,2016,1,27,20,18331.0
645,2016,1,27,21,18348.0
646,2016,1,27,22,17988.0
647,2016,1,27,23,17293.0
648,2016,1,28,0,16647.0
649,2016,1,28,1,16297.0
650,2016,1,28,2,16226.0
651,2016,1,28,3,16261.0
652,2016,1,28,4,16433.0
653,2016,1,28,5,16780.0
654,2016,1,28,6,17683.0
655,2016,1,28,7,19067.0
656,2016,1,28,8,19852.0
657,2016,1,28,9,19561.0
658,2016,1,28,10,18899.0
659,2016,1,28,11,18223.0
660,2016,1,28,12,17573.0
661,2016,1,28,13,17020.0
662,2016,1,28,14,16506.0
663,2016,1,28,15,16167.0
664,2016,1,28,16,15885.0
665,2016,1,28,17,16057.0
666,2016,1,28,18,16750.0
667,2016,1,28,19,17442.0
668,2016,1,28,20,17448.0
669,2016,1,28,21,17415.0
670,2016,1,28,22,16920.0
671,2016,1,28,23,16183.0
672,2016,1,29,0,15359.0
673,2016,1,29,1,15005.0
674,2016,1,29,2,14720.0
675,2016,1,29,3,14605.0
676,2016,1,29,4,14740.0
677,2016,1,29,5,15055.0
678,2016,1,29,6,15807.0
679,2016,1,29,7,17225.0
680,2016,1,29,8,17992.0
681,2016,1,29,9,17955.0
682,2016,1,29,10,17898.0
683,2016,1,29,11,17850.0
684,2016,1,29,12,17568.0
685,2016,1,29,13,17196.0
686,2016,1,29,14,16833.0
687,2016,1,29,15,16413.0
688,2016,1,29,16,16089.0
689,2016,1,29,17,16027.0
690,2016,1,29,18,16620.0
691,2016,1,29,19,17398.0
692,2016,1,29,20,17465.0
693,2016,1,29,21,17374.0
694,2016,1,29,22,17120.0
695,2016,1,29,23,16574.0
696,2016,1,30,0,15995.0
697,2016,1,30,1,15563.0
698,2016,1,30,2,15262.0
699,2016,1,30,3,15175.0
700,2016,1,30,4,15194.0
701,2016,1,30,5,15285.0
702,2016,1,30,6,15624.0
703,2016,1,30,7,16168.0
704,2016,1,30,8,16624.0
705,2016,1,30,9,16784.0
706,2016,1,30,10,16354.0
707,2016,1,30,11,15619.0
708,2016,1,30,12,14906.0
709,2016,1,30,13,14341.0
710,2016,1,30,14,13843.0
711,2016,1,30,15,13393.0
712,2016,1,30,16,13210.0
713,2016,1,30,17,13203.0
714,2016,1,30,18,13713.0
715,2016,1,30,19,14586.0
716,2016,1,30,20,14669.0
717,2016,1,30,21,14564.0
718,2016,1,30,22,14328.0
719,2016,1,30,23,13880.0
720,2016,1,31,0,13398.0
721,2016,1,31,1,12996.0
722,2016,1,31,2,12841.0
723,2016,1,31,3,12700.0
724,2016,1,31,4,12676.0
725,2016,1,31,5,12777.0
726,2016,1,31,6,12999.0
727,2016,1,31,7,13365.0
728,2016,1,31,8,13889.0
729,2016,1,31,9,14243.0
730,2016,1,31,10,13993.0
731,2016,1,31,11,13685.0
732,2016,1,31,12,13396.0
733,2016,1,31,13,13231.0
734,2016,1,31,14,13035.0
735,2016,1,31,15,12875.0
736,2016,1,31,16,12813.0
737,2016,1,31,17,12954.0
738,2016,1,31,18,13531.0
739,2016,1,31,19,14316.0
740,2016,1,31,20,14301.0
741,2016,1,31,21,14225.0
742,2016,1,31,22,13800.0
743,2016,1,31,23,13193.0
744,2016,2,1,0,12636.0
745,2016,2,1,1,12159.0
746,2016,2,1,2,11985.0
747,2016,2,1,3,11894.0
748,2016,2,1,4,12137.0
749,2016,2,1,5,12378.0
750,2016,2,1,6,13456.0
751,2016,2,1,7,14960.0
752,2016,2,1,8,15741.0
753,2016,2,1,9,15644.0
754,2016,2,1,10,15488.0
755,2016,2,1,11,15508.0
756,2016,2,1,12,15346.0
757,2016,2,1,13,15260.0
758,2016,2,1,14,15084.0
759,2016,2,1,15,14860.0
760,2016,2,1,16,14722.0
761,2016,2,1,17,14754.0
762,2016,2,1,18,15104.0
763,2016,2,1,19,16115.0
764,2016,2,1,20,16227.0
765,2016,2,1,21,16043.0
766,2016,2,1,22,15583.0
767,2016,2,1,23,14872.0
768,2016,2,2,0,14229.0
769,2016,2,2,1,13730.0
770,2016,2,2,2,13595.0
771,2016,2,2,3,13472.0
772,2016,2,2,4,13618.0
773,2016,2,2,5,13943.0
774,2016,2,2,6,14741.0
775,2016,2,2,7,16202.0
776,2016,2,2,8,17033.0
777,2016,2,2,9,16608.0
778,2016,2,2,10,16425.0
779,2016,2,2,11,16062.0
780,2016,2,2,12,15712.0
781,2016,2,2,13,15401.0
782,2016,2,2,14,15187.0
783,2016,2,2,15,14950.0
784,2016,2,2,16,14698.0
785,2016,2,2,17,14781.0
786,2016,2,2,18,15258.0
787,2016,2,2,19,15860.0
788,2016,2,2,20,15840.0
789,2016,2,2,21,15558.0
790,2016,2,2,22,15007.0
791,2016,2,2,23,14206.0
792,2016,2,3,0,13432.0
793,2016,2,3,1,12856.0
794,2016,2,3,2,12401.0
795,2016,2,3,3,12302.0
796,2016,2,3,4,12307.0
797,2016,2,3,5,12534.0
798,2016,2,3,6,13267.0
799,2016,2,3,7,14599.0
800,2016,2,3,8,15212.0
801,2016,2,3,9,14970.0
802,2016,2,3,10,14981.0
803,2016,2,3,11,14958.0
804,2016,2,3,12,14899.0
805,2016,2,3,13,14674.0
806,2016,2,3,14,14590.0
807,2016,2,3,15,14379.0
808,2016,2,3,16,14260.0
809,2016,2,3,17,14362.0
810,2016,2,3,18,14719.0
811,2016,2,3,19,15589.0
812,2016,2,3,20,15659.0
813,2016,2,3,21,15598.0
814,2016,2,3,22,15161.0
815,2016,2,3,23,14491.0
816,2016,2,4,0,13767.0
817,2016,2,4,1,13360.0
818,2016,2,4,2,13182.0
819,2016,2,4,3,13143.0
820,2016,2,4,4,13266.0
821,2016,2,4,5,13598.0
822,2016,2,4,6,14505.0
823,2016,2,4,7,16047.0
824,2016,2,4,8,16920.0
825,2016,2,4,9,16902.0
826,2016,2,4,10,16930.0
827,2016,2,4,11,17002.0
828,2016,2,4,12,16818.0
829,2016,2,4,13,16741.0
830,2016,2,4,14,16637.0
831,2016,2,4,15,16445.0
832,2016,2,4,16,16370.0
833,2016,2,4,17,16540.0
834,2016,2,4,18,16991.0
835,2016,2,4,19,17595.0
836,2016,2,4,20,17683.0
837,2016,2,4,21,17549.0
838,2016,2,4,22,17155.0
839,2016,2,4,23,16285.0
840,2016,2,5,0,15606.0
841,2016,2,5,1,15257.0
842,2016,2,5,2,14976.0
843,2016,2,5,3,15127.0
844,2016,2,5,4,15248.0
845,2016,2,5,5,15622.0
846,2016,2,5,6,16588.0
847,2016,2,5,7,18169.0
848,2016,2,5,8,18831.0
849,2016,2,5,9,18515.0
850,2016,2,5,10,18009.0
851,2016,2,5,11,17429.0
852,2016,2,5,12,16799.0
853,2016,2,5,13,16372.0
854,2016,2,5,14,16038.0
855,2016,2,5,15,15603.0
856,2016,2,5,16,15321.0
857,2016,2,5,17,15385.0
858,2016,2,5,18,15898.0
859,2016,2,5,19,16862.0
860,2016,2,5,20,16864.0
861,2016,2,5,21,16812.0
862,2016,2,5,22,16669.0
863,2016,2,5,23,16107.0
864,2016,2,6,0,15442.0
865,2016,2,6,1,15047.0
866,2016,2,6,2,14866.0
867,2016,2,6,3,14710.0
868,2016,2,6,4,14778.0
869,2016,2,6,5,14967.0
870,2016,2,6,6,15449.0
871,2016,2,6,7,16026.0
872,2016,2,6,8,16608.0
873,2016,2,6,9,16895.0
874,2016,2,6,10,16619.0
875,2016,2,6,11,16062.0
876,2016,2,6,12,15442.0
877,2016,2,6,13,14831.0
878,2016,2,6,14,14340.0
879,2016,2,6,15,13995.0
880,2016,2,6,16,13866.0
881,2016,2,6,17,13968.0
882,2016,2,6,18,14435.0
883,2016,2,6,19,15408.0
884,2016,2,6,20,15654.0
885,2016,2,6,21,15538.0
886,2016,2,6,22,15361.0
887,2016,2,6,23,14990.0
888,2016,2,7,0,14545.0
889,2016,2,7,1,14242.0
890,2016,2,7,2,14177.0
891,2016,2,7,3,14162.0
892,2016,2,7,4,14247.0
893,2016,2,7,5,14402.0
894,2016,2,7,6,14752.0
895,2016,2,7,7,15166.0
896,2016,2,7,8,15606.0
897,2016,2,7,9,16068.0
898,2016,2,7,10,15996.0
899,2016,2,7,11,15241.0
900,2016,2,7,12,14617.0
901,2016,2,7,13,14356.0
902,2016,2,7,14,13949.0
903,2016,2,7,15,13732.0
904,2016,2,7,16,13653.0
905,2016,2,7,17,13807.0
906,2016,2,7,18,14388.0
907,2016,2,7,19,15076.0
908,2016,2,7,20,15003.0
909,2016,2,7,21,15048.0
910,2016,2,7,22,14976.0
911,2016,2,7,23,14740.0
912,2016,2,8,0,14458.0
913,2016,2,8,1,14018.0
914,2016,2,8,2,13890.0
915,2016,2,8,3,13817.0
916,2016,2,8,4,14048.0
917,2016,2,8,5,14426.0
918,2016,2,8,6,15410.0
919,2016,2,8,7,16962.0
920,2016,2,8,8,17721.0
921,2016,2,8,9,17547.0
922,2016,2,8,10,17377.0
923,2016,2,8,11,17272.0
924,2016,2,8,12,17015.0
925,2016,2,8,13,16805.0
926,2016,2,8,14,16638.0
927,2016,2,8,15,16505.0
928,2016,2,8,16,16541.0
929,2016,2,8,17,16753.0
930,2016,2,8,18,17148.0
931,2016,2,8,19,17912.0
932,2016,2,8,20,17940.0
933,2016,2,8,21,17807.0
934,2016,2,8,22,17549.0
935,2016,2,8,23,16543.0
936,2016,2,9,0,15814.0
937,2016,2,9,1,15543.0
938,2016,2,9,2,15313.0
939,2016,2,9,3,15362.0
940,2016,2,9,4,15539.0
941,2016,2,9,5,15902.0
942,2016,2,9,6,16780.0
943,2016,2,9,7,18098.0
944,2016,2,9,8,18828.0
945,2016,2,9,9,18850.0
946,2016,2,9,10,18842.0
947,2016,2,9,11,18860.0
948,2016,2,9,12,18656.0
949,2016,2,9,13,18674.0
950,2016,2,9,14,18623.0
951,2016,2,9,15,18589.0
952,2016,2,9,16,18570.0
953,2016,2,9,17,18795.0
954,2016,2,9,18,19235.0
955,2016,2,9,19,19952.0
956,2016,2,9,20,20014.0
957,2016,2,9,21,19802.0
958,2016,2,9,22,19266.0
959,2016,2,9,23,18379.0
960,2016,2,10,0,17697.0
961,2016,2,10,1,17257.0
962,2016,2,10,2,17134.0
963,2016,2,10,3,17041.0
964,2016,2,10,4,17243.0
965,2016,2,10,5,17619.0
966,2016,2,10,6,18394.0
967,2016,2,10,7,19806.0
968,2016,2,10,8,20419.0
969,2016,2,10,9,20312.0
970,2016,2,10,10,20191.0
971,2016,2,10,11,19935.0
972,2016,2,10,12,19680.0
973,2016,2,10,13,19358.0
974,2016,2,10,14,19294.0
975,2016,2,10,15,19126.0
976,2016,2,10,16,19159.0
977,2016,2,10,17,19305.0
978,2016,2,10,18,19926.0
979,2016,2,10,19,20733.0
980,2016,2,10,20,20796.0
981,2016,2,10,21,20724.0
982,2016,2,10,22,20217.0
983,2016,2,10,23,19359.0
984,2016,2,11,0,18644.0
985,2016,2,11,1,18305.0
986,2016,2,11,2,18130.0
987,2016,2,11,3,18110.0
988,2016,2,11,4,18218.0
989,2016,2,11,5,18535.0
990,2016,2,11,6,19355.0
991,2016,2,11,7,20748.0
992,2016,2,11,8,21135.0
993,2016,2,11,9,20937.0
994,2016,2,11,10,20429.0
995,2016,2,11,11,19881.0
996,2016,2,11,12,19304.0
997,2016,2,11,13,18828.0
998,2016,2,11,14,18525.0
999,2016,2,11,15,18089.0
1000,2016,2,11,16,17931.0
1001,2016,2,11,17,17992.0
1002,2016,2,11,18,18521.0
1003,2016,2,11,19,19553.0
1004,2016,2,11,20,19863.0
1005,2016,2,11,21,19897.0
1006,2016,2,11,22,19643.0
1007,2016,2,11,23,18958.0
1008,2016,2,12,0,18295.0
1009,2016,2,12,1,17713.0
1010,2016,2,12,2,17543.0
1011,2016,2,12,3,17633.0
1012,2016,2,12,4,17660.0
1013,2016,2,12,5,17951.0
1014,2016,2,12,6,18728.0
1015,2016,2,12,7,19876.0
1016,2016,2,12,8,20362.0
1017,2016,2,12,9,20190.0
1018,2016,2,12,10,19848.0
1019,2016,2,12,11,19631.0
1020,2016,2,12,12,19229.0
1021,2016,2,12,13,18925.0
1022,2016,2,12,14,18716.0
1023,2016,2,12,15,18494.0
1024,2016,2,12,16,18383.0
1025,2016,2,12,17,18392.0
1026,2016,2,12,18,18589.0
1027,2016,2,12,19,19139.0
1028,2016,2,12,20,18716.0
1029,2016,2,12,21,17995.0
1030,2016,2,12,22,17711.0
1031,2016,2,12,23,17112.0
1032,2016,2,13,0,16667.0
1033,2016,2,13,1,16450.0
1034,2016,2,13,2,16248.0
1035,2016,2,13,3,16298.0
1036,2016,2,13,4,16367.0
1037,2016,2,13,5,16762.0
1038,2016,2,13,6,17181.0
1039,2016,2,13,7,17820.0
1040,2016,2,13,8,18280.0
1041,2016,2,13,9,18684.0
1042,2016,2,13,10,18564.0
1043,2016,2,13,11,18387.0
1044,2016,2,13,12,17971.0
1045,2016,2,13,13,17726.0
1046,2016,2,13,14,17394.0
1047,2016,2,13,15,17097.0
1048,2016,2,13,16,17096.0
1049,2016,2,13,17,17184.0
1050,2016,2,13,18,17464.0
1051,2016,2,13,19,18549.0
1052,2016,2,13,20,18856.0
1053,2016,2,13,21,18826.0
1054,2016,2,13,22,18710.0
1055,2016,2,13,23,18450.0
1056,2016,2,14,0,18101.0
1057,2016,2,14,1,17854.0
1058,2016,2,14,2,17762.0
1059,2016,2,14,3,17856.0
1060,2016,2,14,4,17944.0
1061,2016,2,14,5,18016.0
1062,2016,2,14,6,18097.0
1063,2016,2,14,7,18587.0
1064,2016,2,14,8,18844.0
1065,2016,2,14,9,18958.0
1066,2016,2,14,10,18650.0
1067,2016,2,14,11,18179.0
1068,2016,2,14,12,17590.0
1069,2016,2,14,13,17205.0
1070,2016,2,14,14,16991.0
1071,2016,2,14,15,16868.0
1072,2016,2,14,16,16916.0
1073,2016,2,14,17,17323.0
1074,2016,2,14,18,17943.0
1075,2016,2,14,19,18683.0
1076,2016,2,14,20,18842.0
1077,2016,2,14,21,18862.0
1078,2016,2,14,22,18412.0
1079,2016,2,14,23,17813.0
1080,2016,2,15,0,17152.0
1081,2016,2,15,1,16898.0
1082,2016,2,15,2,16668.0
1083,2016,2,15,3,16540.0
1084,2016,2,15,4,16374.0
1085,2016,2,15,5,16611.0
1086,2016,2,15,6,17064.0
1087,2016,2,15,7,17761.0
1088,2016,2,15,8,18245.0
1089,2016,2,15,9,18394.0
1090,2016,2,15,10,18489.0
1091,2016,2,15,11,18503.0
1092,2016,2,15,12,18322.0
1093,2016,2,15,13,18179.0
1094,2016,2,15,14,17951.0
1095,2016,2,15,15,17637.0
1096,2016,2,15,16,17390.0
1097,2016,2,15,17,17413.0
1098,2016,2,15,18,17534.0
1099,2016,2,15,19,18066.0
1100,2016,2,15,20,18013.0
1101,2016,2,15,21,17555.0
1102,2016,2,15,22,16867.0
1103,2016,2,15,23,16109.0
1104,2016,2,16,0,15407.0
1105,2016,2,16,1,15796.0
1106,2016,2,16,2,15568.0
1107,2016,2,16,3,15442.0
1108,2016,2,16,4,15424.0
1109,2016,2,16,5,15578.0
1110,2016,2,16,6,16221.0
1111,2016,2,16,7,17055.0
1112,2016,2,16,8,17680.0
1113,2016,2,16,9,17753.0
1114,2016,2,16,10,17789.0
1115,2016,2,16,11,17759.0
1116,2016,2,16,12,17563.0
1117,2016,2,16,13,17332.0
1118,2016,2,16,14,17243.0
1119,2016,2,16,15,17079.0
1120,2016,2,16,16,16981.0
1121,2016,2,16,17,16962.0
1122,2016,2,16,18,17325.0
1123,2016,2,16,19,17915.0
1124,2016,2,16,20,17982.0
1125,2016,2,16,21,17705.0
1126,2016,2,16,22,17223.0
1127,2016,2,16,23,16518.0
1128,2016,2,17,0,15697.0
1129,2016,2,17,1,15228.0
1130,2016,2,17,2,14956.0
1131,2016,2,17,3,14940.0
1132,2016,2,17,4,14908.0
1133,2016,2,17,5,15189.0
1134,2016,2,17,6,15962.0
1135,2016,2,17,7,17349.0
1136,2016,2,17,8,17822.0
1137,2016,2,17,9,17758.0
1138,2016,2,17,10,17485.0
1139,2016,2,17,11,17319.0
1140,2016,2,17,12,17035.0
1141,2016,2,17,13,16767.0
1142,2016,2,17,14,16542.0
1143,2016,2,17,15,16319.0
1144,2016,2,17,16,16140.0
1145,2016,2,17,17,16345.0
1146,2016,2,17,18,16740.0
1147,2016,2,17,19,17584.0
1148,2016,2,17,20,17828.0
1149,2016,2,17,21,17625.0
1150,2016,2,17,22,17174.0
1151,2016,2,17,23,16466.0
1152,2016,2,18,0,15822.0
1153,2016,2,18,1,15302.0
1154,2016,2,18,2,15102.0
1155,2016,2,18,3,15012.0
1156,2016,2,18,4,15142.0
1157,2016,2,18,5,15511.0
1158,2016,2,18,6,16319.0
1159,2016,2,18,7,17865.0
1160,2016,2,18,8,18479.0
1161,2016,2,18,9,18198.0
1162,2016,2,18,10,17631.0
1163,2016,2,18,11,17191.0
1164,2016,2,18,12,16657.0
1165,2016,2,18,13,16218.0
1166,2016,2,18,14,15904.0
1167,2016,2,18,15,15532.0
1168,2016,2,18,16,15328.0
1169,2016,2,18,17,15518.0
1170,2016,2,18,18,15952.0
1171,2016,2,18,19,17013.0
1172,2016,2,18,20,17411.0
1173,2016,2,18,21,17434.0
1174,2016,2,18,22,17074.0
1175,2016,2,18,23,16359.0
1176,2016,2,19,0,15674.0
1177,2016,2,19,1,15156.0
1178,2016,2,19,2,15008.0
1179,2016,2,19,3,14903.0
1180,2016,2,19,4,15025.0
1181,2016,2,19,5,15224.0
1182,2016,2,19,6,16177.0
1183,2016,2,19,7,17472.0
1184,2016,2,19,8,17989.0
1185,2016,2,19,9,17598.0
1186,2016,2,19,10,17069.0
1187,2016,2,19,11,16501.0
1188,2016,2,19,12,15890.0
1189,2016,2,19,13,15395.0
1190,2016,2,19,14,15068.0
1191,2016,2,19,15,14664.0
1192,2016,2,19,16,14199.0
1193,2016,2,19,17,14276.0
1194,2016,2,19,18,14441.0
1195,2016,2,19,19,15005.0
1196,2016,2,19,20,14996.0
1197,2016,2,19,21,14795.0
1198,2016,2,19,22,14410.0
1199,2016,2,19,23,13765.0
1200,2016,2,20,0,13063.0
1201,2016,2,20,1,12570.0
1202,2016,2,20,2,12202.0
1203,2016,2,20,3,12090.0
1204,2016,2,20,4,12025.0
1205,2016,2,20,5,12114.0
1206,2016,2,20,6,12354.0
1207,2016,2,20,7,12894.0
1208,2016,2,20,8,13318.0
1209,2016,2,20,9,13634.0
1210,2016,2,20,10,13757.0
1211,2016,2,20,11,13683.0
1212,2016,2,20,12,13348.0
1213,2016,2,20,13,13050.0
1214,2016,2,20,14,12708.0
1215,2016,2,20,15,12436.0
1216,2016,2,20,16,12283.0
1217,2016,2,20,17,12241.0
1218,2016,2,20,18,12351.0
1219,2016,2,20,19,12976.0
1220,2016,2,20,20,13190.0
1221,2016,2,20,21,13075.0
1222,2016,2,20,22,12812.0
1223,2016,2,20,23,12417.0
1224,2016,2,21,0,11913.0
1225,2016,2,21,1,11542.0
1226,2016,2,21,2,11293.0
1227,2016,2,21,3,11223.0
1228,2016,2,21,4,11265.0
1229,2016,2,21,5,11321.0
1230,2016,2,21,6,11530.0
1231,2016,2,21,7,11967.0
1232,2016,2,21,8,12399.0
1233,2016,2,21,9,12837.0
1234,2016,2,21,10,13136.0
1235,2016,2,21,11,13075.0
1236,2016,2,21,12,12986.0
1237,2016,2,21,13,13047.0
1238,2016,2,21,14,12933.0
1239,2016,2,21,15,12732.0
1240,2016,2,21,16,12666.0
1241,2016,2,21,17,12834.0
1242,2016,2,21,18,13201.0
1243,2016,2,21,19,13939.0
1244,2016,2,21,20,14425.0
1245,2016,2,21,21,14271.0
1246,2016,2,21,22,13820.0
1247,2016,2,21,23,13250.0
1248,2016,2,22,0,12917.0
1249,2016,2,22,1,12536.0
1250,2016,2,22,2,12420.0
1251,2016,2,22,3,12499.0
1252,2016,2,22,4,12678.0
1253,2016,2,22,5,13070.0
1254,2016,2,22,6,14017.0
1255,2016,2,22,7,15595.0
1256,2016,2,22,8,16273.0
1257,2016,2,22,9,16214.0
1258,2016,2,22,10,16014.0
1259,2016,2,22,11,15686.0
1260,2016,2,22,12,15980.0
1261,2016,2,22,13,15381.0
1262,2016,2,22,14,15103.0
1263,2016,2,22,15,14844.0
1264,2016,2,22,16,14716.0
1265,2016,2,22,17,14653.0
1266,2016,2,22,18,14985.0
1267,2016,2,22,19,15848.0
1268,2016,2,22,20,16246.0
1269,2016,2,22,21,16087.0
1270,2016,2,22,22,15615.0
1271,2016,2,22,23,14878.0
1272,2016,2,23,0,14140.0
1273,2016,2,23,1,13684.0
1274,2016,2,23,2,13428.0
1275,2016,2,23,3,13367.0
1276,2016,2,23,4,13490.0
1277,2016,2,23,5,13873.0
1278,2016,2,23,6,14712.0
1279,2016,2,23,7,16094.0
1280,2016,2,23,8,16759.0
1281,2016,2,23,9,16481.0
1282,2016,2,23,10,16228.0
1283,2016,2,23,11,15953.0
1284,2016,2,23,12,15593.0
1285,2016,2,23,13,15316.0
1286,2016,2,23,14,15044.0
1287,2016,2,23,15,14742.0
1288,2016,2,23,16,14578.0
1289,2016,2,23,17,14582.0
1290,2016,2,23,18,14925.0
1291,2016,2,23,19,15709.0
1292,2016,2,23,20,15996.0
1293,2016,2,23,21,15819.0
1294,2016,2,23,22,15279.0
1295,2016,2,23,23,14511.0
1296,2016,2,24,0,13896.0
1297,2016,2,24,1,13378.0
1298,2016,2,24,2,13159.0
1299,2016,2,24,3,13152.0
1300,2016,2,24,4,13251.0
1301,2016,2,24,5,13710.0
1302,2016,2,24,6,14468.0
1303,2016,2,24,7,15817.0
1304,2016,2,24,8,16424.0
1305,2016,2,24,9,16261.0
1306,2016,2,24,10,16108.0
1307,2016,2,24,11,16098.0
1308,2016,2,24,12,15960.0
1309,2016,2,24,13,15834.0
1310,2016,2,24,14,15508.0
1311,2016,2,24,15,15140.0
1312,2016,2,24,16,14978.0
1313,2016,2,24,17,14989.0
1314,2016,2,24,18,15268.0
1315,2016,2,24,19,15864.0
1316,2016,2,24,20,16100.0
1317,2016,2,24,21,15863.0
1318,2016,2,24,22,15519.0
1319,2016,2,24,23,14952.0
1320,2016,2,25,0,14326.0
1321,2016,2,25,1,14000.0
1322,2016,2,25,2,13902.0
1323,2016,2,25,3,13929.0
1324,2016,2,25,4,14028.0
1325,2016,2,25,5,14484.0
1326,2016,2,25,6,15323.0
1327,2016,2,25,7,16760.0
1328,2016,2,25,8,17370.0
1329,2016,2,25,9,17435.0
1330,2016,2,25,10,17526.0
1331,2016,2,25,11,17572.0
1332,2016,2,25,12,17475.0
1333,2016,2,25,13,17055.0
1334,2016,2,25,14,17259.0
1335,2016,2,25,15,17076.0
1336,2016,2,25,16,17004.0
1337,2016,2,25,17,17129.0
1338,2016,2,25,18,17455.0
1339,2016,2,25,19,18034.0
1340,2016,2,25,20,18222.0
1341,2016,2,25,21,17934.0
1342,2016,2,25,22,17370.0
1343,2016,2,25,23,16594.0
1344,2016,2,26,0,15882.0
1345,2016,2,26,1,15360.0
1346,2016,2,26,2,15089.0
1347,2016,2,26,3,15041.0
1348,2016,2,26,4,15098.0
1349,2016,2,26,5,15458.0
1350,2016,2,26,6,16269.0
1351,2016,2,26,7,17686.0
1352,2016,2,26,8,18238.0
1353,2016,2,26,9,18121.0
1354,2016,2,26,10,18020.0
1355,2016,2,26,11,17783.0
1356,2016,2,26,12,17497.0
1357,2016,2,26,13,17221.0
1358,2016,2,26,14,16909.0
1359,2016,2,26,15,16620.0
1360,2016,2,26,16,16394.0
1361,2016,2,26,17,16316.0
1362,2016,2,26,18,16563.0
1363,2016,2,26,19,17135.0
1364,2016,2,26,20,17217.0
1365,2016,2,26,21,17055.0
1366,2016,2,26,22,16651.0
1367,2016,2,26,23,16121.0
1368,2016,2,27,0,15380.0
1369,2016,2,27,1,14810.0
1370,2016,2,27,2,14540.0
1371,2016,2,27,3,14340.0
1372,2016,2,27,4,14316.0
1373,2016,2,27,5,14456.0
1374,2016,2,27,6,14705.0
1375,2016,2,27,7,15198.0
1376,2016,2,27,8,15575.0
1377,2016,2,27,9,15903.0
1378,2016,2,27,10,15764.0
1379,2016,2,27,11,15513.0
1380,2016,2,27,12,15007.0
1381,2016,2,27,13,14481.0
1382,2016,2,27,14,13889.0
1383,2016,2,27,15,13529.0
1384,2016,2,27,16,13240.0
1385,2016,2,27,17,13168.0
1386,2016,2,27,18,13405.0
1387,2016,2,27,19,14227.0
1388,2016,2,27,20,14846.0
1389,2016,2,27,21,14875.0
1390,2016,2,27,22,14683.0
1391,2016,2,27,23,14332.0
1392,2016,2,28,0,13867.0
1393,2016,2,28,1,13455.0
1394,2016,2,28,2,13291.0
1395,2016,2,28,3,13269.0
1396,2016,2,28,4,13252.0
1397,2016,2,28,5,13384.0
1398,2016,2,28,6,13675.0
1399,2016,2,28,7,13994.0
1400,2016,2,28,8,14251.0
1401,2016,2,28,9,14435.0
1402,2016,2,28,10,13973.0
1403,2016,2,28,11,13505.0
1404,2016,2,28,12,13041.0
1405,2016,2,28,13,12728.0
1406,2016,2,28,14,12422.0
1407,2016,2,28,15,12120.0
1408,2016,2,28,16,12020.0
1409,2016,2,28,17,12055.0
1410,2016,2,28,18,12440.0
1411,2016,2,28,19,13125.0
1412,2016,2,28,20,13653.0
1413,2016,2,28,21,13616.0
1414,2016,2,28,22,13228.0
1415,2016,2,28,23,12810.0
1416,2016,2,29,0,12332.0
1417,2016,2,29,1,11946.0
1418,2016,2,29,2,11743.0
1419,2016,2,29,3,11635.0
1420,2016,2,29,4,11744.0
1421,2016,2,29,5,12161.0
1422,2016,2,29,6,13024.0
1423,2016,2,29,7,14595.0
1424,2016,2,29,8,15377.0
1425,2016,2,29,9,15489.0
1426,2016,2,29,10,15380.0
1427,2016,2,29,11,15341.0
1428,2016,2,29,12,15127.0
1429,2016,2,29,13,14774.0
1430,2016,2,29,14,14527.0
1431,2016,2,29,15,14212.0
1432,2016,2,29,16,13848.0
1433,2016,2,29,17,13712.0
1434,2016,2,29,18,13846.0
1435,2016,2,29,19,14705.0
1436,2016,2,29,20,15309.0
1437,2016,2,29,21,15250.0
1438,2016,2,29,22,14886.0
1439,2016,2,29,23,14233.0
1440,2016,3,1,0,13639.0
1441,2016,3,1,1,13304.0
1442,2016,3,1,2,13192.0
1443,2016,3,1,3,13171.0
1444,2016,3,1,4,13384.0
1445,2016,3,1,5,13814.0
1446,2016,3,1,6,14842.0
1447,2016,3,1,7,16368.0
1448,2016,3,1,8,16852.0
1449,2016,3,1,9,16490.0
1450,2016,3,1,10,15940.0
1451,2016,3,1,11,15449.0
1452,2016,3,1,12,15086.0
1453,2016,3,1,13,14874.0
1454,2016,3,1,14,14742.0
1455,2016,3,1,15,14621.0
1456,2016,3,1,16,14458.0
1457,2016,3,1,17,14644.0
1458,2016,3,1,18,14869.0
1459,2016,3,1,19,15425.0
1460,2016,3,1,20,15814.0
1461,2016,3,1,21,15645.0
1462,2016,3,1,22,15249.0
1463,2016,3,1,23,14698.0
1464,2016,3,2,0,14017.0
1465,2016,3,2,1,13738.0
1466,2016,3,2,2,13627.0
1467,2016,3,2,3,13763.0
1468,2016,3,2,4,13889.0
1469,2016,3,2,5,14368.0
1470,2016,3,2,6,15286.0
1471,2016,3,2,7,16822.0
1472,2016,3,2,8,17472.0
1473,2016,3,2,9,17464.0
1474,2016,3,2,10,17412.0
1475,2016,3,2,11,17292.0
1476,2016,3,2,12,17159.0
1477,2016,3,2,13,16996.0
1478,2016,3,2,14,16744.0
1479,2016,3,2,15,16384.0
1480,2016,3,2,16,16054.0
1481,2016,3,2,17,16062.0
1482,2016,3,2,18,16260.0
1483,2016,3,2,19,17137.0
1484,2016,3,2,20,17791.0
1485,2016,3,2,21,17826.0
1486,2016,3,2,22,17450.0
1487,2016,3,2,23,16657.0
1488,2016,3,3,0,16154.0
1489,2016,3,3,1,15786.0
1490,2016,3,3,2,15666.0
1491,2016,3,3,3,15650.0
1492,2016,3,3,4,15741.0
1493,2016,3,3,5,16127.0
1494,2016,3,3,6,16865.0
1495,2016,3,3,7,18289.0
1496,2016,3,3,8,18664.0
1497,2016,3,3,9,18363.0
1498,2016,3,3,10,17894.0
1499,2016,3,3,11,17606.0
1500,2016,3,3,12,17286.0
1501,2016,3,3,13,17145.0
1502,2016,3,3,14,17229.0
1503,2016,3,3,15,17106.0
1504,2016,3,3,16,17059.0
1505,2016,3,3,17,17238.0
1506,2016,3,3,18,17511.0
1507,2016,3,3,19,18147.0
1508,2016,3,3,20,18391.0
1509,2016,3,3,21,18194.0
1510,2016,3,3,22,17535.0
1511,2016,3,3,23,16586.0
1512,2016,3,4,0,15836.0
1513,2016,3,4,1,15288.0
1514,2016,3,4,2,15101.0
1515,2016,3,4,3,15006.0
1516,2016,3,4,4,14958.0
1517,2016,3,4,5,15256.0
1518,2016,3,4,6,15937.0
1519,2016,3,4,7,17242.0
1520,2016,3,4,8,17644.0
1521,2016,3,4,9,17534.0
1522,2016,3,4,10,17454.0
1523,2016,3,4,11,17264.0
1524,2016,3,4,12,17058.0
1525,2016,3,4,13,16788.0
1526,2016,3,4,14,16543.0
1527,2016,3,4,15,16239.0
1528,2016,3,4,16,16032.0
1529,2016,3,4,17,16032.0
1530,2016,3,4,18,16121.0
1531,2016,3,4,19,16562.0
1532,2016,3,4,20,16714.0
1533,2016,3,4,21,16616.0
1534,2016,3,4,22,16249.0
1535,2016,3,4,23,15553.0
1536,2016,3,5,0,14818.0
1537,2016,3,5,1,14309.0
1538,2016,3,5,2,14098.0
1539,2016,3,5,3,14100.0
1540,2016,3,5,4,14048.0
1541,2016,3,5,5,14233.0
1542,2016,3,5,6,14603.0
1543,2016,3,5,7,15163.0
1544,2016,3,5,8,15539.0
1545,2016,3,5,9,15840.0
1546,2016,3,5,10,15745.0
1547,2016,3,5,11,15521.0
1548,2016,3,5,12,15162.0
1549,2016,3,5,13,14759.0
1550,2016,3,5,14,14521.0
1551,2016,3,5,15,14371.0
1552,2016,3,5,16,14344.0
1553,2016,3,5,17,14530.0
1554,2016,3,5,18,14773.0
1555,2016,3,5,19,15237.0
1556,2016,3,5,20,15396.0
1557,2016,3,5,21,15146.0
1558,2016,3,5,22,14757.0
1559,2016,3,5,23,14215.0
1560,2016,3,6,0,13572.0
1561,2016,3,6,1,13166.0
1562,2016,3,6,2,13013.0
1563,2016,3,6,3,12854.0
1564,2016,3,6,4,12864.0
1565,2016,3,6,5,13049.0
1566,2016,3,6,6,13253.0
1567,2016,3,6,7,13695.0
1568,2016,3,6,8,14112.0
1569,2016,3,6,9,14553.0
1570,2016,3,6,10,14689.0
1571,2016,3,6,11,14568.0
1572,2016,3,6,12,14344.0
1573,2016,3,6,13,14101.0
1574,2016,3,6,14,13748.0
1575,2016,3,6,15,13389.0
1576,2016,3,6,16,13163.0
1577,2016,3,6,17,13192.0
1578,2016,3,6,18,13494.0
1579,2016,3,6,19,14404.0
1580,2016,3,6,20,15164.0
1581,2016,3,6,21,15218.0
1582,2016,3,6,22,14939.0
1583,2016,3,6,23,14491.0
1584,2016,3,7,0,14087.0
1585,2016,3,7,1,13777.0
1586,2016,3,7,2,13705.0
1587,2016,3,7,3,13775.0
1588,2016,3,7,4,13894.0
1589,2016,3,7,5,14237.0
1590,2016,3,7,6,15086.0
1591,2016,3,7,7,16563.0
1592,2016,3,7,8,16927.0
1593,2016,3,7,9,16565.0
1594,2016,3,7,10,16047.0
1595,2016,3,7,11,15635.0
1596,2016,3,7,12,15275.0
1597,2016,3,7,13,14873.0
1598,2016,3,7,14,14567.0
1599,2016,3,7,15,14255.0
1600,2016,3,7,16,13993.0
1601,2016,3,7,17,13807.0
1602,2016,3,7,18,13969.0
1603,2016,3,7,19,14702.0
1604,2016,3,7,20,15098.0
1605,2016,3,7,21,14897.0
1606,2016,3,7,22,14365.0
1607,2016,3,7,23,13613.0
1608,2016,3,8,0,12975.0
1609,2016,3,8,1,12463.0
1610,2016,3,8,2,12170.0
1611,2016,3,8,3,12127.0
1612,2016,3,8,4,12159.0
1613,2016,3,8,5,12570.0
1614,2016,3,8,6,13402.0
1615,2016,3,8,7,14871.0
1616,2016,3,8,8,15353.0
1617,2016,3,8,9,15171.0
1618,2016,3,8,10,14808.0
1619,2016,3,8,11,14547.0
1620,2016,3,8,12,14337.0
1621,2016,3,8,13,14236.0
1622,2016,3,8,14,13974.0
1623,2016,3,8,15,13974.0
1624,2016,3,8,16,13679.0
1625,2016,3,8,17,13654.0
1626,2016,3,8,18,13635.0
1627,2016,3,8,19,13911.0
1628,2016,3,8,20,14526.0
1629,2016,3,8,21,14249.0
1630,2016,3,8,22,13750.0
1631,2016,3,8,23,12916.0
1632,2016,3,9,0,12155.0
1633,2016,3,9,1,11739.0
1634,2016,3,9,2,11472.0
1635,2016,3,9,3,11424.0
1636,2016,3,9,4,11520.0
1637,2016,3,9,5,11900.0
1638,2016,3,9,6,12786.0
1639,2016,3,9,7,14230.0
1640,2016,3,9,8,14679.0
1641,2016,3,9,9,14588.0
1642,2016,3,9,10,14460.0
1643,2016,3,9,11,14327.0
1644,2016,3,9,12,14179.0
1645,2016,3,9,13,14152.0
1646,2016,3,9,14,14094.0
1647,2016,3,9,15,13963.0
1648,2016,3,9,16,13812.0
1649,2016,3,9,17,13713.0
1650,2016,3,9,18,13790.0
1651,2016,3,9,19,14353.0
1652,2016,3,9,20,14676.0
1653,2016,3,9,21,14465.0
1654,2016,3,9,22,13956.0
1655,2016,3,9,23,12963.0
1656,2016,3,10,0,12141.0
1657,2016,3,10,1,11504.0
1658,2016,3,10,2,11209.0
1659,2016,3,10,3,11177.0
1660,2016,3,10,4,11192.0
1661,2016,3,10,5,11470.0
1662,2016,3,10,6,12269.0
1663,2016,3,10,7,13664.0
1664,2016,3,10,8,14247.0
1665,2016,3,10,9,14284.0
1666,2016,3,10,10,14270.0
1667,2016,3,10,11,14467.0
1668,2016,3,10,12,14408.0
1669,2016,3,10,13,14452.0
1670,2016,3,10,14,14431.0
1671,2016,3,10,15,14309.0
1672,2016,3,10,16,14269.0
1673,2016,3,10,17,14266.0
1674,2016,3,10,18,14409.0
1675,2016,3,10,19,14739.0
1676,2016,3,10,20,14951.0
1677,2016,3,10,21,14707.0
1678,2016,3,10,22,14029.0
1679,2016,3,10,23,13176.0
1680,2016,3,11,0,12380.0
1681,2016,3,11,1,11740.0
1682,2016,3,11,2,11372.0
1683,2016,3,11,3,11246.0
1684,2016,3,11,4,11206.0
1685,2016,3,11,5,11425.0
1686,2016,3,11,6,12117.0
1687,2016,3,11,7,13503.0
1688,2016,3,11,8,14042.0
1689,2016,3,11,9,14246.0
1690,2016,3,11,10,14378.0
1691,2016,3,11,11,14362.0
1692,2016,3,11,12,14260.0
1693,2016,3,11,13,13994.0
1694,2016,3,11,14,13886.0
1695,2016,3,11,15,13580.0
1696,2016,3,11,16,13354.0
1697,2016,3,11,17,13211.0
1698,2016,3,11,18,13126.0
1699,2016,3,11,19,13378.0
1700,2016,3,11,20,13814.0
1701,2016,3,11,21,13690.0
1702,2016,3,11,22,13382.0
1703,2016,3,11,23,12747.0
1704,2016,3,12,0,12062.0
1705,2016,3,12,1,11575.0
1706,2016,3,12,2,11284.0
1707,2016,3,12,3,11095.0
1708,2016,3,12,4,11043.0
1709,2016,3,12,5,11001.0
1710,2016,3,12,6,11362.0
1711,2016,3,12,7,11821.0
1712,2016,3,12,8,12043.0
1713,2016,3,12,9,12581.0
1714,2016,3,12,10,12896.0
1715,2016,3,12,11,12875.0
1716,2016,3,12,12,12691.0
1717,2016,3,12,13,12449.0
1718,2016,3,12,14,12233.0
1719,2016,3,12,15,12116.0
1720,2016,3,12,16,12117.0
1721,2016,3,12,17,12078.0
1722,2016,3,12,18,12143.0
1723,2016,3,12,19,12520.0
1724,2016,3,12,20,12901.0
1725,2016,3,12,21,12749.0
1726,2016,3,12,22,12357.0
1727,2016,3,12,23,11767.0
1728,2016,3,13,0,11180.0
1729,2016,3,13,1,10671.0
1730,2016,3,13,2,10314.0
1731,2016,3,13,4,10236.0
1732,2016,3,13,5,10220.0
1733,2016,3,13,6,10362.0
1734,2016,3,13,7,10666.0
1735,2016,3,13,8,11134.0
1736,2016,3,13,9,11530.0
1737,2016,3,13,10,11884.0
1738,2016,3,13,11,12075.0
1739,2016,3,13,12,12334.0
1740,2016,3,13,13,12530.0
1741,2016,3,13,14,12520.0
1742,2016,3,13,15,12464.0
1743,2016,3,13,16,12451.0
1744,2016,3,13,17,12532.0
1745,2016,3,13,18,12696.0
1746,2016,3,13,19,12818.0
1747,2016,3,13,20,13312.0
1748,2016,3,13,21,13634.0
1749,2016,3,13,22,13319.0
1750,2016,3,13,23,12583.0
1751,2016,3,14,0,11907.0
1752,2016,3,14,1,11362.0
1753,2016,3,14,2,11039.0
1754,2016,3,14,3,10962.0
1755,2016,3,14,4,10861.0
1756,2016,3,14,5,11332.0
1757,2016,3,14,6,11965.0
1758,2016,3,14,7,13435.0
1759,2016,3,14,8,14379.0
1760,2016,3,14,9,14369.0
1761,2016,3,14,10,14343.0
1762,2016,3,14,11,14363.0
1763,2016,3,14,12,14345.0
1764,2016,3,14,13,14323.0
1765,2016,3,14,14,14418.0
1766,2016,3,14,15,14212.0
1767,2016,3,14,16,14113.0
1768,2016,3,14,17,14008.0
1769,2016,3,14,18,14024.0
1770,2016,3,14,19,13970.0
1771,2016,3,14,20,14283.0
1772,2016,3,14,21,14487.0
1773,2016,3,14,22,14041.0
1774,2016,3,14,23,13261.0
1775,2016,3,15,0,12416.0
1776,2016,3,15,1,11800.0
1777,2016,3,15,2,11460.0
1778,2016,3,15,3,11308.0
1779,2016,3,15,4,11270.0
1780,2016,3,15,5,11428.0
1781,2016,3,15,6,12120.0
1782,2016,3,15,7,13575.0
1783,2016,3,15,8,14380.0
1784,2016,3,15,9,14345.0
1785,2016,3,15,10,14277.0
1786,2016,3,15,11,14367.0
1787,2016,3,15,12,14157.0
1788,2016,3,15,13,14148.0
1789,2016,3,15,14,14094.0
1790,2016,3,15,15,13932.0
1791,2016,3,15,16,13753.0
1792,2016,3,15,17,13619.0
1793,2016,3,15,18,13633.0
1794,2016,3,15,19,13569.0
1795,2016,3,15,20,13868.0
1796,2016,3,15,21,14475.0
1797,2016,3,15,22,14043.0
1798,2016,3,15,23,13208.0
1799,2016,3,16,0,12185.0
1800,2016,3,16,1,11585.0
1801,2016,3,16,2,11172.0
1802,2016,3,16,3,10992.0
1803,2016,3,16,4,10906.0
1804,2016,3,16,5,11125.0
1805,2016,3,16,6,11927.0
1806,2016,3,16,7,13388.0
1807,2016,3,16,8,14181.0
1808,2016,3,16,9,14228.0
1809,2016,3,16,10,14102.0
1810,2016,3,16,11,14099.0
1811,2016,3,16,12,14135.0
1812,2016,3,16,13,14144.0
1813,2016,3,16,14,14156.0
1814,2016,3,16,15,13991.0
1815,2016,3,16,16,13806.0
1816,2016,3,16,17,13702.0
1817,2016,3,16,18,13745.0
1818,2016,3,16,19,13627.0
1819,2016,3,16,20,13927.0
1820,2016,3,16,21,14517.0
1821,2016,3,16,22,14165.0
1822,2016,3,16,23,13266.0
1823,2016,3,17,0,12444.0
1824,2016,3,17,1,11931.0
1825,2016,3,17,2,11540.0
1826,2016,3,17,3,11452.0
1827,2016,3,17,4,11483.0
1828,2016,3,17,5,11792.0
1829,2016,3,17,6,12571.0
1830,2016,3,17,7,14099.0
1831,2016,3,17,8,15078.0
1832,2016,3,17,9,14756.0
1833,2016,3,17,10,14681.0
1834,2016,3,17,11,14485.0
1835,2016,3,17,12,14329.0
1836,2016,3,17,13,14289.0
1837,2016,3,17,14,14142.0
1838,2016,3,17,15,13815.0
1839,2016,3,17,16,13550.0
1840,2016,3,17,17,13488.0
1841,2016,3,17,18,13372.0
1842,2016,3,17,19,13317.0
1843,2016,3,17,20,13725.0
1844,2016,3,17,21,14408.0
1845,2016,3,17,22,14048.0
1846,2016,3,17,23,13395.0
1847,2016,3,18,0,12609.0
1848,2016,3,18,1,12077.0
1849,2016,3,18,2,11876.0
1850,2016,3,18,3,11760.0
1851,2016,3,18,4,11914.0
1852,2016,3,18,5,12233.0
1853,2016,3,18,6,13073.0
1854,2016,3,18,7,14673.0
1855,2016,3,18,8,15566.0
1856,2016,3,18,9,15403.0
1857,2016,3,18,10,15069.0
1858,2016,3,18,11,14614.0
1859,2016,3,18,12,14318.0
1860,2016,3,18,13,14048.0
1861,2016,3,18,14,13850.0
1862,2016,3,18,15,13601.0
1863,2016,3,18,16,13243.0
1864,2016,3,18,17,13065.0
1865,2016,3,18,18,12938.0
1866,2016,3,18,19,12809.0
1867,2016,3,18,20,13167.0
1868,2016,3,18,21,13735.0
1869,2016,3,18,22,13566.0
1870,2016,3,18,23,13036.0
1871,2016,3,19,0,12382.0
1872,2016,3,19,1,11895.0
1873,2016,3,19,2,11535.0
1874,2016,3,19,3,11368.0
1875,2016,3,19,4,11417.0
1876,2016,3,19,5,11553.0
1877,2016,3,19,6,11889.0
1878,2016,3,19,7,12383.0
1879,2016,3,19,8,12989.0
1880,2016,3,19,9,13468.0
1881,2016,3,19,10,13933.0
1882,2016,3,19,11,14224.0
1883,2016,3,19,12,14223.0
1884,2016,3,19,13,14063.0
1885,2016,3,19,14,13734.0
1886,2016,3,19,15,13532.0
1887,2016,3,19,16,13404.0
1888,2016,3,19,17,13359.0
1889,2016,3,19,18,13415.0
1890,2016,3,19,19,13390.0
1891,2016,3,19,20,13840.0
1892,2016,3,19,21,14371.0
1893,2016,3,19,22,14146.0
1894,2016,3,19,23,13620.0
1895,2016,3,20,0,12994.0
1896,2016,3,20,1,12641.0
1897,2016,3,20,2,12350.0
1898,2016,3,20,3,12288.0
1899,2016,3,20,4,12258.0
1900,2016,3,20,5,12393.0
1901,2016,3,20,6,12593.0
1902,2016,3,20,7,13054.0
1903,2016,3,20,8,13609.0
1904,2016,3,20,9,13969.0
1905,2016,3,20,10,14215.0
1906,2016,3,20,11,14028.0
1907,2016,3,20,12,13746.0
1908,2016,3,20,13,13621.0
1909,2016,3,20,14,13415.0
1910,2016,3,20,15,13238.0
1911,2016,3,20,16,13125.0
1912,2016,3,20,17,13259.0
1913,2016,3,20,18,13511.0
1914,2016,3,20,19,13599.0
1915,2016,3,20,20,14315.0
1916,2016,3,20,21,14990.0
1917,2016,3,20,22,14670.0
1918,2016,3,20,23,14205.0
1919,2016,3,21,0,13608.0
1920,2016,3,21,1,13191.0
1921,2016,3,21,2,13165.0
1922,2016,3,21,3,13193.0
1923,2016,3,21,4,13333.0
1924,2016,3,21,5,13789.0
1925,2016,3,21,6,14840.0
1926,2016,3,21,7,16347.0
1927,2016,3,21,8,17330.0
1928,2016,3,21,9,17029.0
1929,2016,3,21,10,16562.0
1930,2016,3,21,11,16226.0
1931,2016,3,21,12,15814.0
1932,2016,3,21,13,15354.0
1933,2016,3,21,14,15019.0
1934,2016,3,21,15,14661.0
1935,2016,3,21,16,14347.0
1936,2016,3,21,17,14152.0
1937,2016,3,21,18,14066.0
1938,2016,3,21,19,14142.0
1939,2016,3,21,20,14729.0
1940,2016,3,21,21,15537.0
1941,2016,3,21,22,15245.0
1942,2016,3,21,23,14630.0
1943,2016,3,22,0,13845.0
1944,2016,3,22,1,13491.0
1945,2016,3,22,2,13325.0
1946,2016,3,22,3,13344.0
1947,2016,3,22,4,13508.0
1948,2016,3,22,5,13857.0
1949,2016,3,22,6,14716.0
1950,2016,3,22,7,16069.0
1951,2016,3,22,8,16812.0
1952,2016,3,22,9,16455.0
1953,2016,3,22,10,15957.0
1954,2016,3,22,11,15379.0
1955,2016,3,22,12,14881.0
1956,2016,3,22,13,14478.0
1957,2016,3,22,14,14235.0
1958,2016,3,22,15,13907.0
1959,2016,3,22,16,13562.0
1960,2016,3,22,17,13432.0
1961,2016,3,22,18,13311.0
1962,2016,3,22,19,13383.0
1963,2016,3,22,20,13859.0
1964,2016,3,22,21,14491.0
1965,2016,3,22,22,14034.0
1966,2016,3,22,23,13215.0
1967,2016,3,23,0,12467.0
1968,2016,3,23,1,11922.0
1969,2016,3,23,2,11733.0
1970,2016,3,23,3,11524.0
1971,2016,3,23,4,11590.0
1972,2016,3,23,5,11939.0
1973,2016,3,23,6,12764.0
1974,2016,3,23,7,14157.0
1975,2016,3,23,8,14825.0
1976,2016,3,23,9,14616.0
1977,2016,3,23,10,14289.0
1978,2016,3,23,11,14021.0
1979,2016,3,23,12,13812.0
1980,2016,3,23,13,13606.0
1981,2016,3,23,14,13568.0
1982,2016,3,23,15,13401.0
1983,2016,3,23,16,13209.0
1984,2016,3,23,17,13202.0
1985,2016,3,23,18,13218.0
1986,2016,3,23,19,13247.0
1987,2016,3,23,20,13547.0
1988,2016,3,23,21,14057.0
1989,2016,3,23,22,13779.0
1990,2016,3,23,23,12931.0
1991,2016,3,24,0,12249.0
1992,2016,3,24,1,11606.0
1993,2016,3,24,2,11373.0
1994,2016,3,24,3,11303.0
1995,2016,3,24,4,11376.0
1996,2016,3,24,5,11565.0
1997,2016,3,24,6,12350.0
1998,2016,3,24,7,13790.0
1999,2016,3,24,8,14471.0
2000,2016,3,24,9,14550.0
2001,2016,3,24,10,14478.0
2002,2016,3,24,11,14391.0
2003,2016,3,24,12,14176.0
2004,2016,3,24,13,14163.0
2005,2016,3,24,14,14036.0
2006,2016,3,24,15,13888.0
2007,2016,3,24,16,13735.0
2008,2016,3,24,17,13691.0
2009,2016,3,24,18,13588.0
2010,2016,3,24,19,13554.0
2011,2016,3,24,20,13714.0
2012,2016,3,24,21,13889.0
2013,2016,3,24,22,13467.0
2014,2016,3,24,23,12630.0
2015,2016,3,25,0,11791.0
2016,2016,3,25,1,11192.0
2017,2016,3,25,2,10803.0
2018,2016,3,25,3,10643.0
2019,2016,3,25,4,10659.0
2020,2016,3,25,5,10807.0
2021,2016,3,25,6,11308.0
2022,2016,3,25,7,12153.0
2023,2016,3,25,8,13087.0
2024,2016,3,25,9,13404.0
2025,2016,3,25,10,13770.0
2026,2016,3,25,11,13984.0
2027,2016,3,25,12,14009.0
2028,2016,3,25,13,13830.0
2029,2016,3,25,14,13652.0
2030,2016,3,25,15,13422.0
2031,2016,3,25,16,13165.0
2032,2016,3,25,17,13071.0
2033,2016,3,25,18,13065.0
2034,2016,3,25,19,12901.0
2035,2016,3,25,20,13209.0
2036,2016,3,25,21,13747.0
2037,2016,3,25,22,13542.0
2038,2016,3,25,23,13018.0
2039,2016,3,26,0,12290.0
2040,2016,3,26,1,11832.0
2041,2016,3,26,2,11522.0
2042,2016,3,26,3,11378.0
2043,2016,3,26,4,11386.0
2044,2016,3,26,5,11527.0
2045,2016,3,26,6,11856.0
2046,2016,3,26,7,12330.0
2047,2016,3,26,8,12865.0
2048,2016,3,26,9,13286.0
2049,2016,3,26,10,13382.0
2050,2016,3,26,11,13064.0
2051,2016,3,26,12,12735.0
2052,2016,3,26,13,12240.0
2053,2016,3,26,14,11815.0
2054,2016,3,26,15,11594.0
2055,2016,3,26,16,11421.0
2056,2016,3,26,17,11379.0
2057,2016,3,26,18,11437.0
2058,2016,3,26,19,11677.0
2059,2016,3,26,20,11647.0
2060,2016,3,26,21,12378.0
2061,2016,3,26,22,12136.0
2062,2016,3,26,23,11641.0
2063,2016,3,27,0,11202.0
2064,2016,3,27,1,10668.0
2065,2016,3,27,2,10392.0
2066,2016,3,27,3,10304.0
2067,2016,3,27,4,10327.0
2068,2016,3,27,5,10441.0
2069,2016,3,27,6,10757.0
2070,2016,3,27,7,11095.0
2071,2016,3,27,8,11607.0
2072,2016,3,27,9,12253.0
2073,2016,3,27,10,12285.0
2074,2016,3,27,11,11995.0
2075,2016,3,27,12,11699.0
2076,2016,3,27,13,11517.0
2077,2016,3,27,14,11207.0
2078,2016,3,27,15,10920.0
2079,2016,3,27,16,10880.0
2080,2016,3,27,17,10900.0
2081,2016,3,27,18,10904.0
2082,2016,3,27,19,11166.0
2083,2016,3,27,20,11669.0
2084,2016,3,27,21,12299.0
2085,2016,3,27,22,12108.0
2086,2016,3,27,23,11631.0
2087,2016,3,28,0,11089.0
2088,2016,3,28,1,10606.0
2089,2016,3,28,2,10488.0
2090,2016,3,28,3,10381.0
2091,2016,3,28,4,10293.0
2092,2016,3,28,5,10532.0
2093,2016,3,28,6,11197.0
2094,2016,3,28,7,12504.0
2095,2016,3,28,8,13498.0
2096,2016,3,28,9,13828.0
2097,2016,3,28,10,14097.0
2098,2016,3,28,11,14411.0
2099,2016,3,28,12,14449.0
2100,2016,3,28,13,14444.0
2101,2016,3,28,14,14408.0
2102,2016,3,28,15,14267.0
2103,2016,3,28,16,13999.0
2104,2016,3,28,17,13867.0
2105,2016,3,28,18,13992.0
2106,2016,3,28,19,14011.0
2107,2016,3,28,20,14349.0
2108,2016,3,28,21,14714.0
2109,2016,3,28,22,14370.0
2110,2016,3,28,23,13587.0
2111,2016,3,29,0,12845.0
2112,2016,3,29,1,12283.0
2113,2016,3,29,2,12078.0
2114,2016,3,29,3,11988.0
2115,2016,3,29,4,12081.0
2116,2016,3,29,5,12414.0
2117,2016,3,29,6,13191.0
2118,2016,3,29,7,14668.0
2119,2016,3,29,8,15302.0
2120,2016,3,29,9,15249.0
2121,2016,3,29,10,15037.0
2122,2016,3,29,11,14832.0
2123,2016,3,29,12,14562.0
2124,2016,3,29,13,14218.0
2125,2016,3,29,14,14054.0
2126,2016,3,29,15,13817.0
2127,2016,3,29,16,13500.0
2128,2016,3,29,17,13279.0
2129,2016,3,29,18,13046.0
2130,2016,3,29,19,13047.0
2131,2016,3,29,20,13455.0
2132,2016,3,29,21,14391.0
2133,2016,3,29,22,14210.0
2134,2016,3,29,23,13485.0
2135,2016,3,30,0,12914.0
2136,2016,3,30,1,12566.0
2137,2016,3,30,2,12417.0
2138,2016,3,30,3,12544.0
2139,2016,3,30,4,12684.0
2140,2016,3,30,5,13104.0
2141,2016,3,30,6,13882.0
2142,2016,3,30,7,15273.0
2143,2016,3,30,8,15805.0
2144,2016,3,30,9,15597.0
2145,2016,3,30,10,15192.0
2146,2016,3,30,11,14757.0
2147,2016,3,30,12,14483.0
2148,2016,3,30,13,14225.0
2149,2016,3,30,14,14138.0
2150,2016,3,30,15,13967.0
2151,2016,3,30,16,13716.0
2152,2016,3,30,17,13586.0
2153,2016,3,30,18,13566.0
2154,2016,3,30,19,13549.0
2155,2016,3,30,20,13928.0
2156,2016,3,30,21,14460.0
2157,2016,3,30,22,14050.0
2158,2016,3,30,23,13114.0
2159,2016,3,31,0,12325.0
2160,2016,3,31,1,11707.0
2161,2016,3,31,2,11311.0
2162,2016,3,31,3,11145.0
2163,2016,3,31,4,11056.0
2164,2016,3,31,5,11229.0
2165,2016,3,31,6,11986.0
2166,2016,3,31,7,13181.0
2167,2016,3,31,8,14029.0
2168,2016,3,31,9,14179.0
2169,2016,3,31,10,14174.0
2170,2016,3,31,11,14377.0
2171,2016,3,31,12,14315.0
2172,2016,3,31,13,14285.0
2173,2016,3,31,14,14170.0
2174,2016,3,31,15,14013.0
2175,2016,3,31,16,13891.0
2176,2016,3,31,17,13757.0
2177,2016,3,31,18,13656.0
2178,2016,3,31,19,13484.0
2179,2016,3,31,20,13666.0
2180,2016,3,31,21,13982.0
2181,2016,3,31,22,13701.0
2182,2016,3,31,23,12914.0
2183,2016,4,1,0,12034.0
2184,2016,4,1,1,11418.0
2185,2016,4,1,2,11087.0
2186,2016,4,1,3,10888.0
2187,2016,4,1,4,10843.0
2188,2016,4,1,5,11011.0
2189,2016,4,1,6,11780.0
2190,2016,4,1,7,12913.0
2191,2016,4,1,8,13574.0
2192,2016,4,1,9,13714.0
2193,2016,4,1,10,13842.0
2194,2016,4,1,11,13883.0
2195,2016,4,1,12,13836.0
2196,2016,4,1,13,13764.0
2197,2016,4,1,14,13801.0
2198,2016,4,1,15,13678.0
2199,2016,4,1,16,13428.0
2200,2016,4,1,17,13229.0
2201,2016,4,1,18,13135.0
2202,2016,4,1,19,12897.0
2203,2016,4,1,20,13023.0
2204,2016,4,1,21,13515.0
2205,2016,4,1,22,13297.0
2206,2016,4,1,23,12705.0
2207,2016,4,2,0,11963.0
2208,2016,4,2,1,11392.0
2209,2016,4,2,2,11052.0
2210,2016,4,2,3,10897.0
2211,2016,4,2,4,10855.0
2212,2016,4,2,5,10980.0
2213,2016,4,2,6,11250.0
2214,2016,4,2,7,11729.0
2215,2016,4,2,8,12182.0
2216,2016,4,2,9,12717.0
2217,2016,4,2,10,13057.0
2218,2016,4,2,11,13212.0
2219,2016,4,2,12,13192.0
2220,2016,4,2,13,12946.0
2221,2016,4,2,14,12787.0
2222,2016,4,2,15,12635.0
2223,2016,4,2,16,12508.0
2224,2016,4,2,17,12802.0
2225,2016,4,2,18,13001.0
2226,2016,4,2,19,13020.0
2227,2016,4,2,20,13424.0
2228,2016,4,2,21,14022.0
2229,2016,4,2,22,13884.0
2230,2016,4,2,23,13441.0
2231,2016,4,3,0,12987.0
2232,2016,4,3,1,12575.0
2233,2016,4,3,2,12363.0
2234,2016,4,3,3,12358.0
2235,2016,4,3,4,12444.0
2236,2016,4,3,5,12618.0
2237,2016,4,3,6,12935.0
2238,2016,4,3,7,13417.0
2239,2016,4,3,8,13876.0
2240,2016,4,3,9,14257.0
2241,2016,4,3,10,14223.0
2242,2016,4,3,11,14028.0
2243,2016,4,3,12,13738.0
2244,2016,4,3,13,13444.0
2245,2016,4,3,14,13056.0
2246,2016,4,3,15,12707.0
2247,2016,4,3,16,12302.0
2248,2016,4,3,17,12305.0
2249,2016,4,3,18,12293.0
2250,2016,4,3,19,12378.0
2251,2016,4,3,20,12664.0
2252,2016,4,3,21,13520.0
2253,2016,4,3,22,13382.0
2254,2016,4,3,23,12860.0
2255,2016,4,4,0,12423.0
2256,2016,4,4,1,11880.0
2257,2016,4,4,2,11459.0
2258,2016,4,4,3,11331.0
2259,2016,4,4,4,11414.0
2260,2016,4,4,5,11787.0
2261,2016,4,4,6,12920.0
2262,2016,4,4,7,14352.0
2263,2016,4,4,8,14992.0
2264,2016,4,4,9,14935.0
2265,2016,4,4,10,14764.0
2266,2016,4,4,11,14800.0
2267,2016,4,4,12,14726.0
2268,2016,4,4,13,14702.0
2269,2016,4,4,14,14604.0
2270,2016,4,4,15,14491.0
2271,2016,4,4,16,14263.0
2272,2016,4,4,17,14384.0
2273,2016,4,4,18,14439.0
2274,2016,4,4,19,14614.0
2275,2016,4,4,20,14906.0
2276,2016,4,4,21,15395.0
2277,2016,4,4,22,14879.0
2278,2016,4,4,23,14199.0
2279,2016,4,5,0,13375.0
2280,2016,4,5,1,12971.0
2281,2016,4,5,2,12860.0
2282,2016,4,5,3,12941.0
2283,2016,4,5,4,13153.0
2284,2016,4,5,5,13423.0
2285,2016,4,5,6,14480.0
2286,2016,4,5,7,16116.0
2287,2016,4,5,8,16784.0
2288,2016,4,5,9,16702.0
2289,2016,4,5,10,16337.0
2290,2016,4,5,11,16057.0
2291,2016,4,5,12,15656.0
2292,2016,4,5,13,15471.0
2293,2016,4,5,14,15133.0
2294,2016,4,5,15,14606.0
2295,2016,4,5,16,14215.0
2296,2016,4,5,17,13903.0
2297,2016,4,5,18,13856.0
2298,2016,4,5,19,13876.0
2299,2016,4,5,20,14428.0
2300,2016,4,5,21,15578.0
2301,2016,4,5,22,15556.0
2302,2016,4,5,23,14952.0
2303,2016,4,6,0,14291.0
2304,2016,4,6,1,13961.0
2305,2016,4,6,2,13767.0
2306,2016,4,6,3,13666.0
2307,2016,4,6,4,13905.0
2308,2016,4,6,5,14186.0
2309,2016,4,6,6,15020.0
2310,2016,4,6,7,16391.0
2311,2016,4,6,8,16863.0
2312,2016,4,6,9,16464.0
2313,2016,4,6,10,16084.0
2314,2016,4,6,11,15669.0
2315,2016,4,6,12,15231.0
2316,2016,4,6,13,14884.0
2317,2016,4,6,14,14523.0
2318,2016,4,6,15,14301.0
2319,2016,4,6,16,13988.0
2320,2016,4,6,17,14026.0
2321,2016,4,6,18,13796.0
2322,2016,4,6,19,14012.0
2323,2016,4,6,20,14344.0
2324,2016,4,6,21,14710.0
2325,2016,4,6,22,14440.0
2326,2016,4,6,23,13538.0
2327,2016,4,7,0,12670.0
2328,2016,4,7,1,12382.0
2329,2016,4,7,2,12091.0
2330,2016,4,7,3,11956.0
2331,2016,4,7,4,12031.0
2332,2016,4,7,5,12268.0
2333,2016,4,7,6,12974.0
2334,2016,4,7,7,14417.0
2335,2016,4,7,8,14983.0
2336,2016,4,7,9,14943.0
2337,2016,4,7,10,15122.0
2338,2016,4,7,11,15161.0
2339,2016,4,7,12,15265.0
2340,2016,4,7,13,15111.0
2341,2016,4,7,14,15007.0
2342,2016,4,7,15,14842.0
2343,2016,4,7,16,14623.0
2344,2016,4,7,17,14756.0
2345,2016,4,7,18,15047.0
2346,2016,4,7,19,15025.0
2347,2016,4,7,20,15309.0
2348,2016,4,7,21,15899.0
2349,2016,4,7,22,15531.0
2350,2016,4,7,23,14876.0
2351,2016,4,8,0,13938.0
2352,2016,4,8,1,13285.0
2353,2016,4,8,2,13127.0
2354,2016,4,8,3,13028.0
2355,2016,4,8,4,13092.0
2356,2016,4,8,5,13328.0
2357,2016,4,8,6,14007.0
2358,2016,4,8,7,15463.0
2359,2016,4,8,8,15930.0
2360,2016,4,8,9,16014.0
2361,2016,4,8,10,15710.0
2362,2016,4,8,11,15448.0
2363,2016,4,8,12,15181.0
2364,2016,4,8,13,15000.0
2365,2016,4,8,14,14749.0
2366,2016,4,8,15,14673.0
2367,2016,4,8,16,14384.0
2368,2016,4,8,17,14359.0
2369,2016,4,8,18,14280.0
2370,2016,4,8,19,14269.0
2371,2016,4,8,20,14337.0
2372,2016,4,8,21,15117.0
2373,2016,4,8,22,15008.0
2374,2016,4,8,23,14385.0
2375,2016,4,9,0,13762.0
2376,2016,4,9,1,13195.0
2377,2016,4,9,2,13106.0
2378,2016,4,9,3,13012.0
2379,2016,4,9,4,13089.0
2380,2016,4,9,5,13262.0
2381,2016,4,9,6,13721.0
2382,2016,4,9,7,14281.0
2383,2016,4,9,8,14788.0
2384,2016,4,9,9,15262.0
2385,2016,4,9,10,15703.0
2386,2016,4,9,11,15744.0
2387,2016,4,9,12,15612.0
2388,2016,4,9,13,15293.0
2389,2016,4,9,14,14898.0
2390,2016,4,9,15,14607.0
2391,2016,4,9,16,14314.0
2392,2016,4,9,17,14139.0
2393,2016,4,9,18,14047.0
2394,2016,4,9,19,14034.0
2395,2016,4,9,20,14346.0
2396,2016,4,9,21,15175.0
2397,2016,4,9,22,15086.0
2398,2016,4,9,23,14726.0
2399,2016,4,10,0,14251.0
2400,2016,4,10,1,13808.0
2401,2016,4,10,2,13775.0
2402,2016,4,10,3,13701.0
2403,2016,4,10,4,13745.0
2404,2016,4,10,5,13987.0
2405,2016,4,10,6,14253.0
2406,2016,4,10,7,14697.0
2407,2016,4,10,8,15054.0
2408,2016,4,10,9,15322.0
2409,2016,4,10,10,15178.0
2410,2016,4,10,11,14798.0
2411,2016,4,10,12,14396.0
2412,2016,4,10,13,14133.0
2413,2016,4,10,14,13685.0
2414,2016,4,10,15,13324.0
2415,2016,4,10,16,13042.0
2416,2016,4,10,17,12995.0
2417,2016,4,10,18,13078.0
2418,2016,4,10,19,13141.0
2419,2016,4,10,20,13541.0
2420,2016,4,10,21,13996.0
2421,2016,4,10,22,13712.0
2422,2016,4,10,23,13047.0
2423,2016,4,11,0,12384.0
2424,2016,4,11,1,11959.0
2425,2016,4,11,2,11783.0
2426,2016,4,11,3,11476.0
2427,2016,4,11,4,11689.0
2428,2016,4,11,5,12019.0
2429,2016,4,11,6,12867.0
2430,2016,4,11,7,14299.0
2431,2016,4,11,8,14918.0
2432,2016,4,11,9,14961.0
2433,2016,4,11,10,14876.0
2434,2016,4,11,11,14913.0
2435,2016,4,11,12,14636.0
2436,2016,4,11,13,14514.0
2437,2016,4,11,14,14440.0
2438,2016,4,11,15,14276.0
2439,2016,4,11,16,14101.0
2440,2016,4,11,17,14002.0
2441,2016,4,11,18,13863.0
2442,2016,4,11,19,13882.0
2443,2016,4,11,20,14008.0
2444,2016,4,11,21,14540.0
2445,2016,4,11,22,14199.0
2446,2016,4,11,23,13395.0
2447,2016,4,12,0,12459.0
2448,2016,4,12,1,11925.0
2449,2016,4,12,2,11627.0
2450,2016,4,12,3,11531.0
2451,2016,4,12,4,11669.0
2452,2016,4,12,5,12017.0
2453,2016,4,12,6,12869.0
2454,2016,4,12,7,14364.0
2455,2016,4,12,8,14914.0
2456,2016,4,12,9,14883.0
2457,2016,4,12,10,14854.0
2458,2016,4,12,11,14764.0
2459,2016,4,12,12,14592.0
2460,2016,4,12,13,14358.0
2461,2016,4,12,14,14178.0
2462,2016,4,12,15,14008.0
2463,2016,4,12,16,13674.0
2464,2016,4,12,17,13514.0
2465,2016,4,12,18,13332.0
2466,2016,4,12,19,13439.0
2467,2016,4,12,20,13508.0
2468,2016,4,12,21,14406.0
2469,2016,4,12,22,14481.0
2470,2016,4,12,23,13763.0
2471,2016,4,13,0,12994.0
2472,2016,4,13,1,12655.0
2473,2016,4,13,2,12491.0
2474,2016,4,13,3,12409.0
2475,2016,4,13,4,12672.0
2476,2016,4,13,5,12974.0
2477,2016,4,13,6,13997.0
2478,2016,4,13,7,15511.0
2479,2016,4,13,8,16077.0
2480,2016,4,13,9,15603.0
2481,2016,4,13,10,15201.0
2482,2016,4,13,11,14884.0
2483,2016,4,13,12,14478.0
2484,2016,4,13,13,14255.0
2485,2016,4,13,14,14021.0
2486,2016,4,13,15,13771.0
2487,2016,4,13,16,13478.0
2488,2016,4,13,17,13382.0
2489,2016,4,13,18,13284.0
2490,2016,4,13,19,13272.0
2491,2016,4,13,20,13392.0
2492,2016,4,13,21,14271.0
2493,2016,4,13,22,14252.0
2494,2016,4,13,23,13409.0
2495,2016,4,14,0,12636.0
2496,2016,4,14,1,12217.0
2497,2016,4,14,2,12076.0
2498,2016,4,14,3,12114.0
2499,2016,4,14,4,12300.0
2500,2016,4,14,5,12634.0
2501,2016,4,14,6,13584.0
2502,2016,4,14,7,15200.0
2503,2016,4,14,8,15717.0
2504,2016,4,14,9,15379.0
2505,2016,4,14,10,14971.0
2506,2016,4,14,11,14586.0
2507,2016,4,14,12,14410.0
2508,2016,4,14,13,14179.0
2509,2016,4,14,14,14079.0
2510,2016,4,14,15,13922.0
2511,2016,4,14,16,13548.0
2512,2016,4,14,17,13602.0
2513,2016,4,14,18,13385.0
2514,2016,4,14,19,13286.0
2515,2016,4,14,20,13352.0
2516,2016,4,14,21,14127.0
2517,2016,4,14,22,13999.0
2518,2016,4,14,23,13277.0
2519,2016,4,15,0,12235.0
2520,2016,4,15,1,11776.0
2521,2016,4,15,2,11541.0
2522,2016,4,15,3,11488.0
2523,2016,4,15,4,11558.0
2524,2016,4,15,5,11856.0
2525,2016,4,15,6,12860.0
2526,2016,4,15,7,14308.0
2527,2016,4,15,8,14827.0
2528,2016,4,15,9,14513.0
2529,2016,4,15,10,14305.0
2530,2016,4,15,11,14093.0
2531,2016,4,15,12,13896.0
2532,2016,4,15,13,13776.0
2533,2016,4,15,14,13658.0
2534,2016,4,15,15,13526.0
2535,2016,4,15,16,13312.0
2536,2016,4,15,17,13216.0
2537,2016,4,15,18,12959.0
2538,2016,4,15,19,12810.0
2539,2016,4,15,20,12601.0
2540,2016,4,15,21,13074.0
2541,2016,4,15,22,12969.0
2542,2016,4,15,23,12352.0
2543,2016,4,16,0,11585.0
2544,2016,4,16,1,10848.0
2545,2016,4,16,2,10605.0
2546,2016,4,16,3,10402.0
2547,2016,4,16,4,10373.0
2548,2016,4,16,5,10610.0
2549,2016,4,16,6,10866.0
2550,2016,4,16,7,11536.0
2551,2016,4,16,8,11957.0
2552,2016,4,16,9,12379.0
2553,2016,4,16,10,12277.0
2554,2016,4,16,11,12344.0
2555,2016,4,16,12,12292.0
2556,2016,4,16,13,12104.0
2557,2016,4,16,14,11948.0
2558,2016,4,16,15,11906.0
2559,2016,4,16,16,12040.0
2560,2016,4,16,17,12100.0
2561,2016,4,16,18,12237.0
2562,2016,4,16,19,12190.0
2563,2016,4,16,20,12027.0
2564,2016,4,16,21,12415.0
2565,2016,4,16,22,12389.0
2566,2016,4,16,23,11739.0
2567,2016,4,17,0,10919.0
2568,2016,4,17,1,10324.0
2569,2016,4,17,2,10081.0
2570,2016,4,17,3,9899.0
2571,2016,4,17,4,9810.0
2572,2016,4,17,5,10008.0
2573,2016,4,17,6,10275.0
2574,2016,4,17,7,10633.0
2575,2016,4,17,8,10973.0
2576,2016,4,17,9,11525.0
2577,2016,4,17,10,11768.0
2578,2016,4,17,11,11771.0
2579,2016,4,17,12,11769.0
2580,2016,4,17,13,11894.0
2581,2016,4,17,14,11954.0
2582,2016,4,17,15,12071.0
2583,2016,4,17,16,12126.0
2584,2016,4,17,17,12477.0
2585,2016,4,17,18,12711.0
2586,2016,4,17,19,12854.0
2587,2016,4,17,20,12879.0
2588,2016,4,17,21,13398.0
2589,2016,4,17,22,13163.0
2590,2016,4,17,23,12284.0
2591,2016,4,18,0,11400.0
2592,2016,4,18,1,10677.0
2593,2016,4,18,2,10397.0
2594,2016,4,18,3,10395.0
2595,2016,4,18,4,10290.0
2596,2016,4,18,5,10612.0
2597,2016,4,18,6,11565.0
2598,2016,4,18,7,12885.0
2599,2016,4,18,8,13558.0
2600,2016,4,18,9,13840.0
2601,2016,4,18,10,14005.0
2602,2016,4,18,11,14163.0
2603,2016,4,18,12,14296.0
2604,2016,4,18,13,14594.0
2605,2016,4,18,14,15011.0
2606,2016,4,18,15,15149.0
2607,2016,4,18,16,15262.0
2608,2016,4,18,17,15247.0
2609,2016,4,18,18,15282.0
2610,2016,4,18,19,15130.0
2611,2016,4,18,20,14916.0
2612,2016,4,18,21,15174.0
2613,2016,4,18,22,14815.0
2614,2016,4,18,23,13627.0
2615,2016,4,19,0,12370.0
2616,2016,4,19,1,11522.0
2617,2016,4,19,2,11057.0
2618,2016,4,19,3,10810.0
2619,2016,4,19,4,10676.0
2620,2016,4,19,5,10898.0
2621,2016,4,19,6,11647.0
2622,2016,4,19,7,12883.0
2623,2016,4,19,8,13437.0
2624,2016,4,19,9,13651.0
2625,2016,4,19,10,13730.0
2626,2016,4,19,11,13953.0
2627,2016,4,19,12,14110.0
2628,2016,4,19,13,14331.0
2629,2016,4,19,14,14432.0
2630,2016,4,19,15,14671.0
2631,2016,4,19,16,14692.0
2632,2016,4,19,17,14618.0
2633,2016,4,19,18,14479.0
2634,2016,4,19,19,14450.0
2635,2016,4,19,20,14179.0
2636,2016,4,19,21,14636.0
2637,2016,4,19,22,14282.0
2638,2016,4,19,23,13205.0
2639,2016,4,20,0,12090.0
2640,2016,4,20,1,11444.0
2641,2016,4,20,2,10829.0
2642,2016,4,20,3,10680.0
2643,2016,4,20,4,10566.0
2644,2016,4,20,5,10821.0
2645,2016,4,20,6,11532.0
2646,2016,4,20,7,12858.0
2647,2016,4,20,8,13498.0
2648,2016,4,20,9,13628.0
2649,2016,4,20,10,13754.0
2650,2016,4,20,11,13952.0
2651,2016,4,20,12,13954.0
2652,2016,4,20,13,14245.0
2653,2016,4,20,14,14389.0
2654,2016,4,20,15,14516.0
2655,2016,4,20,16,14574.0
2656,2016,4,20,17,14521.0
2657,2016,4,20,18,14558.0
2658,2016,4,20,19,14308.0
2659,2016,4,20,20,14197.0
2660,2016,4,20,21,14557.0
2661,2016,4,20,22,14218.0
2662,2016,4,20,23,13280.0
2663,2016,4,21,0,12141.0
2664,2016,4,21,1,11365.0
2665,2016,4,21,2,10892.0
2666,2016,4,21,3,10731.0
2667,2016,4,21,4,10651.0
2668,2016,4,21,5,10819.0
2669,2016,4,21,6,11615.0
2670,2016,4,21,7,12846.0
2671,2016,4,21,8,13457.0
2672,2016,4,21,9,13692.0
2673,2016,4,21,10,13920.0
2674,2016,4,21,11,14083.0
2675,2016,4,21,12,14121.0
2676,2016,4,21,13,14013.0
2677,2016,4,21,14,14237.0
2678,2016,4,21,15,14260.0
2679,2016,4,21,16,14112.0
2680,2016,4,21,17,14170.0
2681,2016,4,21,18,14021.0
2682,2016,4,21,19,13863.0
2683,2016,4,21,20,13866.0
2684,2016,4,21,21,14279.0
2685,2016,4,21,22,14009.0
2686,2016,4,21,23,12993.0
2687,2016,4,22,0,12056.0
2688,2016,4,22,1,11363.0
2689,2016,4,22,2,10895.0
2690,2016,4,22,3,10679.0
2691,2016,4,22,4,10637.0
2692,2016,4,22,5,10785.0
2693,2016,4,22,6,11463.0
2694,2016,4,22,7,12672.0
2695,2016,4,22,8,13213.0
2696,2016,4,22,9,13548.0
2697,2016,4,22,10,13752.0
2698,2016,4,22,11,13932.0
2699,2016,4,22,12,14021.0
2700,2016,4,22,13,13962.0
2701,2016,4,22,14,13984.0
2702,2016,4,22,15,13862.0
2703,2016,4,22,16,13709.0
2704,2016,4,22,17,13674.0
2705,2016,4,22,18,13359.0
2706,2016,4,22,19,13016.0
2707,2016,4,22,20,12909.0
2708,2016,4,22,21,13264.0
2709,2016,4,22,22,13107.0
2710,2016,4,22,23,12242.0
2711,2016,4,23,0,11310.0
2712,2016,4,23,1,10667.0
2713,2016,4,23,2,10228.0
2714,2016,4,23,3,10091.0
2715,2016,4,23,4,9988.0
2716,2016,4,23,5,10031.0
2717,2016,4,23,6,10207.0
2718,2016,4,23,7,10625.0
2719,2016,4,23,8,10993.0
2720,2016,4,23,9,11635.0
2721,2016,4,23,10,12164.0
2722,2016,4,23,11,12344.0
2723,2016,4,23,12,12323.0
2724,2016,4,23,13,12154.0
2725,2016,4,23,14,11842.0
2726,2016,4,23,15,11824.0
2727,2016,4,23,16,11723.0
2728,2016,4,23,17,11760.0
2729,2016,4,23,18,11754.0
2730,2016,4,23,19,11704.0
2731,2016,4,23,20,11659.0
2732,2016,4,23,21,12071.0
2733,2016,4,23,22,12139.0
2734,2016,4,23,23,11571.0
2735,2016,4,24,0,10885.0
2736,2016,4,24,1,10389.0
2737,2016,4,24,2,10133.0
2738,2016,4,24,3,10093.0
2739,2016,4,24,4,10038.0
2740,2016,4,24,5,10121.0
2741,2016,4,24,6,10359.0
2742,2016,4,24,7,10731.0
2743,2016,4,24,8,11105.0
2744,2016,4,24,9,11575.0
2745,2016,4,24,10,11764.0
2746,2016,4,24,11,11734.0
2747,2016,4,24,12,11634.0
2748,2016,4,24,13,11592.0
2749,2016,4,24,14,11574.0
2750,2016,4,24,15,11754.0
2751,2016,4,24,16,11828.0
2752,2016,4,24,17,12031.0
2753,2016,4,24,18,12268.0
2754,2016,4,24,19,12393.0
2755,2016,4,24,20,12445.0
2756,2016,4,24,21,12951.0
2757,2016,4,24,22,12877.0
2758,2016,4,24,23,12075.0
2759,2016,4,25,0,11246.0
2760,2016,4,25,1,10635.0
2761,2016,4,25,2,10345.0
2762,2016,4,25,3,10210.0
2763,2016,4,25,4,10231.0
2764,2016,4,25,5,10496.0
2765,2016,4,25,6,11254.0
2766,2016,4,25,7,12556.0
2767,2016,4,25,8,13270.0
2768,2016,4,25,9,13550.0
2769,2016,4,25,10,13633.0
2770,2016,4,25,11,13904.0
2771,2016,4,25,12,14006.0
2772,2016,4,25,13,14288.0
2773,2016,4,25,14,14668.0
2774,2016,4,25,15,14778.0
2775,2016,4,25,16,14708.0
2776,2016,4,25,17,14773.0
2777,2016,4,25,18,14698.0
2778,2016,4,25,19,14652.0
2779,2016,4,25,20,14438.0
2780,2016,4,25,21,14514.0
2781,2016,4,25,22,14546.0
2782,2016,4,25,23,13341.0
2783,2016,4,26,0,12875.0
2784,2016,4,26,1,11542.0
2785,2016,4,26,2,11084.0
2786,2016,4,26,3,10797.0
2787,2016,4,26,4,10726.0
2788,2016,4,26,5,10833.0
2789,2016,4,26,6,11615.0
2790,2016,4,26,7,12874.0
2791,2016,4,26,8,13421.0
2792,2016,4,26,9,13717.0
2793,2016,4,26,10,13992.0
2794,2016,4,26,11,14480.0
2795,2016,4,26,12,14744.0
2796,2016,4,26,13,15049.0
2797,2016,4,26,14,15323.0
2798,2016,4,26,15,15346.0
2799,2016,4,26,16,15300.0
2800,2016,4,26,17,15342.0
2801,2016,4,26,18,15205.0
2802,2016,4,26,19,14943.0
2803,2016,4,26,20,14822.0
2804,2016,4,26,21,14993.0
2805,2016,4,26,22,14518.0
2806,2016,4,26,23,13427.0
2807,2016,4,27,0,12359.0
2808,2016,4,27,1,11565.0
2809,2016,4,27,2,11141.0
2810,2016,4,27,3,10846.0
2811,2016,4,27,4,10811.0
2812,2016,4,27,5,11024.0
2813,2016,4,27,6,11605.0
2814,2016,4,27,7,12850.0
2815,2016,4,27,8,13397.0
2816,2016,4,27,9,13570.0
2817,2016,4,27,10,13781.0
2818,2016,4,27,11,13903.0
2819,2016,4,27,12,13948.0
2820,2016,4,27,13,14076.0
2821,2016,4,27,14,14123.0
2822,2016,4,27,15,14109.0
2823,2016,4,27,16,14083.0
2824,2016,4,27,17,13954.0
2825,2016,4,27,18,13871.0
2826,2016,4,27,19,13860.0
2827,2016,4,27,20,13874.0
2828,2016,4,27,21,14371.0
2829,2016,4,27,22,14077.0
2830,2016,4,27,23,13141.0
2831,2016,4,28,0,12244.0
2832,2016,4,28,1,11686.0
2833,2016,4,28,2,11182.0
2834,2016,4,28,3,10968.0
2835,2016,4,28,4,10963.0
2836,2016,4,28,5,11107.0
2837,2016,4,28,6,11868.0
2838,2016,4,28,7,13022.0
2839,2016,4,28,8,13731.0
2840,2016,4,28,9,13949.0
2841,2016,4,28,10,14166.0
2842,2016,4,28,11,14379.0
2843,2016,4,28,12,14440.0
2844,2016,4,28,13,14618.0
2845,2016,4,28,14,14668.0
2846,2016,4,28,15,14769.0
2847,2016,4,28,16,14564.0
2848,2016,4,28,17,14583.0
2849,2016,4,28,18,14478.0
2850,2016,4,28,19,14260.0
2851,2016,4,28,20,14121.0
2852,2016,4,28,21,14530.0
2853,2016,4,28,22,14277.0
2854,2016,4,28,23,13255.0
2855,2016,4,29,0,12263.0
2856,2016,4,29,1,11515.0
2857,2016,4,29,2,11117.0
2858,2016,4,29,3,10853.0
2859,2016,4,29,4,10794.0
2860,2016,4,29,5,10918.0
2861,2016,4,29,6,11623.0
2862,2016,4,29,7,12800.0
2863,2016,4,29,8,13427.0
2864,2016,4,29,9,13573.0
2865,2016,4,29,10,13793.0
2866,2016,4,29,11,13932.0
2867,2016,4,29,12,13943.0
2868,2016,4,29,13,13967.0
2869,2016,4,29,14,14106.0
2870,2016,4,29,15,14041.0
2871,2016,4,29,16,13979.0
2872,2016,4,29,17,13846.0
2873,2016,4,29,18,13562.0
2874,2016,4,29,19,13261.0
2875,2016,4,29,20,13119.0
2876,2016,4,29,21,13398.0
2877,2016,4,29,22,13246.0
2878,2016,4,29,23,12561.0
2879,2016,4,30,0,11660.0
2880,2016,4,30,1,11018.0
2881,2016,4,30,2,10625.0
2882,2016,4,30,3,10370.0
2883,2016,4,30,4,10284.0
2884,2016,4,30,5,10388.0
2885,2016,4,30,6,10531.0
2886,2016,4,30,7,10796.0
2887,2016,4,30,8,11228.0
2888,2016,4,30,9,11853.0
2889,2016,4,30,10,12199.0
2890,2016,4,30,11,12433.0
2891,2016,4,30,12,12491.0
2892,2016,4,30,13,12471.0
2893,2016,4,30,14,12357.0
2894,2016,4,30,15,12334.0
2895,2016,4,30,16,12325.0
2896,2016,4,30,17,12429.0
2897,2016,4,30,18,12490.0
2898,2016,4,30,19,12360.0
2899,2016,4,30,20,12428.0
2900,2016,4,30,21,12647.0
2901,2016,4,30,22,12467.0
2902,2016,4,30,23,11929.0
2903,2016,5,1,0,11257.0
2904,2016,5,1,1,10740.0
2905,2016,5,1,2,10427.0
2906,2016,5,1,3,10174.0
2907,2016,5,1,4,10039.0
2908,2016,5,1,5,10056.0
2909,2016,5,1,6,10202.0
2910,2016,5,1,7,10419.0
2911,2016,5,1,8,10608.0
2912,2016,5,1,9,11169.0
2913,2016,5,1,10,11560.0
2914,2016,5,1,11,11788.0
2915,2016,5,1,12,11978.0
2916,2016,5,1,13,12106.0
2917,2016,5,1,14,12238.0
2918,2016,5,1,15,12361.0
2919,2016,5,1,16,12458.0
2920,2016,5,1,17,12761.0
2921,2016,5,1,18,12938.0
2922,2016,5,1,19,12878.0
2923,2016,5,1,20,12895.0
2924,2016,5,1,21,13166.0
2925,2016,5,1,22,13024.0
2926,2016,5,1,23,12277.0
2927,2016,5,2,0,11512.0
2928,2016,5,2,1,10882.0
2929,2016,5,2,2,10573.0
2930,2016,5,2,3,10516.0
2931,2016,5,2,4,10401.0
2932,2016,5,2,5,10664.0
2933,2016,5,2,6,11299.0
2934,2016,5,2,7,12513.0
2935,2016,5,2,8,13214.0
2936,2016,5,2,9,13568.0
2937,2016,5,2,10,13816.0
2938,2016,5,2,11,14152.0
2939,2016,5,2,12,14250.0
2940,2016,5,2,13,14435.0
2941,2016,5,2,14,14664.0
2942,2016,5,2,15,14633.0
2943,2016,5,2,16,14376.0
2944,2016,5,2,17,14238.0
2945,2016,5,2,18,14050.0
2946,2016,5,2,19,13973.0
2947,2016,5,2,20,13839.0
2948,2016,5,2,21,13958.0
2949,2016,5,2,22,13854.0
2950,2016,5,2,23,12745.0
2951,2016,5,3,0,11964.0
2952,2016,5,3,1,11447.0
2953,2016,5,3,2,11024.0
2954,2016,5,3,3,10811.0
2955,2016,5,3,4,10880.0
2956,2016,5,3,5,10961.0
2957,2016,5,3,6,11652.0
2958,2016,5,3,7,12947.0
2959,2016,5,3,8,13496.0
2960,2016,5,3,9,13692.0
2961,2016,5,3,10,13841.0
2962,2016,5,3,11,13945.0
2963,2016,5,3,12,13936.0
2964,2016,5,3,13,14042.0
2965,2016,5,3,14,14079.0
2966,2016,5,3,15,14010.0
2967,2016,5,3,16,13835.0
2968,2016,5,3,17,13650.0
2969,2016,5,3,18,13607.0
2970,2016,5,3,19,13486.0
2971,2016,5,3,20,13473.0
2972,2016,5,3,21,13886.0
2973,2016,5,3,22,13823.0
2974,2016,5,3,23,13028.0
2975,2016,5,4,0,12107.0
2976,2016,5,4,1,11437.0
2977,2016,5,4,2,11135.0
2978,2016,5,4,3,10929.0
2979,2016,5,4,4,10852.0
2980,2016,5,4,5,10987.0
2981,2016,5,4,6,11799.0
2982,2016,5,4,7,13013.0
2983,2016,5,4,8,13563.0
2984,2016,5,4,9,13680.0
2985,2016,5,4,10,13722.0
2986,2016,5,4,11,13769.0
2987,2016,5,4,12,13789.0
2988,2016,5,4,13,13822.0
2989,2016,5,4,14,13752.0
2990,2016,5,4,15,13682.0
2991,2016,5,4,16,13574.0
2992,2016,5,4,17,13670.0
2993,2016,5,4,18,13647.0
2994,2016,5,4,19,13662.0
2995,2016,5,4,20,13734.0
2996,2016,5,4,21,14159.0
2997,2016,5,4,22,14049.0
2998,2016,5,4,23,13249.0
2999,2016,5,5,0,12250.0
3000,2016,5,5,1,11755.0
3001,2016,5,5,2,11454.0
3002,2016,5,5,3,11272.0
3003,2016,5,5,4,11259.0
3004,2016,5,5,5,11585.0
3005,2016,5,5,6,12299.0
3006,2016,5,5,7,13580.0
3007,2016,5,5,8,14223.0
3008,2016,5,5,9,14281.0
3009,2016,5,5,10,14363.0
3010,2016,5,5,11,14322.0
3011,2016,5,5,12,14360.0
3012,2016,5,5,13,14301.0
3013,2016,5,5,14,14205.0
3014,2016,5,5,15,14002.0
3015,2016,5,5,16,13850.0
3016,2016,5,5,17,13805.0
3017,2016,5,5,18,13821.0
3018,2016,5,5,19,13662.0
3019,2016,5,5,20,13785.0
3020,2016,5,5,21,14141.0
3021,2016,5,5,22,14215.0
3022,2016,5,5,23,13324.0
3023,2016,5,6,0,12417.0
3024,2016,5,6,1,11746.0
3025,2016,5,6,2,11521.0
3026,2016,5,6,3,11232.0
3027,2016,5,6,4,11352.0
3028,2016,5,6,5,11593.0
3029,2016,5,6,6,12254.0
3030,2016,5,6,7,13488.0
3031,2016,5,6,8,13921.0
3032,2016,5,6,9,13962.0
3033,2016,5,6,10,13964.0
3034,2016,5,6,11,14008.0
3035,2016,5,6,12,13854.0
3036,2016,5,6,13,13801.0
3037,2016,5,6,14,13738.0
3038,2016,5,6,15,13572.0
3039,2016,5,6,16,13387.0
3040,2016,5,6,17,13202.0
3041,2016,5,6,18,12994.0
3042,2016,5,6,19,12760.0
3043,2016,5,6,20,12680.0
3044,2016,5,6,21,12981.0
3045,2016,5,6,22,13046.0
3046,2016,5,6,23,12516.0
3047,2016,5,7,0,11582.0
3048,2016,5,7,1,10864.0
3049,2016,5,7,2,10459.0
3050,2016,5,7,3,10355.0
3051,2016,5,7,4,10289.0
3052,2016,5,7,5,10567.0
3053,2016,5,7,6,10923.0
3054,2016,5,7,7,11205.0
3055,2016,5,7,8,11587.0
3056,2016,5,7,9,12025.0
3057,2016,5,7,10,12263.0
3058,2016,5,7,11,12190.0
3059,2016,5,7,12,12230.0
3060,2016,5,7,13,12071.0
3061,2016,5,7,14,12033.0
3062,2016,5,7,15,12004.0
3063,2016,5,7,16,11997.0
3064,2016,5,7,17,12047.0
3065,2016,5,7,18,11943.0
3066,2016,5,7,19,11937.0
3067,2016,5,7,20,11797.0
3068,2016,5,7,21,12194.0
3069,2016,5,7,22,12267.0
3070,2016,5,7,23,11707.0
3071,2016,5,8,0,10978.0
3072,2016,5,8,1,10479.0
3073,2016,5,8,2,9997.0
3074,2016,5,8,3,9844.0
3075,2016,5,8,4,9718.0
3076,2016,5,8,5,9745.0
3077,2016,5,8,6,9872.0
3078,2016,5,8,7,10079.0
3079,2016,5,8,8,10505.0
3080,2016,5,8,9,11156.0
3081,2016,5,8,10,11575.0
3082,2016,5,8,11,11707.0
3083,2016,5,8,12,11668.0
3084,2016,5,8,13,11698.0
3085,2016,5,8,14,11676.0
3086,2016,5,8,15,11642.0
3087,2016,5,8,16,11626.0
3088,2016,5,8,17,11684.0
3089,2016,5,8,18,11679.0
3090,2016,5,8,19,11837.0
3091,2016,5,8,20,11924.0
3092,2016,5,8,21,12449.0
3093,2016,5,8,22,12563.0
3094,2016,5,8,23,12005.0
3095,2016,5,9,0,11310.0
3096,2016,5,9,1,10836.0
3097,2016,5,9,2,10550.0
3098,2016,5,9,3,10540.0
3099,2016,5,9,4,10517.0
3100,2016,5,9,5,10851.0
3101,2016,5,9,6,11452.0
3102,2016,5,9,7,12873.0
3103,2016,5,9,8,13447.0
3104,2016,5,9,9,13789.0
3105,2016,5,9,10,14064.0
3106,2016,5,9,11,14265.0
3107,2016,5,9,12,14232.0
3108,2016,5,9,13,14220.0
3109,2016,5,9,14,14260.0
3110,2016,5,9,15,14174.0
3111,2016,5,9,16,14046.0
3112,2016,5,9,17,14025.0
3113,2016,5,9,18,14022.0
3114,2016,5,9,19,13998.0
3115,2016,5,9,20,13969.0
3116,2016,5,9,21,14400.0
3117,2016,5,9,22,13970.0
3118,2016,5,9,23,13142.0
3119,2016,5,10,0,12176.0
3120,2016,5,10,1,11592.0
3121,2016,5,10,2,11189.0
3122,2016,5,10,3,11050.0
3123,2016,5,10,4,11023.0
3124,2016,5,10,5,11230.0
3125,2016,5,10,6,11883.0
3126,2016,5,10,7,12997.0
3127,2016,5,10,8,13592.0
3128,2016,5,10,9,13915.0
3129,2016,5,10,10,14059.0
3130,2016,5,10,11,14166.0
3131,2016,5,10,12,14198.0
3132,2016,5,10,13,14375.0
3133,2016,5,10,14,14389.0
3134,2016,5,10,15,14477.0
3135,2016,5,10,16,14336.0
3136,2016,5,10,17,14380.0
3137,2016,5,10,18,14410.0
3138,2016,5,10,19,14384.0
3139,2016,5,10,20,14221.0
3140,2016,5,10,21,14441.0
3141,2016,5,10,22,14270.0
3142,2016,5,10,23,13290.0
3143,2016,5,11,0,12245.0
3144,2016,5,11,1,11571.0
3145,2016,5,11,2,11140.0
3146,2016,5,11,3,10860.0
3147,2016,5,11,4,10841.0
3148,2016,5,11,5,10998.0
3149,2016,5,11,6,11671.0
3150,2016,5,11,7,12814.0
3151,2016,5,11,8,13443.0
3152,2016,5,11,9,13557.0
3153,2016,5,11,10,13768.0
3154,2016,5,11,11,13973.0
3155,2016,5,11,12,14242.0
3156,2016,5,11,13,14461.0
3157,2016,5,11,14,14640.0
3158,2016,5,11,15,14704.0
3159,2016,5,11,16,14670.0
3160,2016,5,11,17,14763.0
3161,2016,5,11,18,14765.0
3162,2016,5,11,19,14637.0
3163,2016,5,11,20,14554.0
3164,2016,5,11,21,14757.0
3165,2016,5,11,22,14510.0
3166,2016,5,11,23,13483.0
3167,2016,5,12,0,12423.0
3168,2016,5,12,1,11696.0
3169,2016,5,12,2,11196.0
3170,2016,5,12,3,10946.0
3171,2016,5,12,4,10954.0
3172,2016,5,12,5,11033.0
3173,2016,5,12,6,11697.0
3174,2016,5,12,7,12785.0
3175,2016,5,12,8,13547.0
3176,2016,5,12,9,13885.0
3177,2016,5,12,10,14211.0
3178,2016,5,12,11,14582.0
3179,2016,5,12,12,14851.0
3180,2016,5,12,13,15097.0
3181,2016,5,12,14,15336.0
3182,2016,5,12,15,15399.0
3183,2016,5,12,16,15427.0
3184,2016,5,12,17,15385.0
3185,2016,5,12,18,15221.0
3186,2016,5,12,19,15064.0
3187,2016,5,12,20,14878.0
3188,2016,5,12,21,14963.0
3189,2016,5,12,22,14775.0
3190,2016,5,12,23,13616.0
3191,2016,5,13,0,12597.0
3192,2016,5,13,1,11785.0
3193,2016,5,13,2,11109.0
3194,2016,5,13,3,10953.0
3195,2016,5,13,4,10807.0
3196,2016,5,13,5,10825.0
3197,2016,5,13,6,11488.0
3198,2016,5,13,7,12443.0
3199,2016,5,13,8,13062.0
3200,2016,5,13,9,13374.0
3201,2016,5,13,10,13510.0
3202,2016,5,13,11,13799.0
3203,2016,5,13,12,13844.0
3204,2016,5,13,13,14098.0
3205,2016,5,13,14,14053.0
3206,2016,5,13,15,14023.0
3207,2016,5,13,16,13929.0
3208,2016,5,13,17,13927.0
3209,2016,5,13,18,13736.0
3210,2016,5,13,19,13423.0
3211,2016,5,13,20,13007.0
3212,2016,5,13,21,13210.0
3213,2016,5,13,22,13197.0
3214,2016,5,13,23,12379.0
3215,2016,5,14,0,11552.0
3216,2016,5,14,1,10807.0
3217,2016,5,14,2,10493.0
3218,2016,5,14,3,10143.0
3219,2016,5,14,4,10124.0
3220,2016,5,14,5,10120.0
3221,2016,5,14,6,10370.0
3222,2016,5,14,7,10662.0
3223,2016,5,14,8,11175.0
3224,2016,5,14,9,11820.0
3225,2016,5,14,10,12243.0
3226,2016,5,14,11,12520.0
3227,2016,5,14,12,12544.0
3228,2016,5,14,13,12499.0
3229,2016,5,14,14,12385.0
3230,2016,5,14,15,12363.0
3231,2016,5,14,16,12196.0
3232,2016,5,14,17,12227.0
3233,2016,5,14,18,12248.0
3234,2016,5,14,19,12332.0
3235,2016,5,14,20,12325.0
3236,2016,5,14,21,12560.0
3237,2016,5,14,22,12531.0
3238,2016,5,14,23,11973.0
3239,2016,5,15,0,11444.0
3240,2016,5,15,1,10950.0
3241,2016,5,15,2,10724.0
3242,2016,5,15,3,10498.0
3243,2016,5,15,4,10391.0
3244,2016,5,15,5,10582.0
3245,2016,5,15,6,10792.0
3246,2016,5,15,7,10945.0
3247,2016,5,15,8,11333.0
3248,2016,5,15,9,11962.0
3249,2016,5,15,10,12151.0
3250,2016,5,15,11,12146.0
3251,2016,5,15,12,12086.0
3252,2016,5,15,13,12004.0
3253,2016,5,15,14,11939.0
3254,2016,5,15,15,11759.0
3255,2016,5,15,16,11683.0
3256,2016,5,15,17,11727.0
3257,2016,5,15,18,11875.0
3258,2016,5,15,19,11946.0
3259,2016,5,15,20,12134.0
3260,2016,5,15,21,12644.0
3261,2016,5,15,22,13008.0
3262,2016,5,15,23,12511.0
3263,2016,5,16,0,11827.0
3264,2016,5,16,1,11439.0
3265,2016,5,16,2,11190.0
3266,2016,5,16,3,11259.0
3267,2016,5,16,4,11454.0
3268,2016,5,16,5,11917.0
3269,2016,5,16,6,12843.0
3270,2016,5,16,7,14030.0
3271,2016,5,16,8,14636.0
3272,2016,5,16,9,14622.0
3273,2016,5,16,10,14489.0
3274,2016,5,16,11,14374.0
3275,2016,5,16,12,14292.0
3276,2016,5,16,13,14068.0
3277,2016,5,16,14,13933.0
3278,2016,5,16,15,13608.0
3279,2016,5,16,16,13492.0
3280,2016,5,16,17,13403.0
3281,2016,5,16,18,13303.0
3282,2016,5,16,19,13205.0
3283,2016,5,16,20,13224.0
3284,2016,5,16,21,13712.0
3285,2016,5,16,22,13663.0
3286,2016,5,16,23,12824.0
3287,2016,5,17,0,11962.0
3288,2016,5,17,1,11372.0
3289,2016,5,17,2,11028.0
3290,2016,5,17,3,10863.0
3291,2016,5,17,4,10883.0
3292,2016,5,17,5,11130.0
3293,2016,5,17,6,11907.0
3294,2016,5,17,7,13158.0
3295,2016,5,17,8,13845.0
3296,2016,5,17,9,14062.0
3297,2016,5,17,10,14108.0
3298,2016,5,17,11,14230.0
3299,2016,5,17,12,14214.0
3300,2016,5,17,13,14093.0
3301,2016,5,17,14,14105.0
3302,2016,5,17,15,13876.0
3303,2016,5,17,16,13750.0
3304,2016,5,17,17,13581.0
3305,2016,5,17,18,13539.0
3306,2016,5,17,19,13505.0
3307,2016,5,17,20,13629.0
3308,2016,5,17,21,14001.0
3309,2016,5,17,22,13965.0
3310,2016,5,17,23,13168.0
3311,2016,5,18,0,12196.0
3312,2016,5,18,1,11611.0
3313,2016,5,18,2,11230.0
3314,2016,5,18,3,11095.0
3315,2016,5,18,4,10990.0
3316,2016,5,18,5,11221.0
3317,2016,5,18,6,11958.0
3318,2016,5,18,7,13052.0
3319,2016,5,18,8,13666.0
3320,2016,5,18,9,13827.0
3321,2016,5,18,10,13891.0
3322,2016,5,18,11,13977.0
3323,2016,5,18,12,13994.0
3324,2016,5,18,13,13968.0
3325,2016,5,18,14,13923.0
3326,2016,5,18,15,13711.0
3327,2016,5,18,16,13603.0
3328,2016,5,18,17,13547.0
3329,2016,5,18,18,13550.0
3330,2016,5,18,19,13450.0
3331,2016,5,18,20,13394.0
3332,2016,5,18,21,13623.0
3333,2016,5,18,22,13755.0
3334,2016,5,18,23,12896.0
3335,2016,5,19,0,12099.0
3336,2016,5,19,1,11493.0
3337,2016,5,19,2,11182.0
3338,2016,5,19,3,11063.0
3339,2016,5,19,4,11057.0
3340,2016,5,19,5,11307.0
3341,2016,5,19,6,12077.0
3342,2016,5,19,7,13060.0
3343,2016,5,19,8,13702.0
3344,2016,5,19,9,13861.0
3345,2016,5,19,10,14040.0
3346,2016,5,19,11,14063.0
3347,2016,5,19,12,13968.0
3348,2016,5,19,13,13975.0
3349,2016,5,19,14,14034.0
3350,2016,5,19,15,13817.0
3351,2016,5,19,16,13738.0
3352,2016,5,19,17,13717.0
3353,2016,5,19,18,13618.0
3354,2016,5,19,19,13451.0
3355,2016,5,19,20,13386.0
3356,2016,5,19,21,13502.0
3357,2016,5,19,22,13776.0
3358,2016,5,19,23,12962.0
3359,2016,5,20,0,11978.0
3360,2016,5,20,1,11241.0
3361,2016,5,20,2,10816.0
3362,2016,5,20,3,10802.0
3363,2016,5,20,4,10828.0
3364,2016,5,20,5,11020.0
3365,2016,5,20,6,11684.0
3366,2016,5,20,7,12650.0
3367,2016,5,20,8,13385.0
3368,2016,5,20,9,13627.0
3369,2016,5,20,10,13665.0
3370,2016,5,20,11,13774.0
3371,2016,5,20,12,13978.0
3372,2016,5,20,13,13821.0
3373,2016,5,20,14,13783.0
3374,2016,5,20,15,13626.0
3375,2016,5,20,16,13553.0
3376,2016,5,20,17,13363.0
3377,2016,5,20,18,13225.0
3378,2016,5,20,19,13089.0
3379,2016,5,20,20,13028.0
3380,2016,5,20,21,13334.0
3381,2016,5,20,22,13168.0
3382,2016,5,20,23,12657.0
3383,2016,5,21,0,11746.0
3384,2016,5,21,1,11047.0
3385,2016,5,21,2,10555.0
3386,2016,5,21,3,10304.0
3387,2016,5,21,4,10297.0
3388,2016,5,21,5,10297.0
3389,2016,5,21,6,10496.0
3390,2016,5,21,7,10758.0
3391,2016,5,21,8,11132.0
3392,2016,5,21,9,11782.0
3393,2016,5,21,10,12195.0
3394,2016,5,21,11,12482.0
3395,2016,5,21,12,12488.0
3396,2016,5,21,13,12468.0
3397,2016,5,21,14,12445.0
3398,2016,5,21,15,12278.0
3399,2016,5,21,16,12287.0
3400,2016,5,21,17,12272.0
3401,2016,5,21,18,12264.0
3402,2016,5,21,19,12153.0
3403,2016,5,21,20,12144.0
3404,2016,5,21,21,12176.0
3405,2016,5,21,22,12286.0
3406,2016,5,21,23,11717.0
3407,2016,5,22,0,10971.0
3408,2016,5,22,1,10402.0
3409,2016,5,22,2,10045.0
3410,2016,5,22,3,9848.0
3411,2016,5,22,4,9716.0
3412,2016,5,22,5,9711.0
3413,2016,5,22,6,9845.0
3414,2016,5,22,7,9888.0
3415,2016,5,22,8,10351.0
3416,2016,5,22,9,10886.0
3417,2016,5,22,10,11344.0
3418,2016,5,22,11,11569.0
3419,2016,5,22,12,11730.0
3420,2016,5,22,13,11834.0
3421,2016,5,22,14,11939.0
3422,2016,5,22,15,11892.0
3423,2016,5,22,16,11928.0
3424,2016,5,22,17,12197.0
3425,2016,5,22,18,12301.0
3426,2016,5,22,19,12401.0
3427,2016,5,22,20,12450.0
3428,2016,5,22,21,12533.0
3429,2016,5,22,22,12674.0
3430,2016,5,22,23,12188.0
3431,2016,5,23,0,11326.0
3432,2016,5,23,1,10837.0
3433,2016,5,23,2,10451.0
3434,2016,5,23,3,10371.0
3435,2016,5,23,4,10467.0
3436,2016,5,23,5,10728.0
3437,2016,5,23,6,11355.0
3438,2016,5,23,7,12536.0
3439,2016,5,23,8,13392.0
3440,2016,5,23,9,13759.0
3441,2016,5,23,10,13897.0
3442,2016,5,23,11,14110.0
3443,2016,5,23,12,14200.0
3444,2016,5,23,13,14280.0
3445,2016,5,23,14,14393.0
3446,2016,5,23,15,14477.0
3447,2016,5,23,16,14602.0
3448,2016,5,23,17,14713.0
3449,2016,5,23,18,14682.0
3450,2016,5,23,19,14547.0
3451,2016,5,23,20,14341.0
3452,2016,5,23,21,14351.0
3453,2016,5,23,22,14436.0
3454,2016,5,23,23,13366.0
3455,2016,5,24,0,12448.0
3456,2016,5,24,1,11671.0
3457,2016,5,24,2,11206.0
3458,2016,5,24,3,10922.0
3459,2016,5,24,4,10821.0
3460,2016,5,24,5,10986.0
3461,2016,5,24,6,11663.0
3462,2016,5,24,7,12604.0
3463,2016,5,24,8,13389.0
3464,2016,5,24,9,13780.0
3465,2016,5,24,10,14069.0
3466,2016,5,24,11,14360.0
3467,2016,5,24,12,14668.0
3468,2016,5,24,13,14952.0
3469,2016,5,24,14,15263.0
3470,2016,5,24,15,15561.0
3471,2016,5,24,16,15567.0
3472,2016,5,24,17,15809.0
3473,2016,5,24,18,15755.0
3474,2016,5,24,19,15657.0
3475,2016,5,24,20,15424.0
3476,2016,5,24,21,15260.0
3477,2016,5,24,22,15158.0
3478,2016,5,24,23,14092.0
3479,2016,5,25,0,12758.0
3480,2016,5,25,1,11908.0
3481,2016,5,25,2,11319.0
3482,2016,5,25,3,11062.0
3483,2016,5,25,4,10898.0
3484,2016,5,25,5,11047.0
3485,2016,5,25,6,11669.0
3486,2016,5,25,7,12505.0
3487,2016,5,25,8,13264.0
3488,2016,5,25,9,13677.0
3489,2016,5,25,10,14004.0
3490,2016,5,25,11,14687.0
3491,2016,5,25,12,15177.0
3492,2016,5,25,13,15641.0
3493,2016,5,25,14,15986.0
3494,2016,5,25,15,16198.0
3495,2016,5,25,16,16326.0
3496,2016,5,25,17,16524.0
3497,2016,5,25,18,16560.0
3498,2016,5,25,19,16337.0
3499,2016,5,25,20,16064.0
3500,2016,5,25,21,16033.0
3501,2016,5,25,22,15837.0
3502,2016,5,25,23,14830.0
3503,2016,5,26,0,13572.0
3504,2016,5,26,1,12590.0
3505,2016,5,26,2,11950.0
3506,2016,5,26,3,11607.0
3507,2016,5,26,4,11436.0
3508,2016,5,26,5,11563.0
3509,2016,5,26,6,12147.0
3510,2016,5,26,7,13094.0
3511,2016,5,26,8,13933.0
3512,2016,5,26,9,14500.0
3513,2016,5,26,10,14976.0
3514,2016,5,26,11,15631.0
3515,2016,5,26,12,16132.0
3516,2016,5,26,13,16506.0
3517,2016,5,26,14,16896.0
3518,2016,5,26,15,17041.0
3519,2016,5,26,16,17232.0
3520,2016,5,26,17,17337.0
3521,2016,5,26,18,17245.0
3522,2016,5,26,19,16968.0
3523,2016,5,26,20,16630.0
3524,2016,5,26,21,16318.0
3525,2016,5,26,22,16263.0
3526,2016,5,26,23,15186.0
3527,2016,5,27,0,13742.0
3528,2016,5,27,1,12584.0
3529,2016,5,27,2,12079.0
3530,2016,5,27,3,11594.0
3531,2016,5,27,4,11346.0
3532,2016,5,27,5,11350.0
3533,2016,5,27,6,11838.0
3534,2016,5,27,7,12533.0
3535,2016,5,27,8,13473.0
3536,2016,5,27,9,14373.0
3537,2016,5,27,10,14949.0
3538,2016,5,27,11,15784.0
3539,2016,5,27,12,16528.0
3540,2016,5,27,13,17229.0
3541,2016,5,27,14,17773.0
3542,2016,5,27,15,18143.0
3543,2016,5,27,16,18306.0
3544,2016,5,27,17,18402.0
3545,2016,5,27,18,18390.0
3546,2016,5,27,19,17928.0
3547,2016,5,27,20,17147.0
3548,2016,5,27,21,16632.0
3549,2016,5,27,22,16372.0
3550,2016,5,27,23,15294.0
3551,2016,5,28,0,13859.0
3552,2016,5,28,1,12692.0
3553,2016,5,28,2,11961.0
3554,2016,5,28,3,11437.0
3555,2016,5,28,4,11098.0
3556,2016,5,28,5,10960.0
3557,2016,5,28,6,10995.0
3558,2016,5,28,7,10963.0
3559,2016,5,28,8,11483.0
3560,2016,5,28,9,12352.0
3561,2016,5,28,10,13361.0
3562,2016,5,28,11,14378.0
3563,2016,5,28,12,15193.0
3564,2016,5,28,13,15791.0
3565,2016,5,28,14,16184.0
3566,2016,5,28,15,16584.0
3567,2016,5,28,16,16747.0
3568,2016,5,28,17,16712.0
3569,2016,5,28,18,16554.0
3570,2016,5,28,19,16240.0
3571,2016,5,28,20,15682.0
3572,2016,5,28,21,15204.0
3573,2016,5,28,22,14963.0
3574,2016,5,28,23,14066.0
3575,2016,5,29,0,12960.0
3576,2016,5,29,1,11983.0
3577,2016,5,29,2,11287.0
3578,2016,5,29,3,10834.0
3579,2016,5,29,4,10529.0
3580,2016,5,29,5,10450.0
3581,2016,5,29,6,10448.0
3582,2016,5,29,7,10441.0
3583,2016,5,29,8,10892.0
3584,2016,5,29,9,11812.0
3585,2016,5,29,10,12671.0
3586,2016,5,29,11,13300.0
3587,2016,5,29,12,13944.0
3588,2016,5,29,13,14364.0
3589,2016,5,29,14,14732.0
3590,2016,5,29,15,15017.0
3591,2016,5,29,16,15115.0
3592,2016,5,29,17,15289.0
3593,2016,5,29,18,15286.0
3594,2016,5,29,19,15020.0
3595,2016,5,29,20,14587.0
3596,2016,5,29,21,14069.0
3597,2016,5,29,22,13907.0
3598,2016,5,29,23,13335.0
3599,2016,5,30,0,12304.0
3600,2016,5,30,1,11483.0
3601,2016,5,30,2,10838.0
3602,2016,5,30,3,10484.0
3603,2016,5,30,4,10216.0
3604,2016,5,30,5,10188.0
3605,2016,5,30,6,10327.0
3606,2016,5,30,7,10204.0
3607,2016,5,30,8,10613.0
3608,2016,5,30,9,11430.0
3609,2016,5,30,10,12470.0
3610,2016,5,30,11,13431.0
3611,2016,5,30,12,14206.0
3612,2016,5,30,13,14833.0
3613,2016,5,30,14,15424.0
3614,2016,5,30,15,15761.0
3615,2016,5,30,16,16137.0
3616,2016,5,30,17,16462.0
3617,2016,5,30,18,16699.0
3618,2016,5,30,19,16626.0
3619,2016,5,30,20,16344.0
3620,2016,5,30,21,15757.0
3621,2016,5,30,22,15621.0
3622,2016,5,30,23,14534.0
3623,2016,5,31,0,13263.0
3624,2016,5,31,1,12307.0
3625,2016,5,31,2,11617.0
3626,2016,5,31,3,11235.0
3627,2016,5,31,4,11125.0
3628,2016,5,31,5,11147.0
3629,2016,5,31,6,11699.0
3630,2016,5,31,7,12560.0
3631,2016,5,31,8,13450.0
3632,2016,5,31,9,14361.0
3633,2016,5,31,10,15148.0
3634,2016,5,31,11,16192.0
3635,2016,5,31,12,17121.0
3636,2016,5,31,13,17760.0
3637,2016,5,31,14,18418.0
3638,2016,5,31,15,18842.0
3639,2016,5,31,16,19017.0
3640,2016,5,31,17,19271.0
3641,2016,5,31,18,19060.0
3642,2016,5,31,19,18740.0
3643,2016,5,31,20,18050.0
3644,2016,5,31,21,17419.0
3645,2016,5,31,22,16961.0
3646,2016,5,31,23,15665.0
3647,2016,6,1,0,14180.0
3648,2016,6,1,1,13111.0
3649,2016,6,1,2,12239.0
3650,2016,6,1,3,11559.0
3651,2016,6,1,4,11282.0
3652,2016,6,1,5,11538.0
3653,2016,6,1,6,12306.0
3654,2016,6,1,7,13053.0
3655,2016,6,1,8,14099.0
3656,2016,6,1,9,14998.0
3657,2016,6,1,10,15549.0
3658,2016,6,1,11,16449.0
3659,2016,6,1,12,17376.0
3660,2016,6,1,13,17965.0
3661,2016,6,1,14,18655.0
3662,2016,6,1,15,19033.0
3663,2016,6,1,16,19221.0
3664,2016,6,1,17,19252.0
3665,2016,6,1,18,18881.0
3666,2016,6,1,19,18465.0
3667,2016,6,1,20,17975.0
3668,2016,6,1,21,17564.0
3669,2016,6,1,22,17347.0
3670,2016,6,1,23,16014.0
3671,2016,6,2,0,14684.0
3672,2016,6,2,1,13401.0
3673,2016,6,2,2,12746.0
3674,2016,6,2,3,12323.0
3675,2016,6,2,4,12072.0
3676,2016,6,2,5,12233.0
3677,2016,6,2,6,12856.0
3678,2016,6,2,7,13627.0
3679,2016,6,2,8,14451.0
3680,2016,6,2,9,15166.0
3681,2016,6,2,10,15876.0
3682,2016,6,2,11,16494.0
3683,2016,6,2,12,17043.0
3684,2016,6,2,13,17575.0
3685,2016,6,2,14,18102.0
3686,2016,6,2,15,18311.0
3687,2016,6,2,16,18371.0
3688,2016,6,2,17,18225.0
3689,2016,6,2,18,17979.0
3690,2016,6,2,19,17712.0
3691,2016,6,2,20,17078.0
3692,2016,6,2,21,16803.0
3693,2016,6,2,22,16489.0
3694,2016,6,2,23,15437.0
3695,2016,6,3,0,14208.0
3696,2016,6,3,1,13193.0
3697,2016,6,3,2,12523.0
3698,2016,6,3,3,12094.0
3699,2016,6,3,4,11945.0
3700,2016,6,3,5,11986.0
3701,2016,6,3,6,12603.0
3702,2016,6,3,7,13132.0
3703,2016,6,3,8,14031.0
3704,2016,6,3,9,14770.0
3705,2016,6,3,10,15517.0
3706,2016,6,3,11,16273.0
3707,2016,6,3,12,16735.0
3708,2016,6,3,13,17347.0
3709,2016,6,3,14,17756.0
3710,2016,6,3,15,18046.0
3711,2016,6,3,16,18248.0
3712,2016,6,3,17,18455.0
3713,2016,6,3,18,18315.0
3714,2016,6,3,19,18048.0
3715,2016,6,3,20,17288.0
3716,2016,6,3,21,16647.0
3717,2016,6,3,22,16350.0
3718,2016,6,3,23,15383.0
3719,2016,6,4,0,13917.0
3720,2016,6,4,1,12882.0
3721,2016,6,4,2,12178.0
3722,2016,6,4,3,11774.0
3723,2016,6,4,4,11466.0
3724,2016,6,4,5,11293.0
3725,2016,6,4,6,11454.0
3726,2016,6,4,7,11582.0
3727,2016,6,4,8,11919.0
3728,2016,6,4,9,12616.0
3729,2016,6,4,10,13463.0
3730,2016,6,4,11,14368.0
3731,2016,6,4,12,15146.0
3732,2016,6,4,13,15636.0
3733,2016,6,4,14,15920.0
3734,2016,6,4,15,15948.0
3735,2016,6,4,16,15709.0
3736,2016,6,4,17,15602.0
3737,2016,6,4,18,15458.0
3738,2016,6,4,19,14934.0
3739,2016,6,4,20,14697.0
3740,2016,6,4,21,14529.0
3741,2016,6,4,22,14399.0
3742,2016,6,4,23,13572.0
3743,2016,6,5,0,12714.0
3744,2016,6,5,1,11898.0
3745,2016,6,5,2,11364.0
3746,2016,6,5,3,11051.0
3747,2016,6,5,4,10927.0
3748,2016,6,5,5,10808.0
3749,2016,6,5,6,10850.0
3750,2016,6,5,7,10883.0
3751,2016,6,5,8,11095.0
3752,2016,6,5,9,11855.0
3753,2016,6,5,10,12640.0
3754,2016,6,5,11,13198.0
3755,2016,6,5,12,13762.0
3756,2016,6,5,13,14277.0
3757,2016,6,5,14,14519.0
3758,2016,6,5,15,14636.0
3759,2016,6,5,16,14799.0
3760,2016,6,5,17,14970.0
3761,2016,6,5,18,15016.0
3762,2016,6,5,19,14930.0
3763,2016,6,5,20,14764.0
3764,2016,6,5,21,14483.0
3765,2016,6,5,22,14404.0
3766,2016,6,5,23,13801.0
3767,2016,6,6,0,12767.0
3768,2016,6,6,1,11948.0
3769,2016,6,6,2,11314.0
3770,2016,6,6,3,11008.0
3771,2016,6,6,4,10743.0
3772,2016,6,6,5,10907.0
3773,2016,6,6,6,11498.0
3774,2016,6,6,7,12293.0
3775,2016,6,6,8,13388.0
3776,2016,6,6,9,14214.0
3777,2016,6,6,10,14985.0
3778,2016,6,6,11,15752.0
3779,2016,6,6,12,16286.0
3780,2016,6,6,13,16764.0
3781,2016,6,6,14,17310.0
3782,2016,6,6,15,17491.0
3783,2016,6,6,16,17687.0
3784,2016,6,6,17,17746.0
3785,2016,6,6,18,17633.0
3786,2016,6,6,19,17213.0
3787,2016,6,6,20,16758.0
3788,2016,6,6,21,16196.0
3789,2016,6,6,22,16065.0
3790,2016,6,6,23,15068.0
3791,2016,6,7,0,13685.0
3792,2016,6,7,1,12688.0
3793,2016,6,7,2,11846.0
3794,2016,6,7,3,11557.0
3795,2016,6,7,4,11256.0
3796,2016,6,7,5,11475.0
3797,2016,6,7,6,11988.0
3798,2016,6,7,7,12770.0
3799,2016,6,7,8,13655.0
3800,2016,6,7,9,14307.0
3801,2016,6,7,10,14904.0
3802,2016,6,7,11,15559.0
3803,2016,6,7,12,15956.0
3804,2016,6,7,13,16160.0
3805,2016,6,7,14,16284.0
3806,2016,6,7,15,16081.0
3807,2016,6,7,16,15898.0
3808,2016,6,7,17,15648.0
3809,2016,6,7,18,15641.0
3810,2016,6,7,19,15191.0
3811,2016,6,7,20,14846.0
3812,2016,6,7,21,14582.0
3813,2016,6,7,22,14646.0
3814,2016,6,7,23,13760.0
3815,2016,6,8,0,12648.0
3816,2016,6,8,1,11886.0
3817,2016,6,8,2,11260.0
3818,2016,6,8,3,10919.0
3819,2016,6,8,4,10877.0
3820,2016,6,8,5,10846.0
3821,2016,6,8,6,11384.0
3822,2016,6,8,7,12014.0
3823,2016,6,8,8,12645.0
3824,2016,6,8,9,13192.0
3825,2016,6,8,10,13540.0
3826,2016,6,8,11,13907.0
3827,2016,6,8,12,14032.0
3828,2016,6,8,13,14283.0
3829,2016,6,8,14,14418.0
3830,2016,6,8,15,14479.0
3831,2016,6,8,16,14550.0
3832,2016,6,8,17,14691.0
3833,2016,6,8,18,14681.0
3834,2016,6,8,19,14669.0
3835,2016,6,8,20,14428.0
3836,2016,6,8,21,14084.0
3837,2016,6,8,22,14063.0
3838,2016,6,8,23,13376.0
3839,2016,6,9,0,12409.0
3840,2016,6,9,1,11540.0
3841,2016,6,9,2,11158.0
3842,2016,6,9,3,10815.0
3843,2016,6,9,4,10747.0
3844,2016,6,9,5,10867.0
3845,2016,6,9,6,11532.0
3846,2016,6,9,7,12188.0
3847,2016,6,9,8,12880.0
3848,2016,6,9,9,13331.0
3849,2016,6,9,10,13800.0
3850,2016,6,9,11,14184.0
3851,2016,6,9,12,14465.0
3852,2016,6,9,13,14759.0
3853,2016,6,9,14,15073.0
3854,2016,6,9,15,15356.0
3855,2016,6,9,16,15494.0
3856,2016,6,9,17,15661.0
3857,2016,6,9,18,15683.0
3858,2016,6,9,19,15401.0
3859,2016,6,9,20,15118.0
3860,2016,6,9,21,14820.0
3861,2016,6,9,22,14826.0
3862,2016,6,9,23,14087.0
3863,2016,6,10,0,13045.0
3864,2016,6,10,1,12196.0
3865,2016,6,10,2,11637.0
3866,2016,6,10,3,11370.0
3867,2016,6,10,4,11165.0
3868,2016,6,10,5,11313.0
3869,2016,6,10,6,11763.0
3870,2016,6,10,7,12451.0
3871,2016,6,10,8,13212.0
3872,2016,6,10,9,13894.0
3873,2016,6,10,10,14611.0
3874,2016,6,10,11,15181.0
3875,2016,6,10,12,15768.0
3876,2016,6,10,13,16257.0
3877,2016,6,10,14,16614.0
3878,2016,6,10,15,16962.0
3879,2016,6,10,16,17244.0
3880,2016,6,10,17,17515.0
3881,2016,6,10,18,17719.0
3882,2016,6,10,19,17629.0
3883,2016,6,10,20,17261.0
3884,2016,6,10,21,16676.0
3885,2016,6,10,22,16465.0
3886,2016,6,10,23,15577.0
3887,2016,6,11,0,14271.0
3888,2016,6,11,1,13169.0
3889,2016,6,11,2,12410.0
3890,2016,6,11,3,11912.0
3891,2016,6,11,4,11684.0
3892,2016,6,11,5,11548.0
3893,2016,6,11,6,11593.0
3894,2016,6,11,7,11657.0
3895,2016,6,11,8,12243.0
3896,2016,6,11,9,13400.0
3897,2016,6,11,10,14692.0
3898,2016,6,11,11,15848.0
3899,2016,6,11,12,16895.0
3900,2016,6,11,13,17615.0
3901,2016,6,11,14,18206.0
3902,2016,6,11,15,18740.0
3903,2016,6,11,16,19108.0
3904,2016,6,11,17,19358.0
3905,2016,6,11,18,19381.0
3906,2016,6,11,19,18973.0
3907,2016,6,11,20,18448.0
3908,2016,6,11,21,17810.0
3909,2016,6,11,22,17407.0
3910,2016,6,11,23,16596.0
3911,2016,6,12,0,15144.0
3912,2016,6,12,1,14124.0
3913,2016,6,12,2,13140.0
3914,2016,6,12,3,12863.0
3915,2016,6,12,4,12237.0
3916,2016,6,12,5,11930.0
3917,2016,6,12,6,11836.0
3918,2016,6,12,7,11621.0
3919,2016,6,12,8,12221.0
3920,2016,6,12,9,13323.0
3921,2016,6,12,10,14399.0
3922,2016,6,12,11,15265.0
3923,2016,6,12,12,15875.0
3924,2016,6,12,13,16417.0
3925,2016,6,12,14,16810.0
3926,2016,6,12,15,17112.0
3927,2016,6,12,16,17293.0
3928,2016,6,12,17,17339.0
3929,2016,6,12,18,17349.0
3930,2016,6,12,19,17037.0
3931,2016,6,12,20,16527.0
3932,2016,6,12,21,15812.0
3933,2016,6,12,22,15546.0
3934,2016,6,12,23,14656.0
3935,2016,6,13,0,13408.0
3936,2016,6,13,1,12454.0
3937,2016,6,13,2,11835.0
3938,2016,6,13,3,11371.0
3939,2016,6,13,4,11146.0
3940,2016,6,13,5,11322.0
3941,2016,6,13,6,11636.0
3942,2016,6,13,7,12130.0
3943,2016,6,13,8,13081.0
3944,2016,6,13,9,13889.0
3945,2016,6,13,10,14486.0
3946,2016,6,13,11,15155.0
3947,2016,6,13,12,15664.0
3948,2016,6,13,13,16331.0
3949,2016,6,13,14,16760.0
3950,2016,6,13,15,17106.0
3951,2016,6,13,16,17562.0
3952,2016,6,13,17,17950.0
3953,2016,6,13,18,18093.0
3954,2016,6,13,19,18036.0
3955,2016,6,13,20,17637.0
3956,2016,6,13,21,16945.0
3957,2016,6,13,22,16488.0
3958,2016,6,13,23,15423.0
3959,2016,6,14,0,14012.0
3960,2016,6,14,1,12909.0
3961,2016,6,14,2,12208.0
3962,2016,6,14,3,11738.0
3963,2016,6,14,4,11568.0
3964,2016,6,14,5,11581.0
3965,2016,6,14,6,12022.0
3966,2016,6,14,7,12624.0
3967,2016,6,14,8,13430.0
3968,2016,6,14,9,14176.0
3969,2016,6,14,10,14617.0
3970,2016,6,14,11,15354.0
3971,2016,6,14,12,16051.0
3972,2016,6,14,13,16654.0
3973,2016,6,14,14,17225.0
3974,2016,6,14,15,17785.0
3975,2016,6,14,16,18192.0
3976,2016,6,14,17,18479.0
3977,2016,6,14,18,18569.0
3978,2016,6,14,19,18314.0
3979,2016,6,14,20,17799.0
3980,2016,6,14,21,17283.0
3981,2016,6,14,22,17058.0
3982,2016,6,14,23,15991.0
3983,2016,6,15,0,14646.0
3984,2016,6,15,1,13558.0
3985,2016,6,15,2,12740.0
3986,2016,6,15,3,12341.0
3987,2016,6,15,4,12231.0
3988,2016,6,15,5,12248.0
3989,2016,6,15,6,12658.0
3990,2016,6,15,7,13351.0
3991,2016,6,15,8,14144.0
3992,2016,6,15,9,14960.0
3993,2016,6,15,10,15603.0
3994,2016,6,15,11,16411.0
3995,2016,6,15,12,17292.0
3996,2016,6,15,13,18053.0
3997,2016,6,15,14,18900.0
3998,2016,6,15,15,19435.0
3999,2016,6,15,16,19801.0
4000,2016,6,15,17,20109.0
4001,2016,6,15,18,20132.0
4002,2016,6,15,19,19752.0
4003,2016,6,15,20,19054.0
4004,2016,6,15,21,18306.0
4005,2016,6,15,22,17723.0
4006,2016,6,15,23,16480.0
4007,2016,6,16,0,15101.0
4008,2016,6,16,1,13976.0
4009,2016,6,16,2,13258.0
4010,2016,6,16,3,12774.0
4011,2016,6,16,4,12433.0
4012,2016,6,16,5,12508.0
4013,2016,6,16,6,12989.0
4014,2016,6,16,7,13650.0
4015,2016,6,16,8,14653.0
4016,2016,6,16,9,15619.0
4017,2016,6,16,10,16418.0
4018,2016,6,16,11,17171.0
4019,2016,6,16,12,18022.0
4020,2016,6,16,13,18701.0
4021,2016,6,16,14,19402.0
4022,2016,6,16,15,19503.0
4023,2016,6,16,16,19427.0
4024,2016,6,16,17,19087.0
4025,2016,6,16,18,18673.0
4026,2016,6,16,19,18160.0
4027,2016,6,16,20,17596.0
4028,2016,6,16,21,17126.0
4029,2016,6,16,22,16705.0
4030,2016,6,16,23,15655.0
4031,2016,6,17,0,14344.0
4032,2016,6,17,1,13330.0
4033,2016,6,17,2,12571.0
4034,2016,6,17,3,12187.0
4035,2016,6,17,4,11968.0
4036,2016,6,17,5,12020.0
4037,2016,6,17,6,12430.0
4038,2016,6,17,7,13093.0
4039,2016,6,17,8,13952.0
4040,2016,6,17,9,14596.0
4041,2016,6,17,10,15209.0
4042,2016,6,17,11,15730.0
4043,2016,6,17,12,16275.0
4044,2016,6,17,13,16766.0
4045,2016,6,17,14,17104.0
4046,2016,6,17,15,17498.0
4047,2016,6,17,16,17690.0
4048,2016,6,17,17,17917.0
4049,2016,6,17,18,17882.0
4050,2016,6,17,19,17580.0
4051,2016,6,17,20,17077.0
4052,2016,6,17,21,16267.0
4053,2016,6,17,22,15907.0
4054,2016,6,17,23,14849.0
4055,2016,6,18,0,13671.0
4056,2016,6,18,1,12524.0
4057,2016,6,18,2,11657.0
4058,2016,6,18,3,11285.0
4059,2016,6,18,4,10879.0
4060,2016,6,18,5,10720.0
4061,2016,6,18,6,10770.0
4062,2016,6,18,7,10725.0
4063,2016,6,18,8,11406.0
4064,2016,6,18,9,12318.0
4065,2016,6,18,10,13341.0
4066,2016,6,18,11,14218.0
4067,2016,6,18,12,15021.0
4068,2016,6,18,13,15621.0
4069,2016,6,18,14,16208.0
4070,2016,6,18,15,16632.0
4071,2016,6,18,16,17055.0
4072,2016,6,18,17,17385.0
4073,2016,6,18,18,17393.0
4074,2016,6,18,19,17217.0
4075,2016,6,18,20,16707.0
4076,2016,6,18,21,15900.0
4077,2016,6,18,22,15499.0
4078,2016,6,18,23,14601.0
4079,2016,6,19,0,13320.0
4080,2016,6,19,1,12270.0
4081,2016,6,19,2,11594.0
4082,2016,6,19,3,11105.0
4083,2016,6,19,4,10779.0
4084,2016,6,19,5,10573.0
4085,2016,6,19,6,10528.0
4086,2016,6,19,7,10434.0
4087,2016,6,19,8,10982.0
4088,2016,6,19,9,11942.0
4089,2016,6,19,10,12888.0
4090,2016,6,19,11,13683.0
4091,2016,6,19,12,14496.0
4092,2016,6,19,13,15295.0
4093,2016,6,19,14,15925.0
4094,2016,6,19,15,16461.0
4095,2016,6,19,16,16953.0
4096,2016,6,19,17,17341.0
4097,2016,6,19,18,17574.0
4098,2016,6,19,19,17461.0
4099,2016,6,19,20,17196.0
4100,2016,6,19,21,16569.0
4101,2016,6,19,22,16327.0
4102,2016,6,19,23,15373.0
4103,2016,6,20,0,14227.0
4104,2016,6,20,1,13329.0
4105,2016,6,20,2,12671.0
4106,2016,6,20,3,12266.0
4107,2016,6,20,4,12038.0
4108,2016,6,20,5,12173.0
4109,2016,6,20,6,12683.0
4110,2016,6,20,7,13345.0
4111,2016,6,20,8,14410.0
4112,2016,6,20,9,15417.0
4113,2016,6,20,10,16412.0
4114,2016,6,20,11,17505.0
4115,2016,6,20,12,18608.0
4116,2016,6,20,13,19398.0
4117,2016,6,20,14,20070.0
4118,2016,6,20,15,20292.0
4119,2016,6,20,16,20119.0
4120,2016,6,20,17,20199.0
4121,2016,6,20,18,20023.0
4122,2016,6,20,19,19931.0
4123,2016,6,20,20,19508.0
4124,2016,6,20,21,18880.0
4125,2016,6,20,22,18388.0
4126,2016,6,20,23,17219.0
4127,2016,6,21,0,15836.0
4128,2016,6,21,1,14595.0
4129,2016,6,21,2,13718.0
4130,2016,6,21,3,13203.0
4131,2016,6,21,4,12945.0
4132,2016,6,21,5,12882.0
4133,2016,6,21,6,13284.0
4134,2016,6,21,7,14091.0
4135,2016,6,21,8,14953.0
4136,2016,6,21,9,15771.0
4137,2016,6,21,10,16444.0
4138,2016,6,21,11,17338.0
4139,2016,6,21,12,17871.0
4140,2016,6,21,13,18527.0
4141,2016,6,21,14,19008.0
4142,2016,6,21,15,19115.0
4143,2016,6,21,16,18984.0
4144,2016,6,21,17,18919.0
4145,2016,6,21,18,18806.0
4146,2016,6,21,19,18442.0
4147,2016,6,21,20,18039.0
4148,2016,6,21,21,17293.0
4149,2016,6,21,22,16881.0
4150,2016,6,21,23,15881.0
4151,2016,6,22,0,14575.0
4152,2016,6,22,1,13299.0
4153,2016,6,22,2,12553.0
4154,2016,6,22,3,12106.0
4155,2016,6,22,4,11796.0
4156,2016,6,22,5,11902.0
4157,2016,6,22,6,12249.0
4158,2016,6,22,7,12910.0
4159,2016,6,22,8,13757.0
4160,2016,6,22,9,14565.0
4161,2016,6,22,10,14933.0
4162,2016,6,22,11,15536.0
4163,2016,6,22,12,15962.0
4164,2016,6,22,13,16342.0
4165,2016,6,22,14,16649.0
4166,2016,6,22,15,16763.0
4167,2016,6,22,16,16752.0
4168,2016,6,22,17,16987.0
4169,2016,6,22,18,17049.0
4170,2016,6,22,19,17157.0
4171,2016,6,22,20,16866.0
4172,2016,6,22,21,16566.0
4173,2016,6,22,22,16447.0
4174,2016,6,22,23,15670.0
4175,2016,6,23,0,14628.0
4176,2016,6,23,1,13570.0
4177,2016,6,23,2,12940.0
4178,2016,6,23,3,12445.0
4179,2016,6,23,4,12326.0
4180,2016,6,23,5,12317.0
4181,2016,6,23,6,12903.0
4182,2016,6,23,7,13793.0
4183,2016,6,23,8,14445.0
4184,2016,6,23,9,15047.0
4185,2016,6,23,10,15527.0
4186,2016,6,23,11,15963.0
4187,2016,6,23,12,16427.0
4188,2016,6,23,13,16950.0
4189,2016,6,23,14,17518.0
4190,2016,6,23,15,17940.0
4191,2016,6,23,16,18366.0
4192,2016,6,23,17,18572.0
4193,2016,6,23,18,18490.0
4194,2016,6,23,19,18089.0
4195,2016,6,23,20,17461.0
4196,2016,6,23,21,16795.0
4197,2016,6,23,22,16407.0
4198,2016,6,23,23,15474.0
4199,2016,6,24,0,14228.0
4200,2016,6,24,1,13234.0
4201,2016,6,24,2,12525.0
4202,2016,6,24,3,12064.0
4203,2016,6,24,4,11852.0
4204,2016,6,24,5,11818.0
4205,2016,6,24,6,12323.0
4206,2016,6,24,7,12963.0
4207,2016,6,24,8,13744.0
4208,2016,6,24,9,14401.0
4209,2016,6,24,10,15040.0
4210,2016,6,24,11,15759.0
4211,2016,6,24,12,16379.0
4212,2016,6,24,13,16909.0
4213,2016,6,24,14,17377.0
4214,2016,6,24,15,17746.0
4215,2016,6,24,16,18069.0
4216,2016,6,24,17,18334.0
4217,2016,6,24,18,18353.0
4218,2016,6,24,19,17998.0
4219,2016,6,24,20,17492.0
4220,2016,6,24,21,16779.0
4221,2016,6,24,22,16209.0
4222,2016,6,24,23,15101.0
4223,2016,6,25,0,13751.0
4224,2016,6,25,1,12690.0
4225,2016,6,25,2,11868.0
4226,2016,6,25,3,11469.0
4227,2016,6,25,4,11104.0
4228,2016,6,25,5,10929.0
4229,2016,6,25,6,11061.0
4230,2016,6,25,7,11141.0
4231,2016,6,25,8,11782.0
4232,2016,6,25,9,12669.0
4233,2016,6,25,10,13613.0
4234,2016,6,25,11,14498.0
4235,2016,6,25,12,15362.0
4236,2016,6,25,13,16040.0
4237,2016,6,25,14,16616.0
4238,2016,6,25,15,17335.0
4239,2016,6,25,16,17817.0
4240,2016,6,25,17,18180.0
4241,2016,6,25,18,18375.0
4242,2016,6,25,19,18266.0
4243,2016,6,25,20,17776.0
4244,2016,6,25,21,17081.0
4245,2016,6,25,22,16436.0
4246,2016,6,25,23,15538.0
4247,2016,6,26,0,14129.0
4248,2016,6,26,1,13004.0
4249,2016,6,26,2,12254.0
4250,2016,6,26,3,11709.0
4251,2016,6,26,4,11376.0
4252,2016,6,26,5,11187.0
4253,2016,6,26,6,11063.0
4254,2016,6,26,7,10879.0
4255,2016,6,26,8,11493.0
4256,2016,6,26,9,12957.0
4257,2016,6,26,10,14307.0
4258,2016,6,26,11,15303.0
4259,2016,6,26,12,16368.0
4260,2016,6,26,13,17203.0
4261,2016,6,26,14,17794.0
4262,2016,6,26,15,18306.0
4263,2016,6,26,16,18738.0
4264,2016,6,26,17,19038.0
4265,2016,6,26,18,19260.0
4266,2016,6,26,19,18998.0
4267,2016,6,26,20,18422.0
4268,2016,6,26,21,17917.0
4269,2016,6,26,22,17335.0
4270,2016,6,26,23,16513.0
4271,2016,6,27,0,15023.0
4272,2016,6,27,1,14082.0
4273,2016,6,27,2,13345.0
4274,2016,6,27,3,12873.0
4275,2016,6,27,4,12632.0
4276,2016,6,27,5,12682.0
4277,2016,6,27,6,13154.0
4278,2016,6,27,7,13924.0
4279,2016,6,27,8,14840.0
4280,2016,6,27,9,15931.0
4281,2016,6,27,10,16867.0
4282,2016,6,27,11,18135.0
4283,2016,6,27,12,18924.0
4284,2016,6,27,13,19687.0
4285,2016,6,27,14,20215.0
4286,2016,6,27,15,20336.0
4287,2016,6,27,16,20331.0
4288,2016,6,27,17,20319.0
4289,2016,6,27,18,20242.0
4290,2016,6,27,19,19875.0
4291,2016,6,27,20,19433.0
4292,2016,6,27,21,18701.0
4293,2016,6,27,22,18161.0
4294,2016,6,27,23,16841.0
4295,2016,6,28,0,15439.0
4296,2016,6,28,1,14194.0
4297,2016,6,28,2,13304.0
4298,2016,6,28,3,12833.0
4299,2016,6,28,4,12549.0
4300,2016,6,28,5,12574.0
4301,2016,6,28,6,13012.0
4302,2016,6,28,7,13535.0
4303,2016,6,28,8,14531.0
4304,2016,6,28,9,15334.0
4305,2016,6,28,10,16031.0
4306,2016,6,28,11,16833.0
4307,2016,6,28,12,17369.0
4308,2016,6,28,13,17815.0
4309,2016,6,28,14,18227.0
4310,2016,6,28,15,18448.0
4311,2016,6,28,16,18602.0
4312,2016,6,28,17,18576.0
4313,2016,6,28,18,18479.0
4314,2016,6,28,19,18042.0
4315,2016,6,28,20,17315.0
4316,2016,6,28,21,16564.0
4317,2016,6,28,22,16158.0
4318,2016,6,28,23,15025.0
4319,2016,6,29,0,13931.0
4320,2016,6,29,1,12886.0
4321,2016,6,29,2,12136.0
4322,2016,6,29,3,11589.0
4323,2016,6,29,4,11369.0
4324,2016,6,29,5,11443.0
4325,2016,6,29,6,11824.0
4326,2016,6,29,7,12380.0
4327,2016,6,29,8,13266.0
4328,2016,6,29,9,14041.0
4329,2016,6,29,10,14656.0
4330,2016,6,29,11,15342.0
4331,2016,6,29,12,15743.0
4332,2016,6,29,13,16171.0
4333,2016,6,29,14,16682.0
4334,2016,6,29,15,16792.0
4335,2016,6,29,16,17100.0
4336,2016,6,29,17,17205.0
4337,2016,6,29,18,17275.0
4338,2016,6,29,19,17173.0
4339,2016,6,29,20,16667.0
4340,2016,6,29,21,15982.0
4341,2016,6,29,22,15608.0
4342,2016,6,29,23,14748.0
4343,2016,6,30,0,13401.0
4344,2016,6,30,1,12325.0
4345,2016,6,30,2,11646.0
4346,2016,6,30,3,11293.0
4347,2016,6,30,4,11113.0
4348,2016,6,30,5,11170.0
4349,2016,6,30,6,11590.0
4350,2016,6,30,7,12077.0
4351,2016,6,30,8,13048.0
4352,2016,6,30,9,13774.0
4353,2016,6,30,10,14517.0
4354,2016,6,30,11,15240.0
4355,2016,6,30,12,15679.0
4356,2016,6,30,13,16174.0
4357,2016,6,30,14,16775.0
4358,2016,6,30,15,17213.0
4359,2016,6,30,16,17461.0
4360,2016,6,30,17,17707.0
4361,2016,6,30,18,17590.0
4362,2016,6,30,19,17256.0
4363,2016,6,30,20,16708.0
4364,2016,6,30,21,16130.0
4365,2016,6,30,22,15827.0
4366,2016,6,30,23,14941.0
4367,2016,7,1,0,13701.0
4368,2016,7,1,1,12685.0
4369,2016,7,1,2,11963.0
4370,2016,7,1,3,11550.0
4371,2016,7,1,4,11356.0
4372,2016,7,1,5,11341.0
4373,2016,7,1,6,11817.0
4374,2016,7,1,7,12422.0
4375,2016,7,1,8,13023.0
4376,2016,7,1,9,13815.0
4377,2016,7,1,10,14404.0
4378,2016,7,1,11,15128.0
4379,2016,7,1,12,15710.0
4380,2016,7,1,13,16146.0
4381,2016,7,1,14,16581.0
4382,2016,7,1,15,16791.0
4383,2016,7,1,16,17023.0
4384,2016,7,1,17,17196.0
4385,2016,7,1,18,17145.0
4386,2016,7,1,19,16700.0
4387,2016,7,1,20,16133.0
4388,2016,7,1,21,15351.0
4389,2016,7,1,22,14813.0
4390,2016,7,1,23,14059.0
4391,2016,7,2,0,12841.0
4392,2016,7,2,1,11927.0
4393,2016,7,2,2,11241.0
4394,2016,7,2,3,10707.0
4395,2016,7,2,4,10441.0
4396,2016,7,2,5,10363.0
4397,2016,7,2,6,10369.0
4398,2016,7,2,7,10239.0
4399,2016,7,2,8,10549.0
4400,2016,7,2,9,11373.0
4401,2016,7,2,10,12216.0
4402,2016,7,2,11,13012.0
4403,2016,7,2,12,13539.0
4404,2016,7,2,13,13989.0
4405,2016,7,2,14,14163.0
4406,2016,7,2,15,14365.0
4407,2016,7,2,16,14607.0
4408,2016,7,2,17,14719.0
4409,2016,7,2,18,14608.0
4410,2016,7,2,19,14274.0
4411,2016,7,2,20,13859.0
4412,2016,7,2,21,13525.0
4413,2016,7,2,22,13428.0
4414,2016,7,2,23,12901.0
4415,2016,7,3,0,12176.0
4416,2016,7,3,1,11421.0
4417,2016,7,3,2,10769.0
4418,2016,7,3,3,10484.0
4419,2016,7,3,4,10274.0
4420,2016,7,3,5,10110.0
4421,2016,7,3,6,10104.0
4422,2016,7,3,7,10088.0
4423,2016,7,3,8,10321.0
4424,2016,7,3,9,10965.0
4425,2016,7,3,10,11578.0
4426,2016,7,3,11,11943.0
4427,2016,7,3,12,12252.0
4428,2016,7,3,13,12692.0
4429,2016,7,3,14,12765.0
4430,2016,7,3,15,13031.0
4431,2016,7,3,16,13056.0
4432,2016,7,3,17,12938.0
4433,2016,7,3,18,12893.0
4434,2016,7,3,19,12730.0
4435,2016,7,3,20,12545.0
4436,2016,7,3,21,12344.0
4437,2016,7,3,22,12358.0
4438,2016,7,3,23,12022.0
4439,2016,7,4,0,11490.0
4440,2016,7,4,1,10787.0
4441,2016,7,4,2,10388.0
4442,2016,7,4,3,10108.0
4443,2016,7,4,4,9917.0
4444,2016,7,4,5,9974.0
4445,2016,7,4,6,10046.0
4446,2016,7,4,7,10084.0
4447,2016,7,4,8,10306.0
4448,2016,7,4,9,10878.0
4449,2016,7,4,10,11448.0
4450,2016,7,4,11,12149.0
4451,2016,7,4,12,12708.0
4452,2016,7,4,13,13122.0
4453,2016,7,4,14,13358.0
4454,2016,7,4,15,13587.0
4455,2016,7,4,16,13737.0
4456,2016,7,4,17,13918.0
4457,2016,7,4,18,13884.0
4458,2016,7,4,19,13753.0
4459,2016,7,4,20,13565.0
4460,2016,7,4,21,13401.0
4461,2016,7,4,22,13374.0
4462,2016,7,4,23,13170.0
4463,2016,7,5,0,12585.0
4464,2016,7,5,1,11878.0
4465,2016,7,5,2,11440.0
4466,2016,7,5,3,11186.0
4467,2016,7,5,4,11122.0
4468,2016,7,5,5,11128.0
4469,2016,7,5,6,11591.0
4470,2016,7,5,7,12452.0
4471,2016,7,5,8,13365.0
4472,2016,7,5,9,14127.0
4473,2016,7,5,10,14976.0
4474,2016,7,5,11,15741.0
4475,2016,7,5,12,16416.0
4476,2016,7,5,13,16970.0
4477,2016,7,5,14,17683.0
4478,2016,7,5,15,18167.0
4479,2016,7,5,16,18616.0
4480,2016,7,5,17,18928.0
4481,2016,7,5,18,19066.0
4482,2016,7,5,19,18941.0
4483,2016,7,5,20,18621.0
4484,2016,7,5,21,17940.0
4485,2016,7,5,22,17430.0
4486,2016,7,5,23,16386.0
4487,2016,7,6,0,14940.0
4488,2016,7,6,1,13680.0
4489,2016,7,6,2,13018.0
4490,2016,7,6,3,12457.0
4491,2016,7,6,4,12180.0
4492,2016,7,6,5,12168.0
4493,2016,7,6,6,12568.0
4494,2016,7,6,7,13203.0
4495,2016,7,6,8,14019.0
4496,2016,7,6,9,14901.0
4497,2016,7,6,10,15815.0
4498,2016,7,6,11,16821.0
4499,2016,7,6,12,17623.0
4500,2016,7,6,13,18382.0
4501,2016,7,6,14,18931.0
4502,2016,7,6,15,19409.0
4503,2016,7,6,16,19312.0
4504,2016,7,6,17,19231.0
4505,2016,7,6,18,19295.0
4506,2016,7,6,19,19451.0
4507,2016,7,6,20,18967.0
4508,2016,7,6,21,18434.0
4509,2016,7,6,22,18097.0
4510,2016,7,6,23,16983.0
4511,2016,7,7,0,15641.0
4512,2016,7,7,1,14370.0
4513,2016,7,7,2,13518.0
4514,2016,7,7,3,12922.0
4515,2016,7,7,4,12655.0
4516,2016,7,7,5,12626.0
4517,2016,7,7,6,13044.0
4518,2016,7,7,7,13631.0
4519,2016,7,7,8,14566.0
4520,2016,7,7,9,15306.0
4521,2016,7,7,10,15979.0
4522,2016,7,7,11,16815.0
4523,2016,7,7,12,17697.0
4524,2016,7,7,13,18362.0
4525,2016,7,7,14,19052.0
4526,2016,7,7,15,19184.0
4527,2016,7,7,16,19243.0
4528,2016,7,7,17,19263.0
4529,2016,7,7,18,19078.0
4530,2016,7,7,19,19083.0
4531,2016,7,7,20,18615.0
4532,2016,7,7,21,18084.0
4533,2016,7,7,22,17831.0
4534,2016,7,7,23,16900.0
4535,2016,7,8,0,15546.0
4536,2016,7,8,1,14335.0
4537,2016,7,8,2,13566.0
4538,2016,7,8,3,13165.0
4539,2016,7,8,4,12817.0
4540,2016,7,8,5,12879.0
4541,2016,7,8,6,13319.0
4542,2016,7,8,7,14022.0
4543,2016,7,8,8,14651.0
4544,2016,7,8,9,15407.0
4545,2016,7,8,10,16301.0
4546,2016,7,8,11,16961.0
4547,2016,7,8,12,17829.0
4548,2016,7,8,13,18548.0
4549,2016,7,8,14,19145.0
4550,2016,7,8,15,19257.0
4551,2016,7,8,16,19010.0
4552,2016,7,8,17,18999.0
4553,2016,7,8,18,18923.0
4554,2016,7,8,19,18383.0
4555,2016,7,8,20,17738.0
4556,2016,7,8,21,17125.0
4557,2016,7,8,22,16701.0
4558,2016,7,8,23,15989.0
4559,2016,7,9,0,14779.0
4560,2016,7,9,1,13695.0
4561,2016,7,9,2,12768.0
4562,2016,7,9,3,12252.0
4563,2016,7,9,4,11856.0
4564,2016,7,9,5,11694.0
4565,2016,7,9,6,11740.0
4566,2016,7,9,7,11720.0
4567,2016,7,9,8,12282.0
4568,2016,7,9,9,13225.0
4569,2016,7,9,10,14253.0
4570,2016,7,9,11,15167.0
4571,2016,7,9,12,15655.0
4572,2016,7,9,13,15995.0
4573,2016,7,9,14,16336.0
4574,2016,7,9,15,16563.0
4575,2016,7,9,16,16811.0
4576,2016,7,9,17,16937.0
4577,2016,7,9,18,17003.0
4578,2016,7,9,19,16768.0
4579,2016,7,9,20,16208.0
4580,2016,7,9,21,15443.0
4581,2016,7,9,22,15066.0
4582,2016,7,9,23,14356.0
4583,2016,7,10,0,13304.0
4584,2016,7,10,1,12218.0
4585,2016,7,10,2,11564.0
4586,2016,7,10,3,11056.0
4587,2016,7,10,4,10738.0
4588,2016,7,10,5,10608.0
4589,2016,7,10,6,10556.0
4590,2016,7,10,7,10501.0
4591,2016,7,10,8,11060.0
4592,2016,7,10,9,11947.0
4593,2016,7,10,10,13023.0
4594,2016,7,10,11,13923.0
4595,2016,7,10,12,14698.0
4596,2016,7,10,13,15377.0
4597,2016,7,10,14,15855.0
4598,2016,7,10,15,16446.0
4599,2016,7,10,16,16931.0
4600,2016,7,10,17,17339.0
4601,2016,7,10,18,17597.0
4602,2016,7,10,19,17621.0
4603,2016,7,10,20,17336.0
4604,2016,7,10,21,16594.0
4605,2016,7,10,22,16265.0
4606,2016,7,10,23,15316.0
4607,2016,7,11,0,14186.0
4608,2016,7,11,1,13074.0
4609,2016,7,11,2,12365.0
4610,2016,7,11,3,11894.0
4611,2016,7,11,4,11789.0
4612,2016,7,11,5,11909.0
4613,2016,7,11,6,12359.0
4614,2016,7,11,7,12973.0
4615,2016,7,11,8,13886.0
4616,2016,7,11,9,14935.0
4617,2016,7,11,10,15894.0
4618,2016,7,11,11,17113.0
4619,2016,7,11,12,18079.0
4620,2016,7,11,13,19050.0
4621,2016,7,11,14,19740.0
4622,2016,7,11,15,20219.0
4623,2016,7,11,16,20531.0
4624,2016,7,11,17,20860.0
4625,2016,7,11,18,20984.0
4626,2016,7,11,19,20738.0
4627,2016,7,11,20,20161.0
4628,2016,7,11,21,19432.0
4629,2016,7,11,22,18834.0
4630,2016,7,11,23,17662.0
4631,2016,7,12,0,15953.0
4632,2016,7,12,1,14720.0
4633,2016,7,12,2,13761.0
4634,2016,7,12,3,13125.0
4635,2016,7,12,4,12761.0
4636,2016,7,12,5,12723.0
4637,2016,7,12,6,13143.0
4638,2016,7,12,7,13672.0
4639,2016,7,12,8,14648.0
4640,2016,7,12,9,15628.0
4641,2016,7,12,10,16896.0
4642,2016,7,12,11,18136.0
4643,2016,7,12,12,19178.0
4644,2016,7,12,13,20149.0
4645,2016,7,12,14,20830.0
4646,2016,7,12,15,21235.0
4647,2016,7,12,16,20969.0
4648,2016,7,12,17,20797.0
4649,2016,7,12,18,20482.0
4650,2016,7,12,19,20240.0
4651,2016,7,12,20,19670.0
4652,2016,7,12,21,18994.0
4653,2016,7,12,22,18616.0
4654,2016,7,12,23,17515.0
4655,2016,7,13,0,16083.0
4656,2016,7,13,1,14831.0
4657,2016,7,13,2,14055.0
4658,2016,7,13,3,13565.0
4659,2016,7,13,4,13224.0
4660,2016,7,13,5,13298.0
4661,2016,7,13,6,13689.0
4662,2016,7,13,7,14286.0
4663,2016,7,13,8,15181.0
4664,2016,7,13,9,16174.0
4665,2016,7,13,10,17195.0
4666,2016,7,13,11,18315.0
4667,2016,7,13,12,19125.0
4668,2016,7,13,13,20193.0
4669,2016,7,13,14,20839.0
4670,2016,7,13,15,21160.0
4671,2016,7,13,16,21125.0
4672,2016,7,13,17,21002.0
4673,2016,7,13,18,20921.0
4674,2016,7,13,19,20683.0
4675,2016,7,13,20,20117.0
4676,2016,7,13,21,19263.0
4677,2016,7,13,22,18817.0
4678,2016,7,13,23,17644.0
4679,2016,7,14,0,15950.0
4680,2016,7,14,1,14645.0
4681,2016,7,14,2,13735.0
4682,2016,7,14,3,13199.0
4683,2016,7,14,4,12877.0
4684,2016,7,14,5,12838.0
4685,2016,7,14,6,13312.0
4686,2016,7,14,7,13911.0
4687,2016,7,14,8,14880.0
4688,2016,7,14,9,15901.0
4689,2016,7,14,10,16931.0
4690,2016,7,14,11,18100.0
4691,2016,7,14,12,18988.0
4692,2016,7,14,13,19791.0
4693,2016,7,14,14,20380.0
4694,2016,7,14,15,20535.0
4695,2016,7,14,16,20387.0
4696,2016,7,14,17,20085.0
4697,2016,7,14,18,19657.0
4698,2016,7,14,19,19366.0
4699,2016,7,14,20,18844.0
4700,2016,7,14,21,18181.0
4701,2016,7,14,22,17866.0
4702,2016,7,14,23,16841.0
4703,2016,7,15,0,15382.0
4704,2016,7,15,1,14309.0
4705,2016,7,15,2,13569.0
4706,2016,7,15,3,12987.0
4707,2016,7,15,4,12758.0
4708,2016,7,15,5,12759.0
4709,2016,7,15,6,13206.0
4710,2016,7,15,7,13888.0
4711,2016,7,15,8,14746.0
4712,2016,7,15,9,15827.0
4713,2016,7,15,10,16551.0
4714,2016,7,15,11,17481.0
4715,2016,7,15,12,18230.0
4716,2016,7,15,13,18770.0
4717,2016,7,15,14,19256.0
4718,2016,7,15,15,19629.0
4719,2016,7,15,16,19764.0
4720,2016,7,15,17,19861.0
4721,2016,7,15,18,19624.0
4722,2016,7,15,19,19090.0
4723,2016,7,15,20,18223.0
4724,2016,7,15,21,17341.0
4725,2016,7,15,22,16998.0
4726,2016,7,15,23,15868.0
4727,2016,7,16,0,14511.0
4728,2016,7,16,1,13372.0
4729,2016,7,16,2,12584.0
4730,2016,7,16,3,11984.0
4731,2016,7,16,4,11703.0
4732,2016,7,16,5,11514.0
4733,2016,7,16,6,11628.0
4734,2016,7,16,7,11645.0
4735,2016,7,16,8,12060.0
4736,2016,7,16,9,12808.0
4737,2016,7,16,10,13758.0
4738,2016,7,16,11,14566.0
4739,2016,7,16,12,15359.0
4740,2016,7,16,13,15857.0
4741,2016,7,16,14,16345.0
4742,2016,7,16,15,16668.0
4743,2016,7,16,16,17009.0
4744,2016,7,16,17,17246.0
4745,2016,7,16,18,17284.0
4746,2016,7,16,19,17093.0
4747,2016,7,16,20,16578.0
4748,2016,7,16,21,15872.0
4749,2016,7,16,22,15415.0
4750,2016,7,16,23,14576.0
4751,2016,7,17,0,13541.0
4752,2016,7,17,1,12560.0
4753,2016,7,17,2,11757.0
4754,2016,7,17,3,11329.0
4755,2016,7,17,4,11014.0
4756,2016,7,17,5,10858.0
4757,2016,7,17,6,10777.0
4758,2016,7,17,7,10760.0
4759,2016,7,17,8,11148.0
4760,2016,7,17,9,12069.0
4761,2016,7,17,10,13210.0
4762,2016,7,17,11,14279.0
4763,2016,7,17,12,15464.0
4764,2016,7,17,13,16390.0
4765,2016,7,17,14,17130.0
4766,2016,7,17,15,17605.0
4767,2016,7,17,16,17997.0
4768,2016,7,17,17,18394.0
4769,2016,7,17,18,18619.0
4770,2016,7,17,19,18629.0
4771,2016,7,17,20,18235.0
4772,2016,7,17,21,17745.0
4773,2016,7,17,22,17649.0
4774,2016,7,17,23,16744.0
4775,2016,7,18,0,15488.0
4776,2016,7,18,1,14603.0
4777,2016,7,18,2,13885.0
4778,2016,7,18,3,13514.0
4779,2016,7,18,4,13205.0
4780,2016,7,18,5,13211.0
4781,2016,7,18,6,13696.0
4782,2016,7,18,7,14565.0
4783,2016,7,18,8,15330.0
4784,2016,7,18,9,15965.0
4785,2016,7,18,10,16611.0
4786,2016,7,18,11,17568.0
4787,2016,7,18,12,18460.0
4788,2016,7,18,13,19301.0
4789,2016,7,18,14,19999.0
4790,2016,7,18,15,20269.0
4791,2016,7,18,16,20149.0
4792,2016,7,18,17,20573.0
4793,2016,7,18,18,20585.0
4794,2016,7,18,19,20455.0
4795,2016,7,18,20,19922.0
4796,2016,7,18,21,19147.0
4797,2016,7,18,22,18695.0
4798,2016,7,18,23,17523.0
4799,2016,7,19,0,15957.0
4800,2016,7,19,1,14674.0
4801,2016,7,19,2,13888.0
4802,2016,7,19,3,13353.0
4803,2016,7,19,4,12981.0
4804,2016,7,19,5,12992.0
4805,2016,7,19,6,13322.0
4806,2016,7,19,7,13987.0
4807,2016,7,19,8,14844.0
4808,2016,7,19,9,15864.0
4809,2016,7,19,10,16916.0
4810,2016,7,19,11,18072.0
4811,2016,7,19,12,18830.0
4812,2016,7,19,13,19598.0
4813,2016,7,19,14,20333.0
4814,2016,7,19,15,20732.0
4815,2016,7,19,16,21006.0
4816,2016,7,19,17,21061.0
4817,2016,7,19,18,20953.0
4818,2016,7,19,19,20740.0
4819,2016,7,19,20,20018.0
4820,2016,7,19,21,19184.0
4821,2016,7,19,22,18742.0
4822,2016,7,19,23,17401.0
4823,2016,7,20,0,15752.0
4824,2016,7,20,1,14451.0
4825,2016,7,20,2,13584.0
4826,2016,7,20,3,12933.0
4827,2016,7,20,4,12528.0
4828,2016,7,20,5,12574.0
4829,2016,7,20,6,12979.0
4830,2016,7,20,7,13561.0
4831,2016,7,20,8,14346.0
4832,2016,7,20,9,15303.0
4833,2016,7,20,10,16324.0
4834,2016,7,20,11,17470.0
4835,2016,7,20,12,18449.0
4836,2016,7,20,13,19273.0
4837,2016,7,20,14,20082.0
4838,2016,7,20,15,20553.0
4839,2016,7,20,16,20884.0
4840,2016,7,20,17,21110.0
4841,2016,7,20,18,21062.0
4842,2016,7,20,19,20729.0
4843,2016,7,20,20,20100.0
4844,2016,7,20,21,19202.0
4845,2016,7,20,22,18704.0
4846,2016,7,20,23,17482.0
4847,2016,7,21,0,15773.0
4848,2016,7,21,1,14583.0
4849,2016,7,21,2,13726.0
4850,2016,7,21,3,13032.0
4851,2016,7,21,4,12700.0
4852,2016,7,21,5,12655.0
4853,2016,7,21,6,13070.0
4854,2016,7,21,7,13712.0
4855,2016,7,21,8,14660.0
4856,2016,7,21,9,15768.0
4857,2016,7,21,10,16808.0
4858,2016,7,21,11,18113.0
4859,2016,7,21,12,19181.0
4860,2016,7,21,13,20080.0
4861,2016,7,21,14,20845.0
4862,2016,7,21,15,21045.0
4863,2016,7,21,16,20972.0
4864,2016,7,21,17,20954.0
4865,2016,7,21,18,20658.0
4866,2016,7,21,19,20454.0
4867,2016,7,21,20,19880.0
4868,2016,7,21,21,19337.0
4869,2016,7,21,22,18868.0
4870,2016,7,21,23,17641.0
4871,2016,7,22,0,16281.0
4872,2016,7,22,1,15165.0
4873,2016,7,22,2,14124.0
4874,2016,7,22,3,13645.0
4875,2016,7,22,4,13199.0
4876,2016,7,22,5,13158.0
4877,2016,7,22,6,13673.0
4878,2016,7,22,7,14286.0
4879,2016,7,22,8,15126.0
4880,2016,7,22,9,16199.0
4881,2016,7,22,10,17281.0
4882,2016,7,22,11,18207.0
4883,2016,7,22,12,18850.0
4884,2016,7,22,13,19636.0
4885,2016,7,22,14,19984.0
4886,2016,7,22,15,20110.0
4887,2016,7,22,16,20225.0
4888,2016,7,22,17,20468.0
4889,2016,7,22,18,20451.0
4890,2016,7,22,19,20271.0
4891,2016,7,22,20,19915.0
4892,2016,7,22,21,19161.0
4893,2016,7,22,22,18578.0
4894,2016,7,22,23,17560.0
4895,2016,7,23,0,16072.0
4896,2016,7,23,1,14867.0
4897,2016,7,23,2,13916.0
4898,2016,7,23,3,13303.0
4899,2016,7,23,4,12817.0
4900,2016,7,23,5,12520.0
4901,2016,7,23,6,12560.0
4902,2016,7,23,7,12741.0
4903,2016,7,23,8,13265.0
4904,2016,7,23,9,14585.0
4905,2016,7,23,10,16046.0
4906,2016,7,23,11,17650.0
4907,2016,7,23,12,18679.0
4908,2016,7,23,13,19591.0
4909,2016,7,23,14,20205.0
4910,2016,7,23,15,20622.0
4911,2016,7,23,16,20975.0
4912,2016,7,23,17,21195.0
4913,2016,7,23,18,21261.0
4914,2016,7,23,19,20858.0
4915,2016,7,23,20,20202.0
4916,2016,7,23,21,19571.0
4917,2016,7,23,22,19126.0
4918,2016,7,23,23,17945.0
4919,2016,7,24,0,16694.0
4920,2016,7,24,1,15386.0
4921,2016,7,24,2,14406.0
4922,2016,7,24,3,13845.0
4923,2016,7,24,4,13330.0
4924,2016,7,24,5,12955.0
4925,2016,7,24,6,12878.0
4926,2016,7,24,7,12634.0
4927,2016,7,24,8,13154.0
4928,2016,7,24,9,14372.0
4929,2016,7,24,10,15679.0
4930,2016,7,24,11,17099.0
4931,2016,7,24,12,18307.0
4932,2016,7,24,13,19194.0
4933,2016,7,24,14,19823.0
4934,2016,7,24,15,20112.0
4935,2016,7,24,16,20446.0
4936,2016,7,24,17,20510.0
4937,2016,7,24,18,20335.0
4938,2016,7,24,19,20119.0
4939,2016,7,24,20,19784.0
4940,2016,7,24,21,19294.0
4941,2016,7,24,22,19085.0
4942,2016,7,24,23,17985.0
4943,2016,7,25,0,16733.0
4944,2016,7,25,1,15578.0
4945,2016,7,25,2,14799.0
4946,2016,7,25,3,14232.0
4947,2016,7,25,4,13960.0
4948,2016,7,25,5,13949.0
4949,2016,7,25,6,14393.0
4950,2016,7,25,7,15154.0
4951,2016,7,25,8,16127.0
4952,2016,7,25,9,17240.0
4953,2016,7,25,10,18560.0
4954,2016,7,25,11,19693.0
4955,2016,7,25,12,20868.0
4956,2016,7,25,13,21616.0
4957,2016,7,25,14,22165.0
4958,2016,7,25,15,22273.0
4959,2016,7,25,16,22281.0
4960,2016,7,25,17,22257.0
4961,2016,7,25,18,22216.0
4962,2016,7,25,19,21842.0
4963,2016,7,25,20,21165.0
4964,2016,7,25,21,20362.0
4965,2016,7,25,22,19733.0
4966,2016,7,25,23,18441.0
4967,2016,7,26,0,16960.0
4968,2016,7,26,1,15628.0
4969,2016,7,26,2,14720.0
4970,2016,7,26,3,14061.0
4971,2016,7,26,4,13688.0
4972,2016,7,26,5,13617.0
4973,2016,7,26,6,14070.0
4974,2016,7,26,7,14839.0
4975,2016,7,26,8,15522.0
4976,2016,7,26,9,16574.0
4977,2016,7,26,10,17612.0
4978,2016,7,26,11,18782.0
4979,2016,7,26,12,19800.0
4980,2016,7,26,13,20719.0
4981,2016,7,26,14,21201.0
4982,2016,7,26,15,21277.0
4983,2016,7,26,16,21162.0
4984,2016,7,26,17,21066.0
4985,2016,7,26,18,20692.0
4986,2016,7,26,19,20592.0
4987,2016,7,26,20,20024.0
4988,2016,7,26,21,19431.0
4989,2016,7,26,22,18929.0
4990,2016,7,26,23,17631.0
4991,2016,7,27,0,16236.0
4992,2016,7,27,1,15001.0
4993,2016,7,27,2,14080.0
4994,2016,7,27,3,13624.0
4995,2016,7,27,4,13280.0
4996,2016,7,27,5,13245.0
4997,2016,7,27,6,13699.0
4998,2016,7,27,7,14316.0
4999,2016,7,27,8,14973.0
5000,2016,7,27,9,15860.0
5001,2016,7,27,10,16994.0
5002,2016,7,27,11,18284.0
5003,2016,7,27,12,19375.0
5004,2016,7,27,13,20270.0
5005,2016,7,27,14,20933.0
5006,2016,7,27,15,21131.0
5007,2016,7,27,16,21065.0
5008,2016,7,27,17,21050.0
5009,2016,7,27,18,20935.0
5010,2016,7,27,19,20954.0
5011,2016,7,27,20,20326.0
5012,2016,7,27,21,19526.0
5013,2016,7,27,22,19249.0
5014,2016,7,27,23,18009.0
5015,2016,7,28,0,16528.0
5016,2016,7,28,1,15410.0
5017,2016,7,28,2,14548.0
5018,2016,7,28,3,14049.0
5019,2016,7,28,4,13625.0
5020,2016,7,28,5,13652.0
5021,2016,7,28,6,14117.0
5022,2016,7,28,7,14956.0
5023,2016,7,28,8,15716.0
5024,2016,7,28,9,16426.0
5025,2016,7,28,10,17047.0
5026,2016,7,28,11,17850.0
5027,2016,7,28,12,18520.0
5028,2016,7,28,13,18882.0
5029,2016,7,28,14,19404.0
5030,2016,7,28,15,19381.0
5031,2016,7,28,16,19498.0
5032,2016,7,28,17,19451.0
5033,2016,7,28,18,19419.0
5034,2016,7,28,19,18964.0
5035,2016,7,28,20,18455.0
5036,2016,7,28,21,17998.0
5037,2016,7,28,22,17663.0
5038,2016,7,28,23,16562.0
5039,2016,7,29,0,15246.0
5040,2016,7,29,1,14163.0
5041,2016,7,29,2,13431.0
5042,2016,7,29,3,12985.0
5043,2016,7,29,4,12786.0
5044,2016,7,29,5,12845.0
5045,2016,7,29,6,13338.0
5046,2016,7,29,7,14150.0
5047,2016,7,29,8,14722.0
5048,2016,7,29,9,15475.0
5049,2016,7,29,10,16439.0
5050,2016,7,29,11,17180.0
5051,2016,7,29,12,18099.0
5052,2016,7,29,13,18877.0
5053,2016,7,29,14,19603.0
5054,2016,7,29,15,19838.0
5055,2016,7,29,16,19827.0
5056,2016,7,29,17,19701.0
5057,2016,7,29,18,19325.0
5058,2016,7,29,19,18900.0
5059,2016,7,29,20,18111.0
5060,2016,7,29,21,17557.0
5061,2016,7,29,22,17221.0
5062,2016,7,29,23,16202.0
5063,2016,7,30,0,14895.0
5064,2016,7,30,1,13852.0
5065,2016,7,30,2,13048.0
5066,2016,7,30,3,12608.0
5067,2016,7,30,4,12308.0
5068,2016,7,30,5,12151.0
5069,2016,7,30,6,12266.0
5070,2016,7,30,7,12356.0
5071,2016,7,30,8,12668.0
5072,2016,7,30,9,13402.0
5073,2016,7,30,10,14437.0
5074,2016,7,30,11,15306.0
5075,2016,7,30,12,16107.0
5076,2016,7,30,13,16752.0
5077,2016,7,30,14,17468.0
5078,2016,7,30,15,17896.0
5079,2016,7,30,16,18228.0
5080,2016,7,30,17,18461.0
5081,2016,7,30,18,18485.0
5082,2016,7,30,19,18216.0
5083,2016,7,30,20,17619.0
5084,2016,7,30,21,17040.0
5085,2016,7,30,22,16595.0
5086,2016,7,30,23,15693.0
5087,2016,7,31,0,14448.0
5088,2016,7,31,1,13493.0
5089,2016,7,31,2,12678.0
5090,2016,7,31,3,12245.0
5091,2016,7,31,4,11870.0
5092,2016,7,31,5,11637.0
5093,2016,7,31,6,11683.0
5094,2016,7,31,7,11684.0
5095,2016,7,31,8,11971.0
5096,2016,7,31,9,12954.0
5097,2016,7,31,10,14115.0
5098,2016,7,31,11,15189.0
5099,2016,7,31,12,16233.0
5100,2016,7,31,13,17066.0
5101,2016,7,31,14,17630.0
5102,2016,7,31,15,18063.0
5103,2016,7,31,16,18440.0
5104,2016,7,31,17,18761.0
5105,2016,7,31,18,18857.0
5106,2016,7,31,19,18663.0
5107,2016,7,31,20,18128.0
5108,2016,7,31,21,17537.0
5109,2016,7,31,22,17239.0
5110,2016,7,31,23,16272.0
5111,2016,8,1,0,15048.0
5112,2016,8,1,1,14001.0
5113,2016,8,1,2,13281.0
5114,2016,8,1,3,12794.0
5115,2016,8,1,4,12570.0
5116,2016,8,1,5,12716.0
5117,2016,8,1,6,13181.0
5118,2016,8,1,7,13938.0
5119,2016,8,1,8,14733.0
5120,2016,8,1,9,15852.0
5121,2016,8,1,10,16932.0
5122,2016,8,1,11,18096.0
5123,2016,8,1,12,18967.0
5124,2016,8,1,13,19688.0
5125,2016,8,1,14,20305.0
5126,2016,8,1,15,20779.0
5127,2016,8,1,16,20933.0
5128,2016,8,1,17,20879.0
5129,2016,8,1,18,20691.0
5130,2016,8,1,19,20287.0
5131,2016,8,1,20,19612.0
5132,2016,8,1,21,19045.0
5133,2016,8,1,22,18635.0
5134,2016,8,1,23,17393.0
5135,2016,8,2,0,15947.0
5136,2016,8,2,1,14746.0
5137,2016,8,2,2,13857.0
5138,2016,8,2,3,13317.0
5139,2016,8,2,4,13018.0
5140,2016,8,2,5,13061.0
5141,2016,8,2,6,13490.0
5142,2016,8,2,7,14280.0
5143,2016,8,2,8,14980.0
5144,2016,8,2,9,15832.0
5145,2016,8,2,10,16750.0
5146,2016,8,2,11,17829.0
5147,2016,8,2,12,18724.0
5148,2016,8,2,13,19587.0
5149,2016,8,2,14,20206.0
5150,2016,8,2,15,20533.0
5151,2016,8,2,16,20807.0
5152,2016,8,2,17,20953.0
5153,2016,8,2,18,20818.0
5154,2016,8,2,19,20605.0
5155,2016,8,2,20,19893.0
5156,2016,8,2,21,19317.0
5157,2016,8,2,22,18762.0
5158,2016,8,2,23,17421.0
5159,2016,8,3,0,15920.0
5160,2016,8,3,1,14756.0
5161,2016,8,3,2,13948.0
5162,2016,8,3,3,13370.0
5163,2016,8,3,4,13063.0
5164,2016,8,3,5,13136.0
5165,2016,8,3,6,13575.0
5166,2016,8,3,7,14487.0
5167,2016,8,3,8,15130.0
5168,2016,8,3,9,16054.0
5169,2016,8,3,10,17012.0
5170,2016,8,3,11,18040.0
5171,2016,8,3,12,19052.0
5172,2016,8,3,13,19910.0
5173,2016,8,3,14,20470.0
5174,2016,8,3,15,20781.0
5175,2016,8,3,16,20926.0
5176,2016,8,3,17,20979.0
5177,2016,8,3,18,20904.0
5178,2016,8,3,19,20602.0
5179,2016,8,3,20,20026.0
5180,2016,8,3,21,19529.0
5181,2016,8,3,22,19029.0
5182,2016,8,3,23,17790.0
5183,2016,8,4,0,16247.0
5184,2016,8,4,1,15045.0
5185,2016,8,4,2,14258.0
5186,2016,8,4,3,13758.0
5187,2016,8,4,4,13330.0
5188,2016,8,4,5,13257.0
5189,2016,8,4,6,13766.0
5190,2016,8,4,7,14583.0
5191,2016,8,4,8,15256.0
5192,2016,8,4,9,16115.0
5193,2016,8,4,10,17112.0
5194,2016,8,4,11,18165.0
5195,2016,8,4,12,18951.0
5196,2016,8,4,13,19806.0
5197,2016,8,4,14,20602.0
5198,2016,8,4,15,20856.0
5199,2016,8,4,16,20968.0
5200,2016,8,4,17,21245.0
5201,2016,8,4,18,21107.0
5202,2016,8,4,19,20812.0
5203,2016,8,4,20,20140.0
5204,2016,8,4,21,19616.0
5205,2016,8,4,22,19246.0
5206,2016,8,4,23,17943.0
5207,2016,8,5,0,16491.0
5208,2016,8,5,1,15319.0
5209,2016,8,5,2,14492.0
5210,2016,8,5,3,13945.0
5211,2016,8,5,4,13619.0
5212,2016,8,5,5,13598.0
5213,2016,8,5,6,14022.0
5214,2016,8,5,7,14738.0
5215,2016,8,5,8,15502.0
5216,2016,8,5,9,16405.0
5217,2016,8,5,10,17346.0
5218,2016,8,5,11,18266.0
5219,2016,8,5,12,19062.0
5220,2016,8,5,13,19808.0
5221,2016,8,5,14,20442.0
5222,2016,8,5,15,20917.0
5223,2016,8,5,16,20985.0
5224,2016,8,5,17,21127.0
5225,2016,8,5,18,20892.0
5226,2016,8,5,19,20444.0
5227,2016,8,5,20,19855.0
5228,2016,8,5,21,19227.0
5229,2016,8,5,22,18859.0
5230,2016,8,5,23,17717.0
5231,2016,8,6,0,16239.0
5232,2016,8,6,1,15083.0
5233,2016,8,6,2,14297.0
5234,2016,8,6,3,13594.0
5235,2016,8,6,4,13257.0
5236,2016,8,6,5,12993.0
5237,2016,8,6,6,13027.0
5238,2016,8,6,7,13072.0
5239,2016,8,6,8,13427.0
5240,2016,8,6,9,14352.0
5241,2016,8,6,10,15430.0
5242,2016,8,6,11,16394.0
5243,2016,8,6,12,17074.0
5244,2016,8,6,13,17657.0
5245,2016,8,6,14,18201.0
5246,2016,8,6,15,18534.0
5247,2016,8,6,16,18853.0
5248,2016,8,6,17,19043.0
5249,2016,8,6,18,18955.0
5250,2016,8,6,19,18639.0
5251,2016,8,6,20,18064.0
5252,2016,8,6,21,17384.0
5253,2016,8,6,22,16878.0
5254,2016,8,6,23,15541.0
5255,2016,8,7,0,14425.0
5256,2016,8,7,1,13383.0
5257,2016,8,7,2,12564.0
5258,2016,8,7,3,11985.0
5259,2016,8,7,4,11697.0
5260,2016,8,7,5,11487.0
5261,2016,8,7,6,11323.0
5262,2016,8,7,7,11155.0
5263,2016,8,7,8,11596.0
5264,2016,8,7,9,12622.0
5265,2016,8,7,10,13735.0
5266,2016,8,7,11,14613.0
5267,2016,8,7,12,15648.0
5268,2016,8,7,13,16293.0
5269,2016,8,7,14,16958.0
5270,2016,8,7,15,17287.0
5271,2016,8,7,16,17656.0
5272,2016,8,7,17,18100.0
5273,2016,8,7,18,18280.0
5274,2016,8,7,19,18199.0
5275,2016,8,7,20,17703.0
5276,2016,8,7,21,17067.0
5277,2016,8,7,22,16760.0
5278,2016,8,7,23,15645.0
5279,2016,8,8,0,14519.0
5280,2016,8,8,1,13604.0
5281,2016,8,8,2,12828.0
5282,2016,8,8,3,12527.0
5283,2016,8,8,4,12423.0
5284,2016,8,8,5,12323.0
5285,2016,8,8,6,12860.0
5286,2016,8,8,7,13723.0
5287,2016,8,8,8,14458.0
5288,2016,8,8,9,15151.0
5289,2016,8,8,10,15929.0
5290,2016,8,8,11,16755.0
5291,2016,8,8,12,17364.0
5292,2016,8,8,13,18257.0
5293,2016,8,8,14,18707.0
5294,2016,8,8,15,19162.0
5295,2016,8,8,16,19383.0
5296,2016,8,8,17,19645.0
5297,2016,8,8,18,19614.0
5298,2016,8,8,19,19474.0
5299,2016,8,8,20,18897.0
5300,2016,8,8,21,18456.0
5301,2016,8,8,22,17969.0
5302,2016,8,8,23,16717.0
5303,2016,8,9,0,15274.0
5304,2016,8,9,1,14106.0
5305,2016,8,9,2,13418.0
5306,2016,8,9,3,12988.0
5307,2016,8,9,4,12734.0
5308,2016,8,9,5,12791.0
5309,2016,8,9,6,13278.0
5310,2016,8,9,7,14240.0
5311,2016,8,9,8,14840.0
5312,2016,8,9,9,15732.0
5313,2016,8,9,10,16839.0
5314,2016,8,9,11,17810.0
5315,2016,8,9,12,18897.0
5316,2016,8,9,13,19875.0
5317,2016,8,9,14,20606.0
5318,2016,8,9,15,21038.0
5319,2016,8,9,16,21245.0
5320,2016,8,9,17,21458.0
5321,2016,8,9,18,21416.0
5322,2016,8,9,19,20907.0
5323,2016,8,9,20,20327.0
5324,2016,8,9,21,19905.0
5325,2016,8,9,22,19319.0
5326,2016,8,9,23,17914.0
5327,2016,8,10,0,16467.0
5328,2016,8,10,1,15284.0
5329,2016,8,10,2,14550.0
5330,2016,8,10,3,14033.0
5331,2016,8,10,4,13728.0
5332,2016,8,10,5,13705.0
5333,2016,8,10,6,14249.0
5334,2016,8,10,7,15184.0
5335,2016,8,10,8,15745.0
5336,2016,8,10,9,16563.0
5337,2016,8,10,10,17580.0
5338,2016,8,10,11,18565.0
5339,2016,8,10,12,19557.0
5340,2016,8,10,13,20359.0
5341,2016,8,10,14,20946.0
5342,2016,8,10,15,21192.0
5343,2016,8,10,16,21129.0
5344,2016,8,10,17,21242.0
5345,2016,8,10,18,21281.0
5346,2016,8,10,19,21181.0
5347,2016,8,10,20,20649.0
5348,2016,8,10,21,20274.0
5349,2016,8,10,22,19811.0
5350,2016,8,10,23,18287.0
5351,2016,8,11,0,16873.0
5352,2016,8,11,1,15627.0
5353,2016,8,11,2,14714.0
5354,2016,8,11,3,14171.0
5355,2016,8,11,4,13951.0
5356,2016,8,11,5,13982.0
5357,2016,8,11,6,14466.0
5358,2016,8,11,7,15540.0
5359,2016,8,11,8,16209.0
5360,2016,8,11,9,17344.0
5361,2016,8,11,10,18588.0
5362,2016,8,11,11,19966.0
5363,2016,8,11,12,21130.0
5364,2016,8,11,13,21918.0
5365,2016,8,11,14,22356.0
5366,2016,8,11,18,22303.0
5367,2016,8,11,19,22065.0
5368,2016,8,11,20,21677.0
5369,2016,8,11,21,21279.0
5370,2016,8,11,22,20645.0
5371,2016,8,11,23,19120.0
5372,2016,8,12,0,17639.0
5373,2016,8,12,1,16503.0
5374,2016,8,12,2,15545.0
5375,2016,8,12,3,14940.0
5376,2016,8,12,4,14604.0
5377,2016,8,12,5,14663.0
5378,2016,8,12,6,15146.0
5379,2016,8,12,7,16001.0
5380,2016,8,12,8,16726.0
5381,2016,8,12,9,17793.0
5382,2016,8,12,10,19049.0
5383,2016,8,12,11,20225.0
5384,2016,8,12,12,21192.0
5385,2016,8,12,13,21952.0
5386,2016,8,12,14,22288.0
5387,2016,8,12,15,22295.0
5388,2016,8,12,16,22182.0
5389,2016,8,12,17,22023.0
5390,2016,8,12,18,21879.0
5391,2016,8,12,19,21524.0
5392,2016,8,12,20,20719.0
5393,2016,8,12,21,20380.0
5394,2016,8,12,22,19801.0
5395,2016,8,12,23,18585.0
5396,2016,8,13,0,17198.0
5397,2016,8,13,1,16101.0
5398,2016,8,13,2,15232.0
5399,2016,8,13,3,14534.0
5400,2016,8,13,4,14187.0
5401,2016,8,13,5,13981.0
5402,2016,8,13,6,14023.0
5403,2016,8,13,7,14144.0
5404,2016,8,13,8,14529.0
5405,2016,8,13,9,15655.0
5406,2016,8,13,10,16950.0
5407,2016,8,13,11,18261.0
5408,2016,8,13,12,19279.0
5409,2016,8,13,13,19913.0
5410,2016,8,13,14,20178.0
5411,2016,8,13,15,20349.0
5412,2016,8,13,16,20292.0
5413,2016,8,13,17,20094.0
5414,2016,8,13,18,19742.0
5415,2016,8,13,19,19175.0
5416,2016,8,13,20,18573.0
5417,2016,8,13,21,18208.0
5418,2016,8,13,22,17812.0
5419,2016,8,13,23,16759.0
5420,2016,8,14,0,15583.0
5421,2016,8,14,1,14641.0
5422,2016,8,14,2,13897.0
5423,2016,8,14,3,13317.0
5424,2016,8,14,4,12941.0
5425,2016,8,14,5,12689.0
5426,2016,8,14,6,12705.0
5427,2016,8,14,7,12892.0
5428,2016,8,14,8,13086.0
5429,2016,8,14,9,14134.0
5430,2016,8,14,10,15210.0
5431,2016,8,14,11,16004.0
5432,2016,8,14,12,16690.0
5433,2016,8,14,13,17238.0
5434,2016,8,14,14,17491.0
5435,2016,8,14,15,17582.0
5436,2016,8,14,16,17739.0
5437,2016,8,14,17,17749.0
5438,2016,8,14,18,17915.0
5439,2016,8,14,19,17752.0
5440,2016,8,14,20,17326.0
5441,2016,8,14,21,17143.0
5442,2016,8,14,22,16923.0
5443,2016,8,14,23,15826.0
5444,2016,8,15,0,14814.0
5445,2016,8,15,1,13919.0
5446,2016,8,15,2,13303.0
5447,2016,8,15,3,12935.0
5448,2016,8,15,4,12846.0
5449,2016,8,15,5,13033.0
5450,2016,8,15,6,13521.0
5451,2016,8,15,7,14590.0
5452,2016,8,15,8,15316.0
5453,2016,8,15,9,16097.0
5454,2016,8,15,10,16746.0
5455,2016,8,15,11,17544.0
5456,2016,8,15,12,18167.0
5457,2016,8,15,13,18777.0
5458,2016,8,15,14,19510.0
5459,2016,8,15,15,19760.0
5460,2016,8,15,16,19700.0
5461,2016,8,15,17,19581.0
5462,2016,8,15,18,19423.0
5463,2016,8,15,19,19087.0
5464,2016,8,15,20,18634.0
5465,2016,8,15,21,18398.0
5466,2016,8,15,22,17814.0
5467,2016,8,15,23,16362.0
5468,2016,8,16,0,15190.0
5469,2016,8,16,1,14297.0
5470,2016,8,16,2,13626.0
5471,2016,8,16,3,13137.0
5472,2016,8,16,4,12926.0
5473,2016,8,16,5,13111.0
5474,2016,8,16,6,13701.0
5475,2016,8,16,7,14780.0
5476,2016,8,16,8,15470.0
5477,2016,8,16,9,16232.0
5478,2016,8,16,10,17086.0
5479,2016,8,16,11,18078.0
5480,2016,8,16,12,19071.0
5481,2016,8,16,13,19865.0
5482,2016,8,16,14,20261.0
5483,2016,8,16,15,20295.0
5484,2016,8,16,16,20152.0
5485,2016,8,16,17,20123.0
5486,2016,8,16,18,19906.0
5487,2016,8,16,19,19416.0
5488,2016,8,16,20,18964.0
5489,2016,8,16,21,18591.0
5490,2016,8,16,22,18072.0
5491,2016,8,16,23,16808.0
5492,2016,8,17,0,15511.0
5493,2016,8,17,1,14418.0
5494,2016,8,17,2,13737.0
5495,2016,8,17,3,13223.0
5496,2016,8,17,4,12901.0
5497,2016,8,17,5,12967.0
5498,2016,8,17,6,13641.0
5499,2016,8,17,7,14913.0
5500,2016,8,17,8,15500.0
5501,2016,8,17,9,16175.0
5502,2016,8,17,10,16769.0
5503,2016,8,17,11,17509.0
5504,2016,8,17,12,18175.0
5505,2016,8,17,13,18645.0
5506,2016,8,17,14,19038.0
5507,2016,8,17,15,19189.0
5508,2016,8,17,16,19140.0
5509,2016,8,17,17,19278.0
5510,2016,8,17,18,19214.0
5511,2016,8,17,19,18921.0
5512,2016,8,17,20,18326.0
5513,2016,8,17,21,18141.0
5514,2016,8,17,22,17602.0
5515,2016,8,17,23,16352.0
5516,2016,8,18,0,15008.0
5517,2016,8,18,1,13969.0
5518,2016,8,18,2,13321.0
5519,2016,8,18,3,12856.0
5520,2016,8,18,4,12664.0
5521,2016,8,18,5,12787.0
5522,2016,8,18,6,13413.0
5523,2016,8,18,7,14591.0
5524,2016,8,18,8,15267.0
5525,2016,8,18,9,15799.0
5526,2016,8,18,10,16548.0
5527,2016,8,18,11,17310.0
5528,2016,8,18,12,17983.0
5529,2016,8,18,13,18725.0
5530,2016,8,18,14,19481.0
5531,2016,8,18,15,19973.0
5532,2016,8,18,16,20135.0
5533,2016,8,18,17,20343.0
5534,2016,8,18,18,20205.0
5535,2016,8,18,19,19720.0
5536,2016,8,18,20,19157.0
5537,2016,8,18,21,18804.0
5538,2016,8,18,22,18170.0
5539,2016,8,18,23,16839.0
5540,2016,8,19,0,15358.0
5541,2016,8,19,1,14236.0
5542,2016,8,19,2,13522.0
5543,2016,8,19,3,13171.0
5544,2016,8,19,4,12896.0
5545,2016,8,19,5,12997.0
5546,2016,8,19,6,13492.0
5547,2016,8,19,7,14695.0
5548,2016,8,19,8,15289.0
5549,2016,8,19,9,15906.0
5550,2016,8,19,10,16732.0
5551,2016,8,19,11,17576.0
5552,2016,8,19,12,18334.0
5553,2016,8,19,13,19042.0
5554,2016,8,19,14,19601.0
5555,2016,8,19,15,20063.0
5556,2016,8,19,16,20069.0
5557,2016,8,19,17,19999.0
5558,2016,8,19,18,19784.0
5559,2016,8,19,19,19162.0
5560,2016,8,19,20,18370.0
5561,2016,8,19,21,17990.0
5562,2016,8,19,22,17466.0
5563,2016,8,19,23,16297.0
5564,2016,8,20,0,14790.0
5565,2016,8,20,1,13811.0
5566,2016,8,20,2,12968.0
5567,2016,8,20,3,12577.0
5568,2016,8,20,4,12273.0
5569,2016,8,20,5,12183.0
5570,2016,8,20,6,12265.0
5571,2016,8,20,7,12481.0
5572,2016,8,20,8,12713.0
5573,2016,8,20,9,13612.0
5574,2016,8,20,10,14865.0
5575,2016,8,20,11,16030.0
5576,2016,8,20,12,16923.0
5577,2016,8,20,13,17485.0
5578,2016,8,20,14,17880.0
5579,2016,8,20,15,18124.0
5580,2016,8,20,16,18201.0
5581,2016,8,20,17,18195.0
5582,2016,8,20,18,17997.0
5583,2016,8,20,19,17526.0
5584,2016,8,20,20,16942.0
5585,2016,8,20,21,16722.0
5586,2016,8,20,22,16313.0
5587,2016,8,20,23,15407.0
5588,2016,8,21,0,14298.0
5589,2016,8,21,1,13475.0
5590,2016,8,21,2,12809.0
5591,2016,8,21,3,12352.0
5592,2016,8,21,4,12100.0
5593,2016,8,21,5,11864.0
5594,2016,8,21,6,11858.0
5595,2016,8,21,7,11967.0
5596,2016,8,21,8,12129.0
5597,2016,8,21,9,12878.0
5598,2016,8,21,10,13630.0
5599,2016,8,21,11,14283.0
5600,2016,8,21,12,14824.0
5601,2016,8,21,13,15182.0
5602,2016,8,21,14,15528.0
5603,2016,8,21,15,15730.0
5604,2016,8,21,16,15907.0
5605,2016,8,21,17,16160.0
5606,2016,8,21,18,16283.0
5607,2016,8,21,19,16106.0
5608,2016,8,21,20,15608.0
5609,2016,8,21,21,15386.0
5610,2016,8,21,22,15106.0
5611,2016,8,21,23,14002.0
5612,2016,8,22,0,12999.0
5613,2016,8,22,1,12220.0
5614,2016,8,22,2,11778.0
5615,2016,8,22,3,11412.0
5616,2016,8,22,4,11293.0
5617,2016,8,22,5,11422.0
5618,2016,8,22,6,12040.0
5619,2016,8,22,7,13134.0
5620,2016,8,22,8,13687.0
5621,2016,8,22,9,14310.0
5622,2016,8,22,10,14964.0
5623,2016,8,22,11,15633.0
5624,2016,8,22,12,16159.0
5625,2016,8,22,13,16645.0
5626,2016,8,22,14,17077.0
5627,2016,8,22,15,17373.0
5628,2016,8,22,16,17679.0
5629,2016,8,22,17,17917.0
5630,2016,8,22,18,17931.0
5631,2016,8,22,19,17601.0
5632,2016,8,22,20,16967.0
5633,2016,8,22,21,16692.0
5634,2016,8,22,22,16122.0
5635,2016,8,22,23,14709.0
5636,2016,8,23,0,13383.0
5637,2016,8,23,1,12522.0
5638,2016,8,23,2,11892.0
5639,2016,8,23,3,11529.0
5640,2016,8,23,4,11425.0
5641,2016,8,23,5,11546.0
5642,2016,8,23,6,12033.0
5643,2016,8,23,7,13201.0
5644,2016,8,23,8,13588.0
5645,2016,8,23,9,14046.0
5646,2016,8,23,10,14715.0
5647,2016,8,23,11,15494.0
5648,2016,8,23,12,16124.0
5649,2016,8,23,13,16803.0
5650,2016,8,23,14,17385.0
5651,2016,8,23,15,17967.0
5652,2016,8,23,16,18349.0
5653,2016,8,23,17,18680.0
5654,2016,8,23,18,18685.0
5655,2016,8,23,19,18399.0
5656,2016,8,23,20,17811.0
5657,2016,8,23,21,17470.0
5658,2016,8,23,22,16748.0
5659,2016,8,23,23,15266.0
5660,2016,8,24,0,13859.0
5661,2016,8,24,1,12909.0
5662,2016,8,24,2,12292.0
5663,2016,8,24,3,11910.0
5664,2016,8,24,4,11657.0
5665,2016,8,24,5,11686.0
5666,2016,8,24,6,12302.0
5667,2016,8,24,7,13447.0
5668,2016,8,24,8,13874.0
5669,2016,8,24,9,14323.0
5670,2016,8,24,10,14886.0
5671,2016,8,24,11,15601.0
5672,2016,8,24,12,16183.0
5673,2016,8,24,13,16863.0
5674,2016,8,24,14,17810.0
5675,2016,8,24,15,18515.0
5676,2016,8,24,16,18915.0
5677,2016,8,24,17,19200.0
5678,2016,8,24,18,19291.0
5679,2016,8,24,19,18963.0
5680,2016,8,24,20,18595.0
5681,2016,8,24,21,18547.0
5682,2016,8,24,22,18094.0
5683,2016,8,24,23,16768.0
5684,2016,8,25,0,15445.0
5685,2016,8,25,1,14444.0
5686,2016,8,25,2,13719.0
5687,2016,8,25,3,13283.0
5688,2016,8,25,4,13090.0
5689,2016,8,25,5,13166.0
5690,2016,8,25,6,13864.0
5691,2016,8,25,7,15097.0
5692,2016,8,25,8,15742.0
5693,2016,8,25,9,16337.0
5694,2016,8,25,10,17273.0
5695,2016,8,25,11,18275.0
5696,2016,8,25,12,19257.0
5697,2016,8,25,13,20121.0
5698,2016,8,25,14,20936.0
5699,2016,8,25,15,21496.0
5700,2016,8,25,16,21909.0
5701,2016,8,25,17,22064.0
5702,2016,8,25,18,21993.0
5703,2016,8,25,19,21629.0
5704,2016,8,25,20,21063.0
5705,2016,8,25,21,20688.0
5706,2016,8,25,22,19884.0
5707,2016,8,25,23,18243.0
5708,2016,8,26,0,16668.0
5709,2016,8,26,1,15436.0
5710,2016,8,26,2,14533.0
5711,2016,8,26,3,13962.0
5712,2016,8,26,4,13646.0
5713,2016,8,26,5,13578.0
5714,2016,8,26,6,14081.0
5715,2016,8,26,7,15254.0
5716,2016,8,26,8,15873.0
5717,2016,8,26,9,16655.0
5718,2016,8,26,10,17629.0
5719,2016,8,26,11,18778.0
5720,2016,8,26,12,19733.0
5721,2016,8,26,13,20607.0
5722,2016,8,26,14,21199.0
5723,2016,8,26,15,21534.0
5724,2016,8,26,16,21730.0
5725,2016,8,26,17,21781.0
5726,2016,8,26,18,21561.0
5727,2016,8,26,19,21040.0
5728,2016,8,26,20,20191.0
5729,2016,8,26,21,19630.0
5730,2016,8,26,22,18851.0
5731,2016,8,26,23,17532.0
5732,2016,8,27,0,16072.0
5733,2016,8,27,1,14846.0
5734,2016,8,27,2,14028.0
5735,2016,8,27,3,13285.0
5736,2016,8,27,4,12943.0
5737,2016,8,27,5,12770.0
5738,2016,8,27,6,12736.0
5739,2016,8,27,7,13017.0
5740,2016,8,27,8,13426.0
5741,2016,8,27,9,14288.0
5742,2016,8,27,10,15572.0
5743,2016,8,27,11,16751.0
5744,2016,8,27,12,18026.0
5745,2016,8,27,13,18773.0
5746,2016,8,27,14,19574.0
5747,2016,8,27,15,20056.0
5748,2016,8,27,16,20330.0
5749,2016,8,27,17,20362.0
5750,2016,8,27,18,19958.0
5751,2016,8,27,19,19389.0
5752,2016,8,27,20,18658.0
5753,2016,8,27,21,18292.0
5754,2016,8,27,22,17483.0
5755,2016,8,27,23,16420.0
5756,2016,8,28,0,15181.0
5757,2016,8,28,1,14198.0
5758,2016,8,28,2,13403.0
5759,2016,8,28,3,12937.0
5760,2016,8,28,4,12459.0
5761,2016,8,28,5,12280.0
5762,2016,8,28,6,12266.0
5763,2016,8,28,7,12279.0
5764,2016,8,28,8,12516.0
5765,2016,8,28,9,13703.0
5766,2016,8,28,10,14880.0
5767,2016,8,28,11,16118.0
5768,2016,8,28,12,17376.0
5769,2016,8,28,13,18481.0
5770,2016,8,28,14,19338.0
5771,2016,8,28,15,19861.0
5772,2016,8,28,16,20203.0
5773,2016,8,28,17,20348.0
5774,2016,8,28,18,20208.0
5775,2016,8,28,19,19623.0
5776,2016,8,28,20,18830.0
5777,2016,8,28,21,18500.0
5778,2016,8,28,22,17683.0
5779,2016,8,28,23,16261.0
5780,2016,8,29,0,15105.0
5781,2016,8,29,1,14192.0
5782,2016,8,29,2,13399.0
5783,2016,8,29,3,13033.0
5784,2016,8,29,4,12835.0
5785,2016,8,29,5,13019.0
5786,2016,8,29,6,13487.0
5787,2016,8,29,7,14794.0
5788,2016,8,29,8,15264.0
5789,2016,8,29,9,16027.0
5790,2016,8,29,10,16992.0
5791,2016,8,29,11,18139.0
5792,2016,8,29,12,18962.0
5793,2016,8,29,13,20079.0
5794,2016,8,29,14,20918.0
5795,2016,8,29,15,21325.0
5796,2016,8,29,16,21621.0
5797,2016,8,29,17,21781.0
5798,2016,8,29,18,21573.0
5799,2016,8,29,19,21416.0
5800,2016,8,29,20,20571.0
5801,2016,8,29,21,20120.0
5802,2016,8,29,22,19071.0
5803,2016,8,29,23,17262.0
5804,2016,8,30,0,15753.0
5805,2016,8,30,1,14579.0
5806,2016,8,30,2,13803.0
5807,2016,8,30,3,13191.0
5808,2016,8,30,4,12876.0
5809,2016,8,30,5,12827.0
5810,2016,8,30,6,13404.0
5811,2016,8,30,7,14565.0
5812,2016,8,30,8,15042.0
5813,2016,8,30,9,15662.0
5814,2016,8,30,10,16455.0
5815,2016,8,30,11,17395.0
5816,2016,8,30,12,18431.0
5817,2016,8,30,13,19496.0
5818,2016,8,30,14,20271.0
5819,2016,8,30,15,20827.0
5820,2016,8,30,16,21162.0
5821,2016,8,30,17,21304.0
5822,2016,8,30,18,21142.0
5823,2016,8,30,19,20599.0
5824,2016,8,30,20,19834.0
5825,2016,8,30,21,19553.0
5826,2016,8,30,22,18491.0
5827,2016,8,30,23,16856.0
5828,2016,8,31,0,15441.0
5829,2016,8,31,1,14247.0
5830,2016,8,31,2,13493.0
5831,2016,8,31,3,13106.0
5832,2016,8,31,4,12817.0
5833,2016,8,31,5,12906.0
5834,2016,8,31,6,13543.0
5835,2016,8,31,7,14879.0
5836,2016,8,31,8,15399.0
5837,2016,8,31,9,15903.0
5838,2016,8,31,10,16566.0
5839,2016,8,31,11,17459.0
5840,2016,8,31,12,18537.0
5841,2016,8,31,13,19506.0
5842,2016,8,31,14,20253.0
5843,2016,8,31,15,20671.0
5844,2016,8,31,16,20734.0
5845,2016,8,31,17,20526.0
5846,2016,8,31,18,19995.0
5847,2016,8,31,19,19293.0
5848,2016,8,31,20,18760.0
5849,2016,8,31,21,18589.0
5850,2016,8,31,22,17852.0
5851,2016,8,31,23,16505.0
5852,2016,9,1,0,14897.0
5853,2016,9,1,1,13929.0
5854,2016,9,1,2,13305.0
5855,2016,9,1,3,12782.0
5856,2016,9,1,4,12549.0
5857,2016,9,1,5,12623.0
5858,2016,9,1,6,13187.0
5859,2016,9,1,7,14322.0
5860,2016,9,1,8,14821.0
5861,2016,9,1,9,15242.0
5862,2016,9,1,10,15789.0
5863,2016,9,1,11,16399.0
5864,2016,9,1,12,16742.0
5865,2016,9,1,13,17150.0
5866,2016,9,1,14,17376.0
5867,2016,9,1,15,17365.0
5868,2016,9,1,16,17333.0
5869,2016,9,1,17,17476.0
5870,2016,9,1,18,17329.0
5871,2016,9,1,19,16924.0
5872,2016,9,1,20,16443.0
5873,2016,9,1,21,16409.0
5874,2016,9,1,22,15751.0
5875,2016,9,1,23,14557.0
5876,2016,9,2,0,13351.0
5877,2016,9,2,1,12471.0
5878,2016,9,2,2,11987.0
5879,2016,9,2,3,11711.0
5880,2016,9,2,4,11562.0
5881,2016,9,2,5,11593.0
5882,2016,9,2,6,12149.0
5883,2016,9,2,7,13299.0
5884,2016,9,2,8,13641.0
5885,2016,9,2,9,14078.0
5886,2016,9,2,10,14633.0
5887,2016,9,2,11,15045.0
5888,2016,9,2,12,15360.0
5889,2016,9,2,13,15651.0
5890,2016,9,2,14,15942.0
5891,2016,9,2,15,16082.0
5892,2016,9,2,16,16055.0
5893,2016,9,2,17,16107.0
5894,2016,9,2,18,16034.0
5895,2016,9,2,19,15572.0
5896,2016,9,2,20,14973.0
5897,2016,9,2,21,14947.0
5898,2016,9,2,22,14405.0
5899,2016,9,2,23,13517.0
5900,2016,9,3,0,12419.0
5901,2016,9,3,1,11518.0
5902,2016,9,3,2,11046.0
5903,2016,9,3,3,10670.0
5904,2016,9,3,4,10430.0
5905,2016,9,3,5,10443.0
5906,2016,9,3,6,10497.0
5907,2016,9,3,7,10587.0
5908,2016,9,3,8,10784.0
5909,2016,9,3,9,11366.0
5910,2016,9,3,10,12082.0
5911,2016,9,3,11,12702.0
5912,2016,9,3,12,13251.0
5913,2016,9,3,13,13706.0
5914,2016,9,3,14,14005.0
5915,2016,9,3,15,14463.0
5916,2016,9,3,16,14873.0
5917,2016,9,3,17,15201.0
5918,2016,9,3,18,15302.0
5919,2016,9,3,19,14985.0
5920,2016,9,3,20,14456.0
5921,2016,9,3,21,14295.0
5922,2016,9,3,22,13699.0
5923,2016,9,3,23,12860.0
5924,2016,9,4,0,11937.0
5925,2016,9,4,1,11159.0
5926,2016,9,4,2,10697.0
5927,2016,9,4,3,10355.0
5928,2016,9,4,4,10135.0
5929,2016,9,4,5,10034.0
5930,2016,9,4,6,10118.0
5931,2016,9,4,7,10185.0
5932,2016,9,4,8,10314.0
5933,2016,9,4,9,11024.0
5934,2016,9,4,10,11729.0
5935,2016,9,4,11,12416.0
5936,2016,9,4,12,13122.0
5937,2016,9,4,13,13869.0
5938,2016,9,4,14,14466.0
5939,2016,9,4,15,15047.0
5940,2016,9,4,16,15517.0
5941,2016,9,4,17,15895.0
5942,2016,9,4,18,16017.0
5943,2016,9,4,19,15682.0
5944,2016,9,4,20,14985.0
5945,2016,9,4,21,14667.0
5946,2016,9,4,22,14018.0
5947,2016,9,4,23,13040.0
5948,2016,9,5,0,12130.0
5949,2016,9,5,1,11369.0
5950,2016,9,5,2,10720.0
5951,2016,9,5,3,10364.0
5952,2016,9,5,4,10171.0
5953,2016,9,5,5,10132.0
5954,2016,9,5,6,10152.0
5955,2016,9,5,7,10373.0
5956,2016,9,5,8,10366.0
5957,2016,9,5,9,10994.0
5958,2016,9,5,10,12078.0
5959,2016,9,5,11,13116.0
5960,2016,9,5,12,14214.0
5961,2016,9,5,13,15171.0
5962,2016,9,5,14,16028.0
5963,2016,9,5,15,16809.0
5964,2016,9,5,16,17506.0
5965,2016,9,5,17,17975.0
5966,2016,9,5,18,18234.0
5967,2016,9,5,19,17951.0
5968,2016,9,5,20,17335.0
5969,2016,9,5,21,17283.0
5970,2016,9,5,22,16401.0
5971,2016,9,5,23,14960.0
5972,2016,9,6,0,13686.0
5973,2016,9,6,1,12840.0
5974,2016,9,6,2,12247.0
5975,2016,9,6,3,11970.0
5976,2016,9,6,4,11796.0
5977,2016,9,6,5,11893.0
5978,2016,9,6,6,12545.0
5979,2016,9,6,7,13880.0
5980,2016,9,6,8,14559.0
5981,2016,9,6,9,15111.0
5982,2016,9,6,10,16112.0
5983,2016,9,6,11,17104.0
5984,2016,9,6,12,18275.0
5985,2016,9,6,13,19237.0
5986,2016,9,6,14,20024.0
5987,2016,9,6,15,20863.0
5988,2016,9,6,16,21255.0
5989,2016,9,6,17,21580.0
5990,2016,9,6,18,21490.0
5991,2016,9,6,19,21108.0
5992,2016,9,6,20,20438.0
5993,2016,9,6,21,20087.0
5994,2016,9,6,22,18939.0
5995,2016,9,6,23,17345.0
5996,2016,9,7,0,16117.0
5997,2016,9,7,1,14849.0
5998,2016,9,7,2,14065.0
5999,2016,9,7,3,13591.0
6000,2016,9,7,4,13245.0
6001,2016,9,7,5,13240.0
6002,2016,9,7,6,13903.0
6003,2016,9,7,7,15087.0
6004,2016,9,7,8,15500.0
6005,2016,9,7,9,16096.0
6006,2016,9,7,10,17053.0
6007,2016,9,7,11,18235.0
6008,2016,9,7,12,19363.0
6009,2016,9,7,13,20422.0
6010,2016,9,7,14,21170.0
6011,2016,9,7,15,21688.0
6012,2016,9,7,16,21778.0
6013,2016,9,7,17,22021.0
6014,2016,9,7,18,21857.0
6015,2016,9,7,19,21718.0
6016,2016,9,7,20,21068.0
6017,2016,9,7,21,21011.0
6018,2016,9,7,22,19806.0
6019,2016,9,7,23,18207.0
6020,2016,9,8,0,16715.0
6021,2016,9,8,1,15590.0
6022,2016,9,8,2,14752.0
6023,2016,9,8,3,14156.0
6024,2016,9,8,4,13864.0
6025,2016,9,8,5,13820.0
6026,2016,9,8,6,14471.0
6027,2016,9,8,7,15811.0
6028,2016,9,8,8,16281.0
6029,2016,9,8,9,16834.0
6030,2016,9,8,10,17530.0
6031,2016,9,8,11,18656.0
6032,2016,9,8,12,19549.0
6033,2016,9,8,13,20303.0
6034,2016,9,8,14,20894.0
6035,2016,9,8,15,21024.0
6036,2016,9,8,16,21109.0
6037,2016,9,8,17,21185.0
6038,2016,9,8,18,21047.0
6039,2016,9,8,19,20641.0
6040,2016,9,8,20,20221.0
6041,2016,9,8,21,20128.0
6042,2016,9,8,22,19157.0
6043,2016,9,8,23,17591.0
6044,2016,9,9,0,16069.0
6045,2016,9,9,1,15033.0
6046,2016,9,9,2,14250.0
6047,2016,9,9,3,13702.0
6048,2016,9,9,4,13445.0
6049,2016,9,9,5,13451.0
6050,2016,9,9,6,14011.0
6051,2016,9,9,7,15346.0
6052,2016,9,9,8,15897.0
6053,2016,9,9,9,16252.0
6054,2016,9,9,10,16826.0
6055,2016,9,9,11,17555.0
6056,2016,9,9,12,18245.0
6057,2016,9,9,13,19043.0
6058,2016,9,9,14,19568.0
6059,2016,9,9,15,19957.0
6060,2016,9,9,16,20151.0
6061,2016,9,9,17,20204.0
6062,2016,9,9,18,19901.0
6063,2016,9,9,19,19254.0
6064,2016,9,9,20,18592.0
6065,2016,9,9,21,18397.0
6066,2016,9,9,22,17765.0
6067,2016,9,9,23,16597.0
6068,2016,9,10,0,15344.0
6069,2016,9,10,1,14508.0
6070,2016,9,10,2,12959.0
6071,2016,9,10,3,13055.0
6072,2016,9,10,4,12784.0
6073,2016,9,10,5,12648.0
6074,2016,9,10,6,12748.0
6075,2016,9,10,7,13118.0
6076,2016,9,10,8,13402.0
6077,2016,9,10,9,14350.0
6078,2016,9,10,10,15437.0
6079,2016,9,10,11,16456.0
6080,2016,9,10,12,17347.0
6081,2016,9,10,13,18210.0
6082,2016,9,10,14,18728.0
6083,2016,9,10,15,18985.0
6084,2016,9,10,16,19071.0
6085,2016,9,10,17,19011.0
6086,2016,9,10,18,18598.0
6087,2016,9,10,19,17729.0
6088,2016,9,10,20,17024.0
6089,2016,9,10,21,16506.0
6090,2016,9,10,22,15819.0
6091,2016,9,10,23,14714.0
6092,2016,9,11,0,13671.0
6093,2016,9,11,1,12687.0
6094,2016,9,11,2,11976.0
6095,2016,9,11,3,11619.0
6096,2016,9,11,4,11259.0
6097,2016,9,11,5,11119.0
6098,2016,9,11,6,11166.0
6099,2016,9,11,7,11260.0
6100,2016,9,11,8,11390.0
6101,2016,9,11,9,12012.0
6102,2016,9,11,10,12776.0
6103,2016,9,11,11,13364.0
6104,2016,9,11,12,13972.0
6105,2016,9,11,13,14470.0
6106,2016,9,11,14,14927.0
6107,2016,9,11,15,15186.0
6108,2016,9,11,16,15434.0
6109,2016,9,11,17,15727.0
6110,2016,9,11,18,15784.0
6111,2016,9,11,19,15438.0
6112,2016,9,11,20,14873.0
6113,2016,9,11,21,14889.0
6114,2016,9,11,22,14140.0
6115,2016,9,11,23,13095.0
6116,2016,9,12,0,12356.0
6117,2016,9,12,1,11724.0
6118,2016,9,12,2,11283.0
6119,2016,9,12,3,11024.0
6120,2016,9,12,4,11067.0
6121,2016,9,12,5,11175.0
6122,2016,9,12,6,11788.0
6123,2016,9,12,7,13053.0
6124,2016,9,12,8,13558.0
6125,2016,9,12,9,13805.0
6126,2016,9,12,10,14318.0
6127,2016,9,12,11,15055.0
6128,2016,9,12,12,15555.0
6129,2016,9,12,13,16095.0
6130,2016,9,12,14,16700.0
6131,2016,9,12,15,17195.0
6132,2016,9,12,16,17645.0
6133,2016,9,12,17,17891.0
6134,2016,9,12,18,17901.0
6135,2016,9,12,19,17685.0
6136,2016,9,12,20,17106.0
6137,2016,9,12,21,16936.0
6138,2016,9,12,22,15923.0
6139,2016,9,12,23,14625.0
6140,2016,9,13,0,13360.0
6141,2016,9,13,1,12515.0
6142,2016,9,13,2,11829.0
6143,2016,9,13,3,11567.0
6144,2016,9,13,4,11508.0
6145,2016,9,13,5,11515.0
6146,2016,9,13,6,12177.0
6147,2016,9,13,7,13346.0
6148,2016,9,13,8,13797.0
6149,2016,9,13,9,14128.0
6150,2016,9,13,10,14795.0
6151,2016,9,13,11,15511.0
6152,2016,9,13,12,16170.0
6153,2016,9,13,13,16965.0
6154,2016,9,13,14,17702.0
6155,2016,9,13,15,18217.0
6156,2016,9,13,16,18685.0
6157,2016,9,13,17,18972.0
6158,2016,9,13,18,18956.0
6159,2016,9,13,19,18442.0
6160,2016,9,13,20,17843.0
6161,2016,9,13,21,17696.0
6162,2016,9,13,22,16658.0
6163,2016,9,13,23,15239.0
6164,2016,9,14,0,13884.0
6165,2016,9,14,1,12994.0
6166,2016,9,14,2,12286.0
6167,2016,9,14,3,11826.0
6168,2016,9,14,4,11607.0
6169,2016,9,14,5,11545.0
6170,2016,9,14,6,12290.0
6171,2016,9,14,7,13482.0
6172,2016,9,14,8,14032.0
6173,2016,9,14,9,14419.0
6174,2016,9,14,10,15010.0
6175,2016,9,14,11,15623.0
6176,2016,9,14,12,16266.0
6177,2016,9,14,13,17019.0
6178,2016,9,14,14,17661.0
6179,2016,9,14,15,17950.0
6180,2016,9,14,16,18166.0
6181,2016,9,14,17,18174.0
6182,2016,9,14,18,17991.0
6183,2016,9,14,19,17533.0
6184,2016,9,14,20,17011.0
6185,2016,9,14,21,16910.0
6186,2016,9,14,22,16026.0
6187,2016,9,14,23,14582.0
6188,2016,9,15,0,13380.0
6189,2016,9,15,1,12433.0
6190,2016,9,15,2,11926.0
6191,2016,9,15,3,11559.0
6192,2016,9,15,4,11384.0
6193,2016,9,15,5,11381.0
6194,2016,9,15,6,12011.0
6195,2016,9,15,7,13295.0
6196,2016,9,15,8,13762.0
6197,2016,9,15,9,14001.0
6198,2016,9,15,10,14521.0
6199,2016,9,15,11,15033.0
6200,2016,9,15,12,15439.0
6201,2016,9,15,13,15962.0
6202,2016,9,15,14,16479.0
6203,2016,9,15,15,16802.0
6204,2016,9,15,16,17007.0
6205,2016,9,15,17,17082.0
6206,2016,9,15,18,17040.0
6207,2016,9,15,19,16712.0
6208,2016,9,15,20,16349.0
6209,2016,9,15,21,16374.0
6210,2016,9,15,22,15518.0
6211,2016,9,15,23,14263.0
6212,2016,9,16,0,13095.0
6213,2016,9,16,1,12329.0
6214,2016,9,16,2,11757.0
6215,2016,9,16,3,11376.0
6216,2016,9,16,4,11291.0
6217,2016,9,16,5,11357.0
6218,2016,9,16,6,11962.0
6219,2016,9,16,7,13201.0
6220,2016,9,16,8,13708.0
6221,2016,9,16,9,14039.0
6222,2016,9,16,10,14512.0
6223,2016,9,16,11,15252.0
6224,2016,9,16,12,15907.0
6225,2016,9,16,13,16628.0
6226,2016,9,16,14,17369.0
6227,2016,9,16,15,17791.0
6228,2016,9,16,16,18214.0
6229,2016,9,16,17,18265.0
6230,2016,9,16,18,18157.0
6231,2016,9,16,19,17607.0
6232,2016,9,16,20,17046.0
6233,2016,9,16,21,16824.0
6234,2016,9,16,22,16092.0
6235,2016,9,16,23,15071.0
6236,2016,9,17,0,13962.0
6237,2016,9,17,1,13009.0
6238,2016,9,17,2,12397.0
6239,2016,9,17,3,11982.0
6240,2016,9,17,4,11784.0
6241,2016,9,17,5,11694.0
6242,2016,9,17,6,11952.0
6243,2016,9,17,7,12264.0
6244,2016,9,17,8,12663.0
6245,2016,9,17,9,13274.0
6246,2016,9,17,10,14142.0
6247,2016,9,17,11,14908.0
6248,2016,9,17,12,15471.0
6249,2016,9,17,13,15990.0
6250,2016,9,17,14,16186.0
6251,2016,9,17,15,16397.0
6252,2016,9,17,16,16438.0
6253,2016,9,17,17,16618.0
6254,2016,9,17,18,16447.0
6255,2016,9,17,19,16131.0
6256,2016,9,17,20,15822.0
6257,2016,9,17,21,15688.0
6258,2016,9,17,22,15059.0
6259,2016,9,17,23,14153.0
6260,2016,9,18,0,13210.0
6261,2016,9,18,1,12382.0
6262,2016,9,18,2,11838.0
6263,2016,9,18,3,11413.0
6264,2016,9,18,4,11153.0
6265,2016,9,18,5,10979.0
6266,2016,9,18,6,11028.0
6267,2016,9,18,7,11276.0
6268,2016,9,18,8,11703.0
6269,2016,9,18,9,12253.0
6270,2016,9,18,10,13123.0
6271,2016,9,18,11,13881.0
6272,2016,9,18,12,14507.0
6273,2016,9,18,13,15062.0
6274,2016,9,18,14,15500.0
6275,2016,9,18,15,15780.0
6276,2016,9,18,16,16011.0
6277,2016,9,18,17,16105.0
6278,2016,9,18,18,16048.0
6279,2016,9,18,19,15787.0
6280,2016,9,18,20,15768.0
6281,2016,9,18,21,15903.0
6282,2016,9,18,22,15110.0
6283,2016,9,18,23,14147.0
6284,2016,9,19,0,13202.0
6285,2016,9,19,1,12527.0
6286,2016,9,19,2,12098.0
6287,2016,9,19,3,11740.0
6288,2016,9,19,4,11698.0
6289,2016,9,19,5,11891.0
6290,2016,9,19,6,12608.0
6291,2016,9,19,7,13923.0
6292,2016,9,19,8,14571.0
6293,2016,9,19,9,14886.0
6294,2016,9,19,10,15285.0
6295,2016,9,19,11,15984.0
6296,2016,9,19,12,16657.0
6297,2016,9,19,13,17328.0
6298,2016,9,19,14,17866.0
6299,2016,9,19,15,18403.0
6300,2016,9,19,16,18723.0
6301,2016,9,19,17,19027.0
6302,2016,9,19,18,18890.0
6303,2016,9,19,19,18387.0
6304,2016,9,19,20,17763.0
6305,2016,9,19,21,17667.0
6306,2016,9,19,22,16534.0
6307,2016,9,19,23,15101.0
6308,2016,9,20,0,13778.0
6309,2016,9,20,1,12764.0
6310,2016,9,20,2,12209.0
6311,2016,9,20,3,11855.0
6312,2016,9,20,4,11594.0
6313,2016,9,20,5,11761.0
6314,2016,9,20,6,12352.0
6315,2016,9,20,7,13583.0
6316,2016,9,20,8,14287.0
6317,2016,9,20,9,14527.0
6318,2016,9,20,10,15147.0
6319,2016,9,20,11,15912.0
6320,2016,9,20,12,16615.0
6321,2016,9,20,13,17447.0
6322,2016,9,20,14,18260.0
6323,2016,9,20,15,18876.0
6324,2016,9,20,16,19315.0
6325,2016,9,20,17,19498.0
6326,2016,9,20,18,19330.0
6327,2016,9,20,19,18683.0
6328,2016,9,20,20,18121.0
6329,2016,9,20,21,17853.0
6330,2016,9,20,22,16605.0
6331,2016,9,20,23,15275.0
6332,2016,9,21,0,13903.0
6333,2016,9,21,1,12954.0
6334,2016,9,21,2,12287.0
6335,2016,9,21,3,11910.0
6336,2016,9,21,4,11714.0
6337,2016,9,21,5,11743.0
6338,2016,9,21,6,12413.0
6339,2016,9,21,7,13527.0
6340,2016,9,21,8,14074.0
6341,2016,9,21,9,14288.0
6342,2016,9,21,10,14910.0
6343,2016,9,21,11,15571.0
6344,2016,9,21,12,16249.0
6345,2016,9,21,13,17048.0
6346,2016,9,21,14,17878.0
6347,2016,9,21,15,18540.0
6348,2016,9,21,16,19013.0
6349,2016,9,21,17,19261.0
6350,2016,9,21,18,19122.0
6351,2016,9,21,19,18538.0
6352,2016,9,21,20,17974.0
6353,2016,9,21,21,17698.0
6354,2016,9,21,22,16576.0
6355,2016,9,21,23,15196.0
6356,2016,9,22,0,13857.0
6357,2016,9,22,1,12829.0
6358,2016,9,22,2,12222.0
6359,2016,9,22,3,11832.0
6360,2016,9,22,4,11628.0
6361,2016,9,22,5,11725.0
6362,2016,9,22,6,12404.0
6363,2016,9,22,7,13796.0
6364,2016,9,22,8,14295.0
6365,2016,9,22,9,14569.0
6366,2016,9,22,10,15229.0
6367,2016,9,22,11,16031.0
6368,2016,9,22,12,16805.0
6369,2016,9,22,13,17623.0
6370,2016,9,22,14,18358.0
6371,2016,9,22,15,18842.0
6372,2016,9,22,16,19381.0
6373,2016,9,22,17,19674.0
6374,2016,9,22,18,19492.0
6375,2016,9,22,19,18875.0
6376,2016,9,22,20,18418.0
6377,2016,9,22,21,18091.0
6378,2016,9,22,22,16998.0
6379,2016,9,22,23,15682.0
6380,2016,9,23,0,14318.0
6381,2016,9,23,1,13287.0
6382,2016,9,23,2,12579.0
6383,2016,9,23,3,12262.0
6384,2016,9,23,4,12059.0
6385,2016,9,23,5,12033.0
6386,2016,9,23,6,12708.0
6387,2016,9,23,7,13942.0
6388,2016,9,23,8,14562.0
6389,2016,9,23,9,14763.0
6390,2016,9,23,10,15471.0
6391,2016,9,23,11,16347.0
6392,2016,9,23,12,17293.0
6393,2016,9,23,13,18231.0
6394,2016,9,23,14,19016.0
6395,2016,9,23,15,19491.0
6396,2016,9,23,16,19761.0
6397,2016,9,23,17,19885.0
6398,2016,9,23,18,19506.0
6399,2016,9,23,19,18646.0
6400,2016,9,23,20,17917.0
6401,2016,9,23,21,17523.0
6402,2016,9,23,22,16487.0
6403,2016,9,23,23,15295.0
6404,2016,9,24,0,14205.0
6405,2016,9,24,1,13135.0
6406,2016,9,24,2,12372.0
6407,2016,9,24,3,11849.0
6408,2016,9,24,4,11595.0
6409,2016,9,24,5,11515.0
6410,2016,9,24,6,11616.0
6411,2016,9,24,7,11997.0
6412,2016,9,24,8,12326.0
6413,2016,9,24,9,12887.0
6414,2016,9,24,10,13597.0
6415,2016,9,24,11,14239.0
6416,2016,9,24,12,14790.0
6417,2016,9,24,13,15362.0
6418,2016,9,24,14,15880.0
6419,2016,9,24,15,16236.0
6420,2016,9,24,16,16532.0
6421,2016,9,24,17,16642.0
6422,2016,9,24,18,16594.0
6423,2016,9,24,19,16121.0
6424,2016,9,24,20,15571.0
6425,2016,9,24,21,15485.0
6426,2016,9,24,22,14666.0
6427,2016,9,24,23,13666.0
6428,2016,9,25,0,12598.0
6429,2016,9,25,1,11757.0
6430,2016,9,25,2,11165.0
6431,2016,9,25,3,10891.0
6432,2016,9,25,4,10657.0
6433,2016,9,25,5,10572.0
6434,2016,9,25,6,10610.0
6435,2016,9,25,7,10808.0
6436,2016,9,25,8,10973.0
6437,2016,9,25,9,11552.0
6438,2016,9,25,10,12207.0
6439,2016,9,25,11,12788.0
6440,2016,9,25,12,13432.0
6441,2016,9,25,13,13979.0
6442,2016,9,25,14,14511.0
6443,2016,9,25,15,15056.0
6444,2016,9,25,16,15463.0
6445,2016,9,25,17,16031.0
6446,2016,9,25,18,16223.0
6447,2016,9,25,19,15918.0
6448,2016,9,25,20,15751.0
6449,2016,9,25,21,15783.0
6450,2016,9,25,22,14879.0
6451,2016,9,25,23,13770.0
6452,2016,9,26,0,12796.0
6453,2016,9,26,1,12072.0
6454,2016,9,26,2,11701.0
6455,2016,9,26,3,11381.0
6456,2016,9,26,4,11313.0
6457,2016,9,26,5,11515.0
6458,2016,9,26,6,12235.0
6459,2016,9,26,7,13449.0
6460,2016,9,26,8,14193.0
6461,2016,9,26,9,14405.0
6462,2016,9,26,10,14662.0
6463,2016,9,26,11,15056.0
6464,2016,9,26,12,15392.0
6465,2016,9,26,13,15592.0
6466,2016,9,26,14,15672.0
6467,2016,9,26,15,15534.0
6468,2016,9,26,16,15276.0
6469,2016,9,26,17,15262.0
6470,2016,9,26,18,15031.0
6471,2016,9,26,19,14831.0
6472,2016,9,26,20,14893.0
6473,2016,9,26,21,15002.0
6474,2016,9,26,22,14161.0
6475,2016,9,26,23,13133.0
6476,2016,9,27,0,12316.0
6477,2016,9,27,1,11716.0
6478,2016,9,27,2,11209.0
6479,2016,9,27,3,10908.0
6480,2016,9,27,4,10873.0
6481,2016,9,27,5,11013.0
6482,2016,9,27,6,11724.0
6483,2016,9,27,7,13005.0
6484,2016,9,27,8,13576.0
6485,2016,9,27,9,13601.0
6486,2016,9,27,10,13719.0
6487,2016,9,27,11,14179.0
6488,2016,9,27,12,14411.0
6489,2016,9,27,13,14666.0
6490,2016,9,27,14,14860.0
6491,2016,9,27,15,15116.0
6492,2016,9,27,16,15161.0
6493,2016,9,27,17,15195.0
6494,2016,9,27,18,15067.0
6495,2016,9,27,19,14768.0
6496,2016,9,27,20,14876.0
6497,2016,9,27,21,14890.0
6498,2016,9,27,22,14173.0
6499,2016,9,27,23,13098.0
6500,2016,9,28,0,12103.0
6501,2016,9,28,1,11439.0
6502,2016,9,28,2,11067.0
6503,2016,9,28,3,10927.0
6504,2016,9,28,4,10764.0
6505,2016,9,28,5,10961.0
6506,2016,9,28,6,11698.0
6507,2016,9,28,7,12934.0
6508,2016,9,28,8,13582.0
6509,2016,9,28,9,13658.0
6510,2016,9,28,10,13921.0
6511,2016,9,28,11,14176.0
6512,2016,9,28,12,14363.0
6513,2016,9,28,13,14436.0
6514,2016,9,28,14,14500.0
6515,2016,9,28,15,14531.0
6516,2016,9,28,16,14623.0
6517,2016,9,28,17,14644.0
6518,2016,9,28,18,14614.0
6519,2016,9,28,19,14536.0
6520,2016,9,28,20,14734.0
6521,2016,9,28,21,14515.0
6522,2016,9,28,22,13883.0
6523,2016,9,28,23,13050.0
6524,2016,9,29,0,12156.0
6525,2016,9,29,1,11509.0
6526,2016,9,29,2,11247.0
6527,2016,9,29,3,11024.0
6528,2016,9,29,4,10858.0
6529,2016,9,29,5,11071.0
6530,2016,9,29,6,11756.0
6531,2016,9,29,7,12998.0
6532,2016,9,29,8,13761.0
6533,2016,9,29,9,13828.0
6534,2016,9,29,10,14017.0
6535,2016,9,29,11,14237.0
6536,2016,9,29,12,14339.0
6537,2016,9,29,13,14278.0
6538,2016,9,29,14,14449.0
6539,2016,9,29,15,14374.0
6540,2016,9,29,16,14256.0
6541,2016,9,29,17,14145.0
6542,2016,9,29,18,14123.0
6543,2016,9,29,19,14029.0
6544,2016,9,29,20,14569.0
6545,2016,9,29,21,14568.0
6546,2016,9,29,22,13974.0
6547,2016,9,29,23,13146.0
6548,2016,9,30,0,12246.0
6549,2016,9,30,1,11624.0
6550,2016,9,30,2,11211.0
6551,2016,9,30,3,10976.0
6552,2016,9,30,4,10890.0
6553,2016,9,30,5,11097.0
6554,2016,9,30,6,11780.0
6555,2016,9,30,7,12995.0
6556,2016,9,30,8,13742.0
6557,2016,9,30,9,13838.0
6558,2016,9,30,10,14099.0
6559,2016,9,30,11,14174.0
6560,2016,9,30,12,14240.0
6561,2016,9,30,13,14238.0
6562,2016,9,30,14,14198.0
6563,2016,9,30,15,14133.0
6564,2016,9,30,16,13950.0
6565,2016,9,30,17,13869.0
6566,2016,9,30,18,13710.0
6567,2016,9,30,19,13483.0
6568,2016,9,30,20,13744.0
6569,2016,9,30,21,13660.0
6570,2016,9,30,22,13188.0
6571,2016,9,30,23,12506.0
6572,2016,10,1,0,11716.0
6573,2016,10,1,1,11019.0
6574,2016,10,1,2,10600.0
6575,2016,10,1,3,10384.0
6576,2016,10,1,4,10214.0
6577,2016,10,1,5,10258.0
6578,2016,10,1,6,10469.0
6579,2016,10,1,7,10901.0
6580,2016,10,1,8,11204.0
6581,2016,10,1,9,11581.0
6582,2016,10,1,10,12049.0
6583,2016,10,1,11,12296.0
6584,2016,10,1,12,12438.0
6585,2016,10,1,13,12536.0
6586,2016,10,1,14,12616.0
6587,2016,10,1,15,12620.0
6588,2016,10,1,16,12542.0
6589,2016,10,1,17,12624.0
6590,2016,10,1,18,12573.0
6591,2016,10,1,19,12447.0
6592,2016,10,1,20,12744.0
6593,2016,10,1,21,12729.0
6594,2016,10,1,22,12257.0
6595,2016,10,1,23,11635.0
6596,2016,10,2,0,10981.0
6597,2016,10,2,1,10393.0
6598,2016,10,2,2,10000.0
6599,2016,10,2,3,9776.0
6600,2016,10,2,4,9623.0
6601,2016,10,2,5,9581.0
6602,2016,10,2,6,9604.0
6603,2016,10,2,7,9849.0
6604,2016,10,2,8,10204.0
6605,2016,10,2,9,10627.0
6606,2016,10,2,10,11168.0
6607,2016,10,2,11,11395.0
6608,2016,10,2,12,11581.0
6609,2016,10,2,13,11849.0
6610,2016,10,2,14,11969.0
6611,2016,10,2,15,12032.0
6612,2016,10,2,16,12125.0
6613,2016,10,2,17,12307.0
6614,2016,10,2,18,12416.0
6615,2016,10,2,19,12472.0
6616,2016,10,2,20,13018.0
6617,2016,10,2,21,13059.0
6618,2016,10,2,22,12494.0
6619,2016,10,2,23,11813.0
6620,2016,10,3,0,11042.0
6621,2016,10,3,1,10605.0
6622,2016,10,3,2,10300.0
6623,2016,10,3,3,10151.0
6624,2016,10,3,4,10143.0
6625,2016,10,3,5,10370.0
6626,2016,10,3,6,11112.0
6627,2016,10,3,7,12407.0
6628,2016,10,3,8,13178.0
6629,2016,10,3,9,13275.0
6630,2016,10,3,10,13582.0
6631,2016,10,3,11,13835.0
6632,2016,10,3,12,14072.0
6633,2016,10,3,13,14261.0
6634,2016,10,3,14,14585.0
6635,2016,10,3,15,14561.0
6636,2016,10,3,16,14626.0
6637,2016,10,3,17,14488.0
6638,2016,10,3,18,14413.0
6639,2016,10,3,19,14211.0
6640,2016,10,3,20,14581.0
6641,2016,10,3,21,14501.0
6642,2016,10,3,22,13785.0
6643,2016,10,3,23,12782.0
6644,2016,10,4,0,11775.0
6645,2016,10,4,1,11213.0
6646,2016,10,4,2,10862.0
6647,2016,10,4,3,10629.0
6648,2016,10,4,4,10543.0
6649,2016,10,4,5,10730.0
6650,2016,10,4,6,11439.0
6651,2016,10,4,7,12668.0
6652,2016,10,4,8,13416.0
6653,2016,10,4,9,13422.0
6654,2016,10,4,10,13691.0
6655,2016,10,4,11,14005.0
6656,2016,10,4,12,14237.0
6657,2016,10,4,13,14604.0
6658,2016,10,4,14,14914.0
6659,2016,10,4,15,15146.0
6660,2016,10,4,16,15188.0
6661,2016,10,4,17,15254.0
6662,2016,10,4,18,15084.0
6663,2016,10,4,19,14830.0
6664,2016,10,4,20,15125.0
6665,2016,10,4,21,14903.0
6666,2016,10,4,22,14229.0
6667,2016,10,4,23,13151.0
6668,2016,10,5,0,12174.0
6669,2016,10,5,1,11423.0
6670,2016,10,5,2,11057.0
6671,2016,10,5,3,10778.0
6672,2016,10,5,4,10739.0
6673,2016,10,5,5,10841.0
6674,2016,10,5,6,11542.0
6675,2016,10,5,7,12791.0
6676,2016,10,5,8,13478.0
6677,2016,10,5,9,13527.0
6678,2016,10,5,10,13804.0
6679,2016,10,5,11,14153.0
6680,2016,10,5,12,14541.0
6681,2016,10,5,13,14730.0
6682,2016,10,5,14,15162.0
6683,2016,10,5,15,15358.0
6684,2016,10,5,16,15441.0
6685,2016,10,5,17,15551.0
6686,2016,10,5,18,15412.0
6687,2016,10,5,19,15182.0
6688,2016,10,5,20,15371.0
6689,2016,10,5,21,15183.0
6690,2016,10,5,22,14527.0
6691,2016,10,5,23,13453.0
6692,2016,10,6,0,12462.0
6693,2016,10,6,1,11729.0
6694,2016,10,6,2,11259.0
6695,2016,10,6,3,11035.0
6696,2016,10,6,4,10814.0
6697,2016,10,6,5,11024.0
6698,2016,10,6,6,11744.0
6699,2016,10,6,7,12984.0
6700,2016,10,6,8,13705.0
6701,2016,10,6,9,13660.0
6702,2016,10,6,10,14078.0
6703,2016,10,6,11,14414.0
6704,2016,10,6,12,14660.0
6705,2016,10,6,13,14997.0
6706,2016,10,6,14,15393.0
6707,2016,10,6,15,15657.0
6708,2016,10,6,16,15797.0
6709,2016,10,6,17,15891.0
6710,2016,10,6,18,15776.0
6711,2016,10,6,19,15397.0
6712,2016,10,6,20,15623.0
6713,2016,10,6,21,15450.0
6714,2016,10,6,22,14685.0
6715,2016,10,6,23,13622.0
6716,2016,10,7,0,12643.0
6717,2016,10,7,1,11896.0
6718,2016,10,7,2,11468.0
6719,2016,10,7,3,11056.0
6720,2016,10,7,4,10957.0
6721,2016,10,7,5,11059.0
6722,2016,10,7,6,11720.0
6723,2016,10,7,7,12844.0
6724,2016,10,7,8,13557.0
6725,2016,10,7,9,13647.0
6726,2016,10,7,10,13952.0
6727,2016,10,7,11,14403.0
6728,2016,10,7,12,14730.0
6729,2016,10,7,13,14983.0
6730,2016,10,7,14,15309.0
6731,2016,10,7,15,15391.0
6732,2016,10,7,16,15285.0
6733,2016,10,7,17,15280.0
6734,2016,10,7,18,15093.0
6735,2016,10,7,19,14685.0
6736,2016,10,7,20,14741.0
6737,2016,10,7,21,14407.0
6738,2016,10,7,22,13800.0
6739,2016,10,7,23,12986.0
6740,2016,10,8,0,12211.0
6741,2016,10,8,1,11459.0
6742,2016,10,8,2,10951.0
6743,2016,10,8,3,10650.0
6744,2016,10,8,4,10538.0
6745,2016,10,8,5,10444.0
6746,2016,10,8,6,10564.0
6747,2016,10,8,7,10963.0
6748,2016,10,8,8,11447.0
6749,2016,10,8,9,11875.0
6750,2016,10,8,10,12351.0
6751,2016,10,8,11,12544.0
6752,2016,10,8,12,12544.0
6753,2016,10,8,13,12590.0
6754,2016,10,8,14,12565.0
6755,2016,10,8,15,12434.0
6756,2016,10,8,16,12386.0
6757,2016,10,8,17,12375.0
6758,2016,10,8,18,12272.0
6759,2016,10,8,19,12174.0
6760,2016,10,8,20,12536.0
6761,2016,10,8,21,12467.0
6762,2016,10,8,22,12079.0
6763,2016,10,8,23,11474.0
6764,2016,10,9,0,10789.0
6765,2016,10,9,1,10278.0
6766,2016,10,9,2,9998.0
6767,2016,10,9,3,9852.0
6768,2016,10,9,4,9819.0
6769,2016,10,9,5,9798.0
6770,2016,10,9,6,9958.0
6771,2016,10,9,7,10276.0
6772,2016,10,9,8,10769.0
6773,2016,10,9,9,11180.0
6774,2016,10,9,10,11586.0
6775,2016,10,9,11,11698.0
6776,2016,10,9,12,11631.0
6777,2016,10,9,13,11698.0
6778,2016,10,9,14,11778.0
6779,2016,10,9,15,11693.0
6780,2016,10,9,16,11838.0
6781,2016,10,9,17,11993.0
6782,2016,10,9,18,12146.0
6783,2016,10,9,19,12297.0
6784,2016,10,9,20,13003.0
6785,2016,10,9,21,13041.0
6786,2016,10,9,22,12488.0
6787,2016,10,9,23,11811.0
6788,2016,10,10,0,11351.0
6789,2016,10,10,1,10921.0
6790,2016,10,10,2,10646.0
6791,2016,10,10,3,10445.0
6792,2016,10,10,4,10656.0
6793,2016,10,10,5,10864.0
6794,2016,10,10,6,11585.0
6795,2016,10,10,7,13050.0
6796,2016,10,10,8,13965.0
6797,2016,10,10,9,14106.0
6798,2016,10,10,10,14115.0
6799,2016,10,10,11,14154.0
6800,2016,10,10,12,14075.0
6801,2016,10,10,13,14028.0
6802,2016,10,10,14,13993.0
6803,2016,10,10,15,13944.0
6804,2016,10,10,16,13908.0
6805,2016,10,10,17,13792.0
6806,2016,10,10,18,13655.0
6807,2016,10,10,19,13614.0
6808,2016,10,10,20,14415.0
6809,2016,10,10,21,14225.0
6810,2016,10,10,22,13547.0
6811,2016,10,10,23,12818.0
6812,2016,10,11,0,11971.0
6813,2016,10,11,1,11530.0
6814,2016,10,11,2,11220.0
6815,2016,10,11,3,11060.0
6816,2016,10,11,4,11108.0
6817,2016,10,11,5,11299.0
6818,2016,10,11,6,12112.0
6819,2016,10,11,7,13486.0
6820,2016,10,11,8,14304.0
6821,2016,10,11,9,14190.0
6822,2016,10,11,10,14229.0
6823,2016,10,11,11,14168.0
6824,2016,10,11,12,14039.0
6825,2016,10,11,13,13893.0
6826,2016,10,11,14,13948.0
6827,2016,10,11,15,13766.0
6828,2016,10,11,16,13672.0
6829,2016,10,11,17,13758.0
6830,2016,10,11,18,13670.0
6831,2016,10,11,19,13610.0
6832,2016,10,11,20,14090.0
6833,2016,10,11,21,14058.0
6834,2016,10,11,22,13671.0
6835,2016,10,11,23,12714.0
6836,2016,10,12,0,12020.0
6837,2016,10,12,1,11443.0
6838,2016,10,12,2,11065.0
6839,2016,10,12,3,10992.0
6840,2016,10,12,4,10911.0
6841,2016,10,12,5,11179.0
6842,2016,10,12,6,11927.0
6843,2016,10,12,7,13293.0
6844,2016,10,12,8,14150.0
6845,2016,10,12,9,14022.0
6846,2016,10,12,10,13942.0
6847,2016,10,12,11,14024.0
6848,2016,10,12,12,13976.0
6849,2016,10,12,13,14158.0
6850,2016,10,12,14,14146.0
6851,2016,10,12,15,14219.0
6852,2016,10,12,16,14237.0
6853,2016,10,12,17,14213.0
6854,2016,10,12,18,14204.0
6855,2016,10,12,19,14058.0
6856,2016,10,12,20,14521.0
6857,2016,10,12,21,14281.0
6858,2016,10,12,22,13692.0
6859,2016,10,12,23,12718.0
6860,2016,10,13,0,11964.0
6861,2016,10,13,1,11339.0
6862,2016,10,13,2,11048.0
6863,2016,10,13,3,10815.0
6864,2016,10,13,4,10759.0
6865,2016,10,13,5,11006.0
6866,2016,10,13,6,11633.0
6867,2016,10,13,7,12952.0
6868,2016,10,13,8,13780.0
6869,2016,10,13,9,13806.0
6870,2016,10,13,10,13867.0
6871,2016,10,13,11,13889.0
6872,2016,10,13,12,13904.0
6873,2016,10,13,13,13928.0
6874,2016,10,13,14,13869.0
6875,2016,10,13,15,13771.0
6876,2016,10,13,16,13636.0
6877,2016,10,13,17,13517.0
6878,2016,10,13,18,13442.0
6879,2016,10,13,19,13416.0
6880,2016,10,13,20,14036.0
6881,2016,10,13,21,14080.0
6882,2016,10,13,22,13489.0
6883,2016,10,13,23,12670.0
6884,2016,10,14,0,11882.0
6885,2016,10,14,1,11296.0
6886,2016,10,14,2,10942.0
6887,2016,10,14,3,10781.0
6888,2016,10,14,4,10811.0
6889,2016,10,14,5,11021.0
6890,2016,10,14,6,11755.0
6891,2016,10,14,7,12932.0
6892,2016,10,14,8,13711.0
6893,2016,10,14,9,13812.0
6894,2016,10,14,10,13870.0
6895,2016,10,14,11,13874.0
6896,2016,10,14,12,13743.0
6897,2016,10,14,13,13643.0
6898,2016,10,14,14,13584.0
6899,2016,10,14,15,13456.0
6900,2016,10,14,16,13269.0
6901,2016,10,14,17,13193.0
6902,2016,10,14,18,13036.0
6903,2016,10,14,19,12987.0
6904,2016,10,14,20,13383.0
6905,2016,10,14,21,13234.0
6906,2016,10,14,22,12803.0
6907,2016,10,14,23,12232.0
6908,2016,10,15,0,11512.0
6909,2016,10,15,1,10746.0
6910,2016,10,15,2,10473.0
6911,2016,10,15,3,10323.0
6912,2016,10,15,4,10244.0
6913,2016,10,15,5,10313.0
6914,2016,10,15,6,10494.0
6915,2016,10,15,7,11035.0
6916,2016,10,15,8,11638.0
6917,2016,10,15,9,11948.0
6918,2016,10,15,10,12250.0
6919,2016,10,15,11,12377.0
6920,2016,10,15,12,12394.0
6921,2016,10,15,13,12373.0
6922,2016,10,15,14,12238.0
6923,2016,10,15,15,12313.0
6924,2016,10,15,16,12319.0
6925,2016,10,15,17,12443.0
6926,2016,10,15,18,12452.0
6927,2016,10,15,19,12430.0
6928,2016,10,15,20,12938.0
6929,2016,10,15,21,12770.0
6930,2016,10,15,22,12225.0
6931,2016,10,15,23,11668.0
6932,2016,10,16,0,10997.0
6933,2016,10,16,1,10463.0
6934,2016,10,16,2,10070.0
6935,2016,10,16,3,9877.0
6936,2016,10,16,4,9744.0
6937,2016,10,16,5,9743.0
6938,2016,10,16,6,9743.0
6939,2016,10,16,7,10109.0
6940,2016,10,16,8,10520.0
6941,2016,10,16,9,10936.0
6942,2016,10,16,10,11388.0
6943,2016,10,16,11,11786.0
6944,2016,10,16,12,12014.0
6945,2016,10,16,13,12317.0
6946,2016,10,16,14,12463.0
6947,2016,10,16,15,12523.0
6948,2016,10,16,16,12639.0
6949,2016,10,16,17,12813.0
6950,2016,10,16,18,12992.0
6951,2016,10,16,19,13090.0
6952,2016,10,16,20,13728.0
6953,2016,10,16,21,13489.0
6954,2016,10,16,22,12918.0
6955,2016,10,16,23,12201.0
6956,2016,10,17,0,11580.0
6957,2016,10,17,1,10983.0
6958,2016,10,17,2,10745.0
6959,2016,10,17,3,10520.0
6960,2016,10,17,4,10509.0
6961,2016,10,17,5,10759.0
6962,2016,10,17,6,11445.0
6963,2016,10,17,7,12846.0
6964,2016,10,17,8,13674.0
6965,2016,10,17,9,13805.0
6966,2016,10,17,10,14101.0
6967,2016,10,17,11,14518.0
6968,2016,10,17,12,14892.0
6969,2016,10,17,13,15260.0
6970,2016,10,17,14,15620.0
6971,2016,10,17,15,15912.0
6972,2016,10,17,16,16044.0
6973,2016,10,17,17,16053.0
6974,2016,10,17,18,15908.0
6975,2016,10,17,19,15688.0
6976,2016,10,17,20,16098.0
6977,2016,10,17,21,15694.0
6978,2016,10,17,22,14857.0
6979,2016,10,17,23,13857.0
6980,2016,10,18,0,12733.0
6981,2016,10,18,1,11954.0
6982,2016,10,18,2,11557.0
6983,2016,10,18,3,11172.0
6984,2016,10,18,4,11046.0
6985,2016,10,18,5,11178.0
6986,2016,10,18,6,11911.0
6987,2016,10,18,7,13214.0
6988,2016,10,18,8,14006.0
6989,2016,10,18,9,13988.0
6990,2016,10,18,10,14343.0
6991,2016,10,18,11,14706.0
6992,2016,10,18,12,14972.0
6993,2016,10,18,13,15375.0
6994,2016,10,18,14,15694.0
6995,2016,10,18,15,15823.0
6996,2016,10,18,16,15745.0
6997,2016,10,18,17,15722.0
6998,2016,10,18,18,15653.0
6999,2016,10,18,19,15645.0
7000,2016,10,18,20,16022.0
7001,2016,10,18,21,15669.0
7002,2016,10,18,22,14908.0
7003,2016,10,18,23,13889.0
7004,2016,10,19,0,12875.0
7005,2016,10,19,1,12067.0
7006,2016,10,19,2,11604.0
7007,2016,10,19,3,11183.0
7008,2016,10,19,4,11153.0
7009,2016,10,19,5,11296.0
7010,2016,10,19,6,12018.0
7011,2016,10,19,7,13263.0
7012,2016,10,19,8,14013.0
7013,2016,10,19,9,14033.0
7014,2016,10,19,10,14145.0
7015,2016,10,19,11,14706.0
7016,2016,10,19,12,15059.0
7017,2016,10,19,13,15462.0
7018,2016,10,19,14,15853.0
7019,2016,10,19,15,16090.0
7020,2016,10,19,16,16059.0
7021,2016,10,19,17,16102.0
7022,2016,10,19,18,15823.0
7023,2016,10,19,19,15662.0
7024,2016,10,19,20,15923.0
7025,2016,10,19,21,15457.0
7026,2016,10,19,22,14647.0
7027,2016,10,19,23,13643.0
7028,2016,10,20,0,12622.0
7029,2016,10,20,1,11754.0
7030,2016,10,20,2,11291.0
7031,2016,10,20,3,11057.0
7032,2016,10,20,4,10924.0
7033,2016,10,20,5,11086.0
7034,2016,10,20,6,11769.0
7035,2016,10,20,7,12995.0
7036,2016,10,20,8,13805.0
7037,2016,10,20,9,13876.0
7038,2016,10,20,10,14142.0
7039,2016,10,20,11,14558.0
7040,2016,10,20,12,14742.0
7041,2016,10,20,13,15054.0
7042,2016,10,20,14,15278.0
7043,2016,10,20,15,15301.0
7044,2016,10,20,16,15160.0
7045,2016,10,20,17,15036.0
7046,2016,10,20,18,14858.0
7047,2016,10,20,19,14873.0
7048,2016,10,20,20,15046.0
7049,2016,10,20,21,14671.0
7050,2016,10,20,22,13831.0
7051,2016,10,20,23,13081.0
7052,2016,10,21,0,12263.0
7053,2016,10,21,1,11585.0
7054,2016,10,21,2,11220.0
7055,2016,10,21,3,11017.0
7056,2016,10,21,4,10896.0
7057,2016,10,21,5,11059.0
7058,2016,10,21,6,11711.0
7059,2016,10,21,7,12751.0
7060,2016,10,21,8,13456.0
7061,2016,10,21,9,13717.0
7062,2016,10,21,10,13920.0
7063,2016,10,21,11,14081.0
7064,2016,10,21,12,14074.0
7065,2016,10,21,13,14017.0
7066,2016,10,21,14,13968.0
7067,2016,10,21,15,13749.0
7068,2016,10,21,16,13618.0
7069,2016,10,21,17,13505.0
7070,2016,10,21,18,13433.0
7071,2016,10,21,19,13586.0
7072,2016,10,21,20,13881.0
7073,2016,10,21,21,13665.0
7074,2016,10,21,22,13155.0
7075,2016,10,21,23,12452.0
7076,2016,10,22,0,11800.0
7077,2016,10,22,1,11153.0
7078,2016,10,22,2,10667.0
7079,2016,10,22,3,10637.0
7080,2016,10,22,4,10495.0
7081,2016,10,22,5,10525.0
7082,2016,10,22,6,10928.0
7083,2016,10,22,7,11367.0
7084,2016,10,22,8,12015.0
7085,2016,10,22,9,12408.0
7086,2016,10,22,10,12789.0
7087,2016,10,22,11,12940.0
7088,2016,10,22,12,12924.0
7089,2016,10,22,13,12679.0
7090,2016,10,22,14,12541.0
7091,2016,10,22,15,12321.0
7092,2016,10,22,16,12121.0
7093,2016,10,22,17,12021.0
7094,2016,10,22,18,12126.0
7095,2016,10,22,19,12456.0
7096,2016,10,22,20,13086.0
7097,2016,10,22,21,12993.0
7098,2016,10,22,22,12673.0
7099,2016,10,22,23,12311.0
7100,2016,10,23,0,11788.0
7101,2016,10,23,1,11370.0
7102,2016,10,23,2,11101.0
7103,2016,10,23,3,10931.0
7104,2016,10,23,4,10821.0
7105,2016,10,23,5,10909.0
7106,2016,10,23,6,11032.0
7107,2016,10,23,7,11353.0
7108,2016,10,23,8,11898.0
7109,2016,10,23,9,12327.0
7110,2016,10,23,10,12327.0
7111,2016,10,23,11,12171.0
7112,2016,10,23,12,12060.0
7113,2016,10,23,13,11938.0
7114,2016,10,23,14,11761.0
7115,2016,10,23,15,11725.0
7116,2016,10,23,16,11655.0
7117,2016,10,23,17,11833.0
7118,2016,10,23,18,11934.0
7119,2016,10,23,19,12239.0
7120,2016,10,23,20,13073.0
7121,2016,10,23,21,12954.0
7122,2016,10,23,22,12354.0
7123,2016,10,23,23,11747.0
7124,2016,10,24,0,11202.0
7125,2016,10,24,1,10831.0
7126,2016,10,24,2,10547.0
7127,2016,10,24,3,10520.0
7128,2016,10,24,4,10532.0
7129,2016,10,24,5,10700.0
7130,2016,10,24,6,11543.0
7131,2016,10,24,7,12997.0
7132,2016,10,24,8,13740.0
7133,2016,10,24,9,13817.0
7134,2016,10,24,10,13774.0
7135,2016,10,24,11,13759.0
7136,2016,10,24,12,13827.0
7137,2016,10,24,13,13751.0
7138,2016,10,24,14,13798.0
7139,2016,10,24,15,13656.0
7140,2016,10,24,16,13520.0
7141,2016,10,24,17,13387.0
7142,2016,10,24,18,13323.0
7143,2016,10,24,19,13639.0
7144,2016,10,24,20,14200.0
7145,2016,10,24,21,14086.0
7146,2016,10,24,22,13627.0
7147,2016,10,24,23,12775.0
7148,2016,10,25,0,12153.0
7149,2016,10,25,1,11621.0
7150,2016,10,25,2,11448.0
7151,2016,10,25,3,11391.0
7152,2016,10,25,4,11444.0
7153,2016,10,25,5,11804.0
7154,2016,10,25,6,12554.0
7155,2016,10,25,7,14072.0
7156,2016,10,25,8,14972.0
7157,2016,10,25,9,14913.0
7158,2016,10,25,10,14634.0
7159,2016,10,25,11,14499.0
7160,2016,10,25,12,14228.0
7161,2016,10,25,13,13978.0
7162,2016,10,25,14,13850.0
7163,2016,10,25,15,13719.0
7164,2016,10,25,16,13495.0
7165,2016,10,25,17,13361.0
7166,2016,10,25,18,13452.0
7167,2016,10,25,19,13850.0
7168,2016,10,25,20,14453.0
7169,2016,10,25,21,14349.0
7170,2016,10,25,22,13928.0
7171,2016,10,25,23,13178.0
7172,2016,10,26,0,12446.0
7173,2016,10,26,1,12001.0
7174,2016,10,26,2,11751.0
7175,2016,10,26,3,11659.0
7176,2016,10,26,4,11700.0
7177,2016,10,26,5,11992.0
7178,2016,10,26,6,12800.0
7179,2016,10,26,7,14142.0
7180,2016,10,26,8,14963.0
7181,2016,10,26,9,14850.0
7182,2016,10,26,10,14751.0
7183,2016,10,26,11,14606.0
7184,2016,10,26,12,14383.0
7185,2016,10,26,13,14175.0
7186,2016,10,26,14,13944.0
7187,2016,10,26,15,13733.0
7188,2016,10,26,16,13567.0
7189,2016,10,26,17,13592.0
7190,2016,10,26,18,13679.0
7191,2016,10,26,19,14161.0
7192,2016,10,26,20,14488.0
7193,2016,10,26,21,14248.0
7194,2016,10,26,22,13829.0
7195,2016,10,26,23,13088.0
7196,2016,10,27,0,12291.0
7197,2016,10,27,1,11780.0
7198,2016,10,27,2,11465.0
7199,2016,10,27,3,11257.0
7200,2016,10,27,4,11340.0
7201,2016,10,27,5,11552.0
7202,2016,10,27,6,12313.0
7203,2016,10,27,7,13582.0
7204,2016,10,27,8,14358.0
7205,2016,10,27,9,14346.0
7206,2016,10,27,10,14376.0
7207,2016,10,27,11,14289.0
7208,2016,10,27,12,14283.0
7209,2016,10,27,13,14121.0
7210,2016,10,27,14,14106.0
7211,2016,10,27,15,13824.0
7212,2016,10,27,16,13699.0
7213,2016,10,27,17,13697.0
7214,2016,10,27,18,13669.0
7215,2016,10,27,19,14086.0
7216,2016,10,27,20,14469.0
7217,2016,10,27,21,14379.0
7218,2016,10,27,22,13929.0
7219,2016,10,27,23,13078.0
7220,2016,10,28,0,12242.0
7221,2016,10,28,1,11660.0
7222,2016,10,28,2,11275.0
7223,2016,10,28,3,11176.0
7224,2016,10,28,4,11257.0
7225,2016,10,28,5,11455.0
7226,2016,10,28,6,12209.0
7227,2016,10,28,7,13522.0
7228,2016,10,28,8,14298.0
7229,2016,10,28,9,14333.0
7230,2016,10,28,10,14291.0
7231,2016,10,28,11,14240.0
7232,2016,10,28,12,14040.0
7233,2016,10,28,13,13824.0
7234,2016,10,28,14,13807.0
7235,2016,10,28,15,13656.0
7236,2016,10,28,16,13411.0
7237,2016,10,28,17,13310.0
7238,2016,10,28,18,13263.0
7239,2016,10,28,19,13441.0
7240,2016,10,28,20,13785.0
7241,2016,10,28,21,13546.0
7242,2016,10,28,22,13180.0
7243,2016,10,28,23,12557.0
7244,2016,10,29,0,11870.0
7245,2016,10,29,1,11342.0
7246,2016,10,29,2,10998.0
7247,2016,10,29,3,10888.0
7248,2016,10,29,4,10823.0
7249,2016,10,29,5,10932.0
7250,2016,10,29,6,11208.0
7251,2016,10,29,7,11718.0
7252,2016,10,29,8,12239.0
7253,2016,10,29,9,12698.0
7254,2016,10,29,10,12776.0
7255,2016,10,29,11,12854.0
7256,2016,10,29,12,12666.0
7257,2016,10,29,13,12600.0
7258,2016,10,29,14,12527.0
7259,2016,10,29,15,12492.0
7260,2016,10,29,16,12579.0
7261,2016,10,29,17,12650.0
7262,2016,10,29,18,12674.0
7263,2016,10,29,19,12799.0
7264,2016,10,29,20,13078.0
7265,2016,10,29,21,12799.0
7266,2016,10,29,22,12233.0
7267,2016,10,29,23,11779.0
7268,2016,10,30,0,11107.0
7269,2016,10,30,1,10628.0
7270,2016,10,30,2,10261.0
7271,2016,10,30,3,10071.0
7272,2016,10,30,4,9877.0
7273,2016,10,30,5,9966.0
7274,2016,10,30,6,10046.0
7275,2016,10,30,7,10410.0
7276,2016,10,30,8,10825.0
7277,2016,10,30,9,11250.0
7278,2016,10,30,10,11622.0
7279,2016,10,30,11,11820.0
7280,2016,10,30,12,11940.0
7281,2016,10,30,13,12220.0
7282,2016,10,30,14,12293.0
7283,2016,10,30,15,12294.0
7284,2016,10,30,16,12236.0
7285,2016,10,30,17,12344.0
7286,2016,10,30,18,12408.0
7287,2016,10,30,19,12774.0
7288,2016,10,30,20,13139.0
7289,2016,10,30,21,12979.0
7290,2016,10,30,22,12532.0
7291,2016,10,30,23,11959.0
7292,2016,10,31,0,11315.0
7293,2016,10,31,1,10825.0
7294,2016,10,31,2,10662.0
7295,2016,10,31,3,10554.0
7296,2016,10,31,4,10600.0
7297,2016,10,31,5,10877.0
7298,2016,10,31,6,11710.0
7299,2016,10,31,7,13001.0
7300,2016,10,31,8,13925.0
7301,2016,10,31,9,13932.0
7302,2016,10,31,10,14091.0
7303,2016,10,31,11,14101.0
7304,2016,10,31,12,14017.0
7305,2016,10,31,13,14151.0
7306,2016,10,31,14,14025.0
7307,2016,10,31,15,13871.0
7308,2016,10,31,16,13741.0
7309,2016,10,31,17,13689.0
7310,2016,10,31,18,13541.0
7311,2016,10,31,19,13557.0
7312,2016,10,31,20,14016.0
7313,2016,10,31,21,14021.0
7314,2016,10,31,22,13777.0
7315,2016,10,31,23,12823.0
7316,2016,11,1,0,12023.0
7317,2016,11,1,1,11325.0
7318,2016,11,1,2,11148.0
7319,2016,11,1,3,11017.0
7320,2016,11,1,4,11014.0
7321,2016,11,1,5,11237.0
7322,2016,11,1,6,11851.0
7323,2016,11,1,7,13303.0
7324,2016,11,1,8,14216.0
7325,2016,11,1,9,14129.0
7326,2016,11,1,10,14022.0
7327,2016,11,1,11,14097.0
7328,2016,11,1,12,14070.0
7329,2016,11,1,13,14192.0
7330,2016,11,1,14,14321.0
7331,2016,11,1,15,14392.0
7332,2016,11,1,16,14234.0
7333,2016,11,1,17,14304.0
7334,2016,11,1,18,14149.0
7335,2016,11,1,19,14392.0
7336,2016,11,1,20,14885.0
7337,2016,11,1,21,14576.0
7338,2016,11,1,22,13896.0
7339,2016,11,1,23,12935.0
7340,2016,11,2,0,12146.0
7341,2016,11,2,1,11389.0
7342,2016,11,2,2,10878.0
7343,2016,11,2,3,10827.0
7344,2016,11,2,4,10850.0
7345,2016,11,2,5,11010.0
7346,2016,11,2,6,11704.0
7347,2016,11,2,7,13065.0
7348,2016,11,2,8,13853.0
7349,2016,11,2,9,13827.0
7350,2016,11,2,10,13807.0
7351,2016,11,2,11,14073.0
7352,2016,11,2,12,14179.0
7353,2016,11,2,13,14304.0
7354,2016,11,2,14,14557.0
7355,2016,11,2,15,14649.0
7356,2016,11,2,16,14611.0
7357,2016,11,2,17,14491.0
7358,2016,11,2,18,14392.0
7359,2016,11,2,19,14719.0
7360,2016,11,2,20,15014.0
7361,2016,11,2,21,14632.0
7362,2016,11,2,22,13808.0
7363,2016,11,2,23,12833.0
7364,2016,11,3,0,11939.0
7365,2016,11,3,1,11243.0
7366,2016,11,3,2,10983.0
7367,2016,11,3,3,10914.0
7368,2016,11,3,4,10792.0
7369,2016,11,3,5,10962.0
7370,2016,11,3,6,11721.0
7371,2016,11,3,7,12869.0
7372,2016,11,3,8,13887.0
7373,2016,11,3,9,14004.0
7374,2016,11,3,10,13926.0
7375,2016,11,3,11,14149.0
7376,2016,11,3,12,14123.0
7377,2016,11,3,13,14175.0
7378,2016,11,3,14,14208.0
7379,2016,11,3,15,14180.0
7380,2016,11,3,16,13972.0
7381,2016,11,3,17,13889.0
7382,2016,11,3,18,13758.0
7383,2016,11,3,19,14198.0
7384,2016,11,3,20,14337.0
7385,2016,11,3,21,14216.0
7386,2016,11,3,22,13557.0
7387,2016,11,3,23,12752.0
7388,2016,11,4,0,11859.0
7389,2016,11,4,1,11251.0
7390,2016,11,4,2,10954.0
7391,2016,11,4,3,10772.0
7392,2016,11,4,4,10679.0
7393,2016,11,4,5,10837.0
7394,2016,11,4,6,11571.0
7395,2016,11,4,7,12910.0
7396,2016,11,4,8,13814.0
7397,2016,11,4,9,13847.0
7398,2016,11,4,10,13870.0
7399,2016,11,4,11,13973.0
7400,2016,11,4,12,14008.0
7401,2016,11,4,13,13835.0
7402,2016,11,4,14,13713.0
7403,2016,11,4,15,13560.0
7404,2016,11,4,16,13369.0
7405,2016,11,4,17,13230.0
7406,2016,11,4,18,13043.0
7407,2016,11,4,19,13405.0
7408,2016,11,4,20,13694.0
7409,2016,11,4,21,13469.0
7410,2016,11,4,22,13163.0
7411,2016,11,4,23,12540.0
7412,2016,11,5,0,11953.0
7413,2016,11,5,1,11475.0
7414,2016,11,5,2,11277.0
7415,2016,11,5,3,11156.0
7416,2016,11,5,4,11154.0
7417,2016,11,5,5,11273.0
7418,2016,11,5,6,11668.0
7419,2016,11,5,7,12282.0
7420,2016,11,5,8,12990.0
7421,2016,11,5,9,13485.0
7422,2016,11,5,10,13553.0
7423,2016,11,5,11,13326.0
7424,2016,11,5,12,12956.0
7425,2016,11,5,13,12589.0
7426,2016,11,5,14,12254.0
7427,2016,11,5,15,12029.0
7428,2016,11,5,16,11944.0
7429,2016,11,5,17,11950.0
7430,2016,11,5,18,12012.0
7431,2016,11,5,19,12547.0
7432,2016,11,5,20,12916.0
7433,2016,11,5,21,12812.0
7434,2016,11,5,22,12538.0
7435,2016,11,5,23,12143.0
7436,2016,11,6,0,11679.0
7437,2016,11,6,1,11299.0
7438,2016,11,6,2,10964.0
7439,2016,11,6,2,11008.0
7440,2016,11,6,3,10950.0
7441,2016,11,6,4,11018.0
7442,2016,11,6,5,11166.0
7443,2016,11,6,6,11607.0
7444,2016,11,6,7,12008.0
7445,2016,11,6,8,12509.0
7446,2016,11,6,9,12885.0
7447,2016,11,6,10,12768.0
7448,2016,11,6,11,12362.0
7449,2016,11,6,12,12084.0
7450,2016,11,6,13,12011.0
7451,2016,11,6,14,11925.0
7452,2016,11,6,15,11787.0
7453,2016,11,6,16,11855.0
7454,2016,11,6,17,12034.0
7455,2016,11,6,18,12736.0
7456,2016,11,6,19,13178.0
7457,2016,11,6,20,13098.0
7458,2016,11,6,21,12920.0
7459,2016,11,6,22,12453.0
7460,2016,11,6,23,11828.0
7461,2016,11,7,0,11359.0
7462,2016,11,7,1,11297.0
7463,2016,11,7,2,11297.0
7464,2016,11,7,3,11207.0
7465,2016,11,7,4,11356.0
7466,2016,11,7,5,11833.0
7467,2016,11,7,6,12858.0
7468,2016,11,7,7,14385.0
7469,2016,11,7,8,14879.0
7470,2016,11,7,9,14785.0
7471,2016,11,7,10,14569.0
7472,2016,11,7,11,14338.0
7473,2016,11,7,12,14239.0
7474,2016,11,7,13,14145.0
7475,2016,11,7,14,14149.0
7476,2016,11,7,15,13979.0
7477,2016,11,7,16,13787.0
7478,2016,11,7,17,13799.0
7479,2016,11,7,18,14379.0
7480,2016,11,7,19,14617.0
7481,2016,11,7,20,14497.0
7482,2016,11,7,21,14091.0
7483,2016,11,7,22,13486.0
7484,2016,11,7,23,12750.0
7485,2016,11,8,0,12247.0
7486,2016,11,8,1,11766.0
7487,2016,11,8,2,11748.0
7488,2016,11,8,3,11710.0
7489,2016,11,8,4,11735.0
7490,2016,11,8,5,12119.0
7491,2016,11,8,6,12938.0
7492,2016,11,8,7,14207.0
7493,2016,11,8,8,14701.0
7494,2016,11,8,9,14627.0
7495,2016,11,8,10,14551.0
7496,2016,11,8,11,14316.0
7497,2016,11,8,12,14093.0
7498,2016,11,8,13,13815.0
7499,2016,11,8,14,13898.0
7500,2016,11,8,15,13701.0
7501,2016,11,8,16,13610.0
7502,2016,11,8,17,13796.0
7503,2016,11,8,18,14597.0
7504,2016,11,8,19,14828.0
7505,2016,11,8,20,14508.0
7506,2016,11,8,21,14273.0
7507,2016,11,8,22,13641.0
7508,2016,11,8,23,12886.0
7509,2016,11,9,0,12197.0
7510,2016,11,9,1,11801.0
7511,2016,11,9,2,11448.0
7512,2016,11,9,3,11318.0
7513,2016,11,9,4,11217.0
7514,2016,11,9,5,11554.0
7515,2016,11,9,6,12279.0
7516,2016,11,9,7,13661.0
7517,2016,11,9,8,14200.0
7518,2016,11,9,9,14177.0
7519,2016,11,9,10,14180.0
7520,2016,11,9,11,14289.0
7521,2016,11,9,12,14309.0
7522,2016,11,9,13,14270.0
7523,2016,11,9,14,14293.0
7524,2016,11,9,15,14167.0
7525,2016,11,9,16,14025.0
7526,2016,11,9,17,14344.0
7527,2016,11,9,18,14931.0
7528,2016,11,9,19,15238.0
7529,2016,11,9,20,15257.0
7530,2016,11,9,21,15097.0
7531,2016,11,9,22,14567.0
7532,2016,11,9,23,13801.0
7533,2016,11,10,0,13154.0
7534,2016,11,10,1,12607.0
7535,2016,11,10,2,12554.0
7536,2016,11,10,3,12638.0
7537,2016,11,10,4,12714.0
7538,2016,11,10,5,13138.0
7539,2016,11,10,6,13823.0
7540,2016,11,10,7,15529.0
7541,2016,11,10,8,15848.0
7542,2016,11,10,9,15677.0
7543,2016,11,10,10,15179.0
7544,2016,11,10,11,14941.0
7545,2016,11,10,12,14575.0
7546,2016,11,10,13,14272.0
7547,2016,11,10,14,14289.0
7548,2016,11,10,15,14010.0
7549,2016,11,10,16,13827.0
7550,2016,11,10,17,13924.0
7551,2016,11,10,18,14644.0
7552,2016,11,10,19,14861.0
7553,2016,11,10,20,14888.0
7554,2016,11,10,21,14799.0
7555,2016,11,10,22,14321.0
7556,2016,11,10,23,13614.0
7557,2016,11,11,0,12969.0
7558,2016,11,11,1,12598.0
7559,2016,11,11,2,12316.0
7560,2016,11,11,3,12196.0
7561,2016,11,11,4,12227.0
7562,2016,11,11,5,12523.0
7563,2016,11,11,6,13225.0
7564,2016,11,11,7,14695.0
7565,2016,11,11,8,14957.0
7566,2016,11,11,9,14957.0
7567,2016,11,11,10,14566.0
7568,2016,11,11,11,14312.0
7569,2016,11,11,12,14126.0
7570,2016,11,11,13,13907.0
7571,2016,11,11,14,13760.0
7572,2016,11,11,15,13586.0
7573,2016,11,11,16,13345.0
7574,2016,11,11,17,13595.0
7575,2016,11,11,18,14265.0
7576,2016,11,11,19,14419.0
7577,2016,11,11,20,14307.0
7578,2016,11,11,21,14234.0
7579,2016,11,11,22,13897.0
7580,2016,11,11,23,13374.0
7581,2016,11,12,0,12718.0
7582,2016,11,12,1,12368.0
7583,2016,11,12,2,12142.0
7584,2016,11,12,3,12072.0
7585,2016,11,12,4,12287.0
7586,2016,11,12,5,12557.0
7587,2016,11,12,6,12964.0
7588,2016,11,12,7,13799.0
7589,2016,11,12,8,14273.0
7590,2016,11,12,9,14461.0
7591,2016,11,12,10,14208.0
7592,2016,11,12,11,13781.0
7593,2016,11,12,12,13503.0
7594,2016,11,12,13,13082.0
7595,2016,11,12,14,12685.0
7596,2016,11,12,15,12412.0
7597,2016,11,12,16,12294.0
7598,2016,11,12,17,12542.0
7599,2016,11,12,18,13530.0
7600,2016,11,12,19,13938.0
7601,2016,11,12,20,14063.0
7602,2016,11,12,21,14008.0
7603,2016,11,12,22,13894.0
7604,2016,11,12,23,13469.0
7605,2016,11,13,0,13033.0
7606,2016,11,13,1,12796.0
7607,2016,11,13,2,12749.0
7608,2016,11,13,3,12874.0
7609,2016,11,13,4,12931.0
7610,2016,11,13,5,13074.0
7611,2016,11,13,6,13409.0
7612,2016,11,13,7,13961.0
7613,2016,11,13,8,14354.0
7614,2016,11,13,9,14585.0
7615,2016,11,13,10,14187.0
7616,2016,11,13,11,13279.0
7617,2016,11,13,12,12938.0
7618,2016,11,13,13,12604.0
7619,2016,11,13,14,12433.0
7620,2016,11,13,15,12065.0
7621,2016,11,13,16,12068.0
7622,2016,11,13,17,12433.0
7623,2016,11,13,18,13524.0
7624,2016,11,13,19,13872.0
7625,2016,11,13,20,14076.0
7626,2016,11,13,21,14285.0
7627,2016,11,13,22,13938.0
7628,2016,11,13,23,13482.0
7629,2016,11,14,0,13166.0
7630,2016,11,14,1,12917.0
7631,2016,11,14,2,12933.0
7632,2016,11,14,3,12978.0
7633,2016,11,14,4,13149.0
7634,2016,11,14,5,13566.0
7635,2016,11,14,6,14627.0
7636,2016,11,14,7,16178.0
7637,2016,11,14,8,16621.0
7638,2016,11,14,9,16436.0
7639,2016,11,14,10,15995.0
7640,2016,11,14,11,15588.0
7641,2016,11,14,12,15040.0
7642,2016,11,14,13,14720.0
7643,2016,11,14,14,14543.0
7644,2016,11,14,15,14355.0
7645,2016,11,14,16,14112.0
7646,2016,11,14,17,14299.0
7647,2016,11,14,18,14976.0
7648,2016,11,14,19,15408.0
7649,2016,11,14,20,15385.0
7650,2016,11,14,21,15326.0
7651,2016,11,14,22,14891.0
7652,2016,11,14,23,14168.0
7653,2016,11,15,0,13351.0
7654,2016,11,15,1,13145.0
7655,2016,11,15,2,13066.0
7656,2016,11,15,3,13032.0
7657,2016,11,15,4,13239.0
7658,2016,11,15,5,13702.0
7659,2016,11,15,6,14495.0
7660,2016,11,15,7,16042.0
7661,2016,11,15,8,16502.0
7662,2016,11,15,9,16019.0
7663,2016,11,15,10,15597.0
7664,2016,11,15,11,15137.0
7665,2016,11,15,12,14698.0
7666,2016,11,15,13,14380.0
7667,2016,11,15,14,14185.0
7668,2016,11,15,15,13985.0
7669,2016,11,15,16,13834.0
7670,2016,11,15,17,14037.0
7671,2016,11,15,18,14827.0
7672,2016,11,15,19,15012.0
7673,2016,11,15,20,14954.0
7674,2016,11,15,21,14906.0
7675,2016,11,15,22,14390.0
7676,2016,11,15,23,13710.0
7677,2016,11,16,0,13009.0
7678,2016,11,16,1,12576.0
7679,2016,11,16,2,12392.0
7680,2016,11,16,3,12276.0
7681,2016,11,16,4,12274.0
7682,2016,11,16,5,12852.0
7683,2016,11,16,6,13883.0
7684,2016,11,16,7,15226.0
7685,2016,11,16,8,15665.0
7686,2016,11,16,9,15336.0
7687,2016,11,16,10,15038.0
7688,2016,11,16,11,14763.0
7689,2016,11,16,12,14437.0
7690,2016,11,16,13,14176.0
7691,2016,11,16,14,14097.0
7692,2016,11,16,15,13991.0
7693,2016,11,16,16,13648.0
7694,2016,11,16,17,13789.0
7695,2016,11,16,18,14469.0
7696,2016,11,16,19,14838.0
7697,2016,11,16,20,14772.0
7698,2016,11,16,21,14732.0
7699,2016,11,16,22,14303.0
7700,2016,11,16,23,13681.0
7701,2016,11,17,0,12953.0
7702,2016,11,17,1,12560.0
7703,2016,11,17,2,12505.0
7704,2016,11,17,3,12496.0
7705,2016,11,17,4,12570.0
7706,2016,11,17,5,13007.0
7707,2016,11,17,6,13974.0
7708,2016,11,17,7,15402.0
7709,2016,11,17,8,15929.0
7710,2016,11,17,9,15637.0
7711,2016,11,17,10,15136.0
7712,2016,11,17,11,14734.0
7713,2016,11,17,12,14258.0
7714,2016,11,17,13,14056.0
7715,2016,11,17,14,13885.0
7716,2016,11,17,15,13652.0
7717,2016,11,17,16,13527.0
7718,2016,11,17,17,13576.0
7719,2016,11,17,18,14316.0
7720,2016,11,17,19,14561.0
7721,2016,11,17,20,14433.0
7722,2016,11,17,21,14319.0
7723,2016,11,17,22,13851.0
7724,2016,11,17,23,13089.0
7725,2016,11,18,0,12361.0
7726,2016,11,18,1,12025.0
7727,2016,11,18,2,11765.0
7728,2016,11,18,3,11780.0
7729,2016,11,18,4,11913.0
7730,2016,11,18,5,12369.0
7731,2016,11,18,6,13039.0
7732,2016,11,18,7,14541.0
7733,2016,11,18,8,15004.0
7734,2016,11,18,9,14970.0
7735,2016,11,18,10,14531.0
7736,2016,11,18,11,13929.0
7737,2016,11,18,12,14164.0
7738,2016,11,18,13,14056.0
7739,2016,11,18,14,14013.0
7740,2016,11,18,15,13813.0
7741,2016,11,18,16,13547.0
7742,2016,11,18,17,13602.0
7743,2016,11,18,18,14118.0
7744,2016,11,18,19,14157.0
7745,2016,11,18,20,13840.0
7746,2016,11,18,21,13613.0
7747,2016,11,18,22,13195.0
7748,2016,11,18,23,12506.0
7749,2016,11,19,0,11787.0
7750,2016,11,19,1,11485.0
7751,2016,11,19,2,11135.0
7752,2016,11,19,3,11012.0
7753,2016,11,19,4,10949.0
7754,2016,11,19,5,11234.0
7755,2016,11,19,6,11667.0
7756,2016,11,19,7,12169.0
7757,2016,11,19,8,12912.0
7758,2016,11,19,9,13644.0
7759,2016,11,19,10,13992.0
7760,2016,11,19,11,14222.0
7761,2016,11,19,12,14294.0
7762,2016,11,19,13,14140.0
7763,2016,11,19,14,14184.0
7764,2016,11,19,15,14009.0
7765,2016,11,19,16,14120.0
7766,2016,11,19,17,14502.0
7767,2016,11,19,18,15501.0
7768,2016,11,19,19,15566.0
7769,2016,11,19,20,15151.0
7770,2016,11,19,21,14889.0
7771,2016,11,19,22,14645.0
7772,2016,11,19,23,14008.0
7773,2016,11,20,0,13439.0
7774,2016,11,20,1,13136.0
7775,2016,11,20,2,12882.0
7776,2016,11,20,3,12718.0
7777,2016,11,20,4,12719.0
7778,2016,11,20,5,12926.0
7779,2016,11,20,6,13145.0
7780,2016,11,20,7,13543.0
7781,2016,11,20,8,14295.0
7782,2016,11,20,9,14877.0
7783,2016,11,20,10,15105.0
7784,2016,11,20,11,14823.0
7785,2016,11,20,12,14801.0
7786,2016,11,20,13,14643.0
7787,2016,11,20,14,14605.0
7788,2016,11,20,15,14408.0
7789,2016,11,20,16,14476.0
7790,2016,11,20,17,14825.0
7791,2016,11,20,18,15942.0
7792,2016,11,20,19,16182.0
7793,2016,11,20,20,16044.0
7794,2016,11,20,21,16060.0
7795,2016,11,20,22,15614.0
7796,2016,11,20,23,14860.0
7797,2016,11,21,0,14291.0
7798,2016,11,21,1,14023.0
7799,2016,11,21,2,13790.0
7800,2016,11,21,3,13902.0
7801,2016,11,21,4,14091.0
7802,2016,11,21,5,14427.0
7803,2016,11,21,6,15368.0
7804,2016,11,21,7,16696.0
7805,2016,11,21,8,17150.0
7806,2016,11,21,9,17073.0
7807,2016,11,21,10,16767.0
7808,2016,11,21,11,16528.0
7809,2016,11,21,12,16056.0
7810,2016,11,21,13,15864.0
7811,2016,11,21,14,15517.0
7812,2016,11,21,15,15216.0
7813,2016,11,21,16,15145.0
7814,2016,11,21,17,15378.0
7815,2016,11,21,18,16527.0
7816,2016,11,21,19,17052.0
7817,2016,11,21,20,17089.0
7818,2016,11,21,21,17180.0
7819,2016,11,21,22,16683.0
7820,2016,11,21,23,15730.0
7821,2016,11,22,0,15189.0
7822,2016,11,22,1,14723.0
7823,2016,11,22,2,14658.0
7824,2016,11,22,3,14618.0
7825,2016,11,22,4,14831.0
7826,2016,11,22,5,15258.0
7827,2016,11,22,6,16164.0
7828,2016,11,22,7,17417.0
7829,2016,11,22,8,17809.0
7830,2016,11,22,9,17690.0
7831,2016,11,22,10,17256.0
7832,2016,11,22,11,16758.0
7833,2016,11,22,12,16264.0
7834,2016,11,22,13,15697.0
7835,2016,11,22,14,15331.0
7836,2016,11,22,15,14994.0
7837,2016,11,22,16,14892.0
7838,2016,11,22,17,15196.0
7839,2016,11,22,18,16011.0
7840,2016,11,22,19,16283.0
7841,2016,11,22,20,16536.0
7842,2016,11,22,21,16418.0
7843,2016,11,22,22,16072.0
7844,2016,11,22,23,15447.0
7845,2016,11,23,0,14635.0
7846,2016,11,23,1,14304.0
7847,2016,11,23,2,14188.0
7848,2016,11,23,3,14158.0
7849,2016,11,23,4,14236.0
7850,2016,11,23,5,14543.0
7851,2016,11,23,6,15142.0
7852,2016,11,23,7,16207.0
7853,2016,11,23,8,16672.0
7854,2016,11,23,9,16899.0
7855,2016,11,23,10,16725.0
7856,2016,11,23,11,16662.0
7857,2016,11,23,12,16138.0
7858,2016,11,23,13,15902.0
7859,2016,11,23,14,15651.0
7860,2016,11,23,15,15129.0
7861,2016,11,23,16,14941.0
7862,2016,11,23,17,15133.0
7863,2016,11,23,18,15721.0
7864,2016,11,23,19,15514.0
7865,2016,11,23,20,15275.0
7866,2016,11,23,21,15104.0
7867,2016,11,23,22,14680.0
7868,2016,11,23,23,13774.0
7869,2016,11,24,0,12854.0
7870,2016,11,24,1,12081.0
7871,2016,11,24,2,11690.0
7872,2016,11,24,3,11442.0
7873,2016,11,24,4,11400.0
7874,2016,11,24,5,11429.0
7875,2016,11,24,6,11572.0
7876,2016,11,24,7,11906.0
7877,2016,11,24,8,12304.0
7878,2016,11,24,9,12855.0
7879,2016,11,24,10,13380.0
7880,2016,11,24,11,13696.0
7881,2016,11,24,12,13702.0
7882,2016,11,24,13,13093.0
7883,2016,11,24,14,12357.0
7884,2016,11,24,15,11863.0
7885,2016,11,24,16,11518.0
7886,2016,11,24,17,11311.0
7887,2016,11,24,18,11859.0
7888,2016,11,24,19,11855.0
7889,2016,11,24,20,11907.0
7890,2016,11,24,21,11967.0
7891,2016,11,24,22,11888.0
7892,2016,11,24,23,11641.0
7893,2016,11,25,0,11242.0
7894,2016,11,25,1,10979.0
7895,2016,11,25,2,10782.0
7896,2016,11,25,3,10533.0
7897,2016,11,25,4,10605.0
7898,2016,11,25,5,10836.0
7899,2016,11,25,6,11278.0
7900,2016,11,25,7,11773.0
7901,2016,11,25,8,12234.0
7902,2016,11,25,9,12532.0
7903,2016,11,25,10,12945.0
7904,2016,11,25,11,12968.0
7905,2016,11,25,12,13128.0
7906,2016,11,25,13,12895.0
7907,2016,11,25,14,12882.0
7908,2016,11,25,15,12789.0
7909,2016,11,25,16,12696.0
7910,2016,11,25,17,13130.0
7911,2016,11,25,18,13789.0
7912,2016,11,25,19,13700.0
7913,2016,11,25,20,13628.0
7914,2016,11,25,21,13460.0
7915,2016,11,25,22,13258.0
7916,2016,11,25,23,12831.0
7917,2016,11,26,0,12336.0
7918,2016,11,26,1,11956.0
7919,2016,11,26,2,11632.0
7920,2016,11,26,3,11445.0
7921,2016,11,26,4,11560.0
7922,2016,11,26,5,11672.0
7923,2016,11,26,6,11943.0
7924,2016,11,26,7,12347.0
7925,2016,11,26,8,12935.0
7926,2016,11,26,9,13401.0
7927,2016,11,26,10,13751.0
7928,2016,11,26,11,13977.0
7929,2016,11,26,12,13885.0
7930,2016,11,26,13,13630.0
7931,2016,11,26,14,13344.0
7932,2016,11,26,15,13145.0
7933,2016,11,26,16,12985.0
7934,2016,11,26,17,13360.0
7935,2016,11,26,18,14367.0
7936,2016,11,26,19,14447.0
7937,2016,11,26,20,14356.0
7938,2016,11,26,21,14327.0
7939,2016,11,26,22,14108.0
7940,2016,11,26,23,13603.0
7941,2016,11,27,0,13156.0
7942,2016,11,27,1,12835.0
7943,2016,11,27,2,12582.0
7944,2016,11,27,3,12585.0
7945,2016,11,27,4,12742.0
7946,2016,11,27,5,12766.0
7947,2016,11,27,6,13236.0
7948,2016,11,27,7,13782.0
7949,2016,11,27,8,14243.0
7950,2016,11,27,9,14577.0
7951,2016,11,27,10,14295.0
7952,2016,11,27,11,13749.0
7953,2016,11,27,12,13260.0
7954,2016,11,27,13,13044.0
7955,2016,11,27,14,12652.0
7956,2016,11,27,15,12477.0
7957,2016,11,27,16,12428.0
7958,2016,11,27,17,12897.0
7959,2016,11,27,18,14191.0
7960,2016,11,27,19,14644.0
7961,2016,11,27,20,14876.0
7962,2016,11,27,21,14944.0
7963,2016,11,27,22,14611.0
7964,2016,11,27,23,14011.0
7965,2016,11,28,0,13530.0
7966,2016,11,28,1,13103.0
7967,2016,11,28,2,12919.0
7968,2016,11,28,3,13010.0
7969,2016,11,28,4,13124.0
7970,2016,11,28,5,13497.0
7971,2016,11,28,6,14145.0
7972,2016,11,28,7,15568.0
7973,2016,11,28,8,16175.0
7974,2016,11,28,9,16217.0
7975,2016,11,28,10,16076.0
7976,2016,11,28,11,15967.0
7977,2016,11,28,12,15581.0
7978,2016,11,28,13,15331.0
7979,2016,11,28,14,15147.0
7980,2016,11,28,15,14932.0
7981,2016,11,28,16,14876.0
7982,2016,11,28,17,15297.0
7983,2016,11,28,18,15884.0
7984,2016,11,28,19,16016.0
7985,2016,11,28,20,15853.0
7986,2016,11,28,21,15547.0
7987,2016,11,28,22,15145.0
7988,2016,11,28,23,14025.0
7989,2016,11,29,0,13106.0
7990,2016,11,29,1,12651.0
7991,2016,11,29,2,12264.0
7992,2016,11,29,3,12111.0
7993,2016,11,29,4,12108.0
7994,2016,11,29,5,12270.0
7995,2016,11,29,6,12807.0
7996,2016,11,29,7,14116.0
7997,2016,11,29,8,14781.0
7998,2016,11,29,9,14624.0
7999,2016,11,29,10,14474.0
8000,2016,11,29,11,14488.0
8001,2016,11,29,12,14386.0
8002,2016,11,29,13,14157.0
8003,2016,11,29,14,14114.0
8004,2016,11,29,15,13840.0
8005,2016,11,29,16,13789.0
8006,2016,11,29,17,14028.0
8007,2016,11,29,18,14747.0
8008,2016,11,29,19,15066.0
8009,2016,11,29,20,14983.0
8010,2016,11,29,21,14762.0
8011,2016,11,29,22,14234.0
8012,2016,11,29,23,13389.0
8013,2016,11,30,0,12543.0
8014,2016,11,30,1,12088.0
8015,2016,11,30,2,11819.0
8016,2016,11,30,3,11735.0
8017,2016,11,30,4,11724.0
8018,2016,11,30,5,11935.0
8019,2016,11,30,6,12615.0
8020,2016,11,30,7,14010.0
8021,2016,11,30,8,14531.0
8022,2016,11,30,9,14338.0
8023,2016,11,30,10,14303.0
8024,2016,11,30,11,14372.0
8025,2016,11,30,12,14357.0
8026,2016,11,30,13,14209.0
8027,2016,11,30,14,14283.0
8028,2016,11,30,15,14059.0
8029,2016,11,30,16,14048.0
8030,2016,11,30,17,14365.0
8031,2016,11,30,18,15072.0
8032,2016,11,30,19,15249.0
8033,2016,11,30,20,15121.0
8034,2016,11,30,21,14969.0
8035,2016,11,30,22,14532.0
8036,2016,11,30,23,13641.0
8037,2016,12,1,0,12949.0
8038,2016,12,1,1,12595.0
8039,2016,12,1,2,12346.0
8040,2016,12,1,3,12353.0
8041,2016,12,1,4,12332.0
8042,2016,12,1,5,12804.0
8043,2016,12,1,6,13557.0
8044,2016,12,1,7,15181.0
8045,2016,12,1,8,15801.0
8046,2016,12,1,9,15667.0
8047,2016,12,1,10,15784.0
8048,2016,12,1,11,15646.0
8049,2016,12,1,12,15580.0
8050,2016,12,1,13,15562.0
8051,2016,12,1,14,15533.0
8052,2016,12,1,15,15357.0
8053,2016,12,1,16,15386.0
8054,2016,12,1,17,15675.0
8055,2016,12,1,18,16507.0
8056,2016,12,1,19,16622.0
8057,2016,12,1,20,16483.0
8058,2016,12,1,21,16432.0
8059,2016,12,1,22,15958.0
8060,2016,12,1,23,15236.0
8061,2016,12,2,0,14386.0
8062,2016,12,2,1,13891.0
8063,2016,12,2,2,13608.0
8064,2016,12,2,3,13671.0
8065,2016,12,2,4,13771.0
8066,2016,12,2,5,14115.0
8067,2016,12,2,6,14908.0
8068,2016,12,2,7,16292.0
8069,2016,12,2,8,16934.0
8070,2016,12,2,9,16706.0
8071,2016,12,2,10,16490.0
8072,2016,12,2,11,16283.0
8073,2016,12,2,12,16188.0
8074,2016,12,2,13,15758.0
8075,2016,12,2,14,15776.0
8076,2016,12,2,15,15539.0
8077,2016,12,2,16,15443.0
8078,2016,12,2,17,15774.0
8079,2016,12,2,18,16362.0
8080,2016,12,2,19,16272.0
8081,2016,12,2,20,16090.0
8082,2016,12,2,21,15907.0
8083,2016,12,2,22,15734.0
8084,2016,12,2,23,15100.0
8085,2016,12,3,0,14238.0
8086,2016,12,3,1,13541.0
8087,2016,12,3,2,13320.0
8088,2016,12,3,3,13150.0
8089,2016,12,3,4,13015.0
8090,2016,12,3,5,13221.0
8091,2016,12,3,6,13634.0
8092,2016,12,3,7,14033.0
8093,2016,12,3,8,14620.0
8094,2016,12,3,9,15046.0
8095,2016,12,3,10,15097.0
8096,2016,12,3,11,15097.0
8097,2016,12,3,12,14949.0
8098,2016,12,3,13,14746.0
8099,2016,12,3,14,14555.0
8100,2016,12,3,15,14473.0
8101,2016,12,3,16,14360.0
8102,2016,12,3,17,14653.0
8103,2016,12,3,18,15529.0
8104,2016,12,3,19,15383.0
8105,2016,12,3,20,15352.0
8106,2016,12,3,21,15204.0
8107,2016,12,3,22,14796.0
8108,2016,12,3,23,14423.0
8109,2016,12,4,0,13720.0
8110,2016,12,4,1,13237.0
8111,2016,12,4,2,13004.0
8112,2016,12,4,3,12708.0
8113,2016,12,4,4,12659.0
8114,2016,12,4,5,12725.0
8115,2016,12,4,6,12891.0
8116,2016,12,4,7,13336.0
8117,2016,12,4,8,13941.0
8118,2016,12,4,9,14381.0
8119,2016,12,4,10,14680.0
8120,2016,12,4,11,14604.0
8121,2016,12,4,12,14507.0
8122,2016,12,4,13,14355.0
8123,2016,12,4,14,14385.0
8124,2016,12,4,15,14345.0
8125,2016,12,4,16,14616.0
8126,2016,12,4,17,15205.0
8127,2016,12,4,18,15994.0
8128,2016,12,4,19,16005.0
8129,2016,12,4,20,15903.0
8130,2016,12,4,21,15707.0
8131,2016,12,4,22,15370.0
8132,2016,12,4,23,14434.0
8133,2016,12,5,0,13689.0
8134,2016,12,5,1,13145.0
8135,2016,12,5,2,13007.0
8136,2016,12,5,3,12903.0
8137,2016,12,5,4,12917.0
8138,2016,12,5,5,13309.0
8139,2016,12,5,6,14076.0
8140,2016,12,5,7,15794.0
8141,2016,12,5,8,16316.0
8142,2016,12,5,9,16167.0
8143,2016,12,5,10,16057.0
8144,2016,12,5,11,16021.0
8145,2016,12,5,12,15881.0
8146,2016,12,5,13,15523.0
8147,2016,12,5,14,15333.0
8148,2016,12,5,15,15084.0
8149,2016,12,5,16,14979.0
8150,2016,12,5,17,15361.0
8151,2016,12,5,18,16332.0
8152,2016,12,5,19,16479.0
8153,2016,12,5,20,16624.0
8154,2016,12,5,21,16383.0
8155,2016,12,5,22,16036.0
8156,2016,12,5,23,15189.0
8157,2016,12,6,0,14399.0
8158,2016,12,6,1,13742.0
8159,2016,12,6,2,13465.0
8160,2016,12,6,3,13254.0
8161,2016,12,6,4,13403.0
8162,2016,12,6,5,13783.0
8163,2016,12,6,6,14477.0
8164,2016,12,6,7,15847.0
8165,2016,12,6,8,16630.0
8166,2016,12,6,9,16432.0
8167,2016,12,6,10,16507.0
8168,2016,12,6,11,16727.0
8169,2016,12,6,12,16598.0
8170,2016,12,6,13,16639.0
8171,2016,12,6,14,16477.0
8172,2016,12,6,15,16290.0
8173,2016,12,6,16,16204.0
8174,2016,12,6,17,16502.0
8175,2016,12,6,18,17096.0
8176,2016,12,6,19,17089.0
8177,2016,12,6,20,16948.0
8178,2016,12,6,21,16786.0
8179,2016,12,6,22,16339.0
8180,2016,12,6,23,15226.0
8181,2016,12,7,0,14448.0
8182,2016,12,7,1,13964.0
8183,2016,12,7,2,13657.0
8184,2016,12,7,3,13667.0
8185,2016,12,7,4,13649.0
8186,2016,12,7,5,14153.0
8187,2016,12,7,6,15019.0
8188,2016,12,7,7,16410.0
8189,2016,12,7,8,17010.0
8190,2016,12,7,9,16828.0
8191,2016,12,7,10,16439.0
8192,2016,12,7,11,16213.0
8193,2016,12,7,12,15809.0
8194,2016,12,7,13,15520.0
8195,2016,12,7,14,15357.0
8196,2016,12,7,15,15185.0
8197,2016,12,7,16,15016.0
8198,2016,12,7,17,15658.0
8199,2016,12,7,18,16630.0
8200,2016,12,7,19,17054.0
8201,2016,12,7,20,16987.0
8202,2016,12,7,21,17114.0
8203,2016,12,7,22,16820.0
8204,2016,12,7,23,16045.0
8205,2016,12,8,0,15076.0
8206,2016,12,8,1,14583.0
8207,2016,12,8,2,14344.0
8208,2016,12,8,3,14203.0
8209,2016,12,8,4,14247.0
8210,2016,12,8,5,14434.0
8211,2016,12,8,6,15404.0
8212,2016,12,8,7,16806.0
8213,2016,12,8,8,17615.0
8214,2016,12,8,9,17640.0
8215,2016,12,8,10,17575.0
8216,2016,12,8,11,17529.0
8217,2016,12,8,12,17295.0
8218,2016,12,8,13,17202.0
8219,2016,12,8,14,17178.0
8220,2016,12,8,15,17088.0
8221,2016,12,8,16,17061.0
8222,2016,12,8,17,17510.0
8223,2016,12,8,18,18489.0
8224,2016,12,8,19,18808.0
8225,2016,12,8,20,18911.0
8226,2016,12,8,21,18736.0
8227,2016,12,8,22,18332.0
8228,2016,12,8,23,17545.0
8229,2016,12,9,0,16614.0
8230,2016,12,9,1,16126.0
8231,2016,12,9,2,15849.0
8232,2016,12,9,3,15772.0
8233,2016,12,9,4,15833.0
8234,2016,12,9,5,16124.0
8235,2016,12,9,6,17012.0
8236,2016,12,9,7,18383.0
8237,2016,12,9,8,19077.0
8238,2016,12,9,9,19079.0
8239,2016,12,9,10,19041.0
8240,2016,12,9,11,18767.0
8241,2016,12,9,12,18378.0
8242,2016,12,9,13,18250.0
8243,2016,12,9,14,18072.0
8244,2016,12,9,15,17839.0
8245,2016,12,9,16,17618.0
8246,2016,12,9,17,17991.0
8247,2016,12,9,18,18839.0
8248,2016,12,9,19,18866.0
8249,2016,12,9,20,18679.0
8250,2016,12,9,21,18503.0
8251,2016,12,9,22,18199.0
8252,2016,12,9,23,17591.0
8253,2016,12,10,0,16897.0
8254,2016,12,10,1,16370.0
8255,2016,12,10,2,16107.0
8256,2016,12,10,3,16070.0
8257,2016,12,10,4,16058.0
8258,2016,12,10,5,16221.0
8259,2016,12,10,6,16632.0
8260,2016,12,10,7,17129.0
8261,2016,12,10,8,17717.0
8262,2016,12,10,9,17874.0
8263,2016,12,10,10,17773.0
8264,2016,12,10,11,17512.0
8265,2016,12,10,12,17104.0
8266,2016,12,10,13,16625.0
8267,2016,12,10,14,16256.0
8268,2016,12,10,15,15979.0
8269,2016,12,10,16,15942.0
8270,2016,12,10,17,16346.0
8271,2016,12,10,18,17390.0
8272,2016,12,10,19,17635.0
8273,2016,12,10,20,17514.0
8274,2016,12,10,21,17486.0
8275,2016,12,10,22,17211.0
8276,2016,12,10,23,16634.0
8277,2016,12,11,0,16038.0
8278,2016,12,11,1,15451.0
8279,2016,12,11,2,15104.0
8280,2016,12,11,3,14921.0
8281,2016,12,11,4,14921.0
8282,2016,12,11,5,14989.0
8283,2016,12,11,6,15211.0
8284,2016,12,11,7,15542.0
8285,2016,12,11,8,16097.0
8286,2016,12,11,9,16465.0
8287,2016,12,11,10,16433.0
8288,2016,12,11,11,16185.0
8289,2016,12,11,12,15885.0
8290,2016,12,11,13,15665.0
8291,2016,12,11,14,15456.0
8292,2016,12,11,15,15406.0
8293,2016,12,11,16,15351.0
8294,2016,12,11,17,15712.0
8295,2016,12,11,18,16808.0
8296,2016,12,11,19,16997.0
8297,2016,12,11,20,16913.0
8298,2016,12,11,21,16714.0
8299,2016,12,11,22,16192.0
8300,2016,12,11,23,15430.0
8301,2016,12,12,0,14710.0
8302,2016,12,12,1,14239.0
8303,2016,12,12,2,13859.0
8304,2016,12,12,3,13678.0
8305,2016,12,12,4,13637.0
8306,2016,12,12,5,13779.0
8307,2016,12,12,6,14444.0
8308,2016,12,12,7,15736.0
8309,2016,12,12,8,16464.0
8310,2016,12,12,9,16493.0
8311,2016,12,12,10,16551.0
8312,2016,12,12,11,16553.0
8313,2016,12,12,12,16511.0
8314,2016,12,12,13,16346.0
8315,2016,12,12,14,16209.0
8316,2016,12,12,15,15957.0
8317,2016,12,12,16,15817.0
8318,2016,12,12,17,16220.0
8319,2016,12,12,18,17110.0
8320,2016,12,12,19,17563.0
8321,2016,12,12,20,17525.0
8322,2016,12,12,21,17415.0
8323,2016,12,12,22,16948.0
8324,2016,12,12,23,16308.0
8325,2016,12,13,0,15493.0
8326,2016,12,13,1,15026.0
8327,2016,12,13,2,14738.0
8328,2016,12,13,3,14692.0
8329,2016,12,13,4,14684.0
8330,2016,12,13,5,14949.0
8331,2016,12,13,6,15760.0
8332,2016,12,13,7,16956.0
8333,2016,12,13,8,17682.0
8334,2016,12,13,9,17376.0
8335,2016,12,13,10,17357.0
8336,2016,12,13,11,17206.0
8337,2016,12,13,12,16997.0
8338,2016,12,13,13,16723.0
8339,2016,12,13,14,16666.0
8340,2016,12,13,15,16454.0
8341,2016,12,13,16,16456.0
8342,2016,12,13,17,16702.0
8343,2016,12,13,18,17554.0
8344,2016,12,13,19,17773.0
8345,2016,12,13,20,17700.0
8346,2016,12,13,21,17444.0
8347,2016,12,13,22,17221.0
8348,2016,12,13,23,16216.0
8349,2016,12,14,0,15478.0
8350,2016,12,14,1,14963.0
8351,2016,12,14,2,14717.0
8352,2016,12,14,3,14742.0
8353,2016,12,14,4,14772.0
8354,2016,12,14,5,15326.0
8355,2016,12,14,6,16200.0
8356,2016,12,14,7,17721.0
8357,2016,12,14,8,18529.0
8358,2016,12,14,9,18447.0
8359,2016,12,14,10,18178.0
8360,2016,12,14,11,17920.0
8361,2016,12,14,12,17536.0
8362,2016,12,14,13,17261.0
8363,2016,12,14,14,17097.0
8364,2016,12,14,15,17007.0
8365,2016,12,14,16,17064.0
8366,2016,12,14,17,17321.0
8367,2016,12,14,18,18482.0
8368,2016,12,14,19,18875.0
8369,2016,12,14,20,18852.0
8370,2016,12,14,21,18878.0
8371,2016,12,14,22,18504.0
8372,2016,12,14,23,17874.0
8373,2016,12,15,0,17098.0
8374,2016,12,15,1,16650.0
8375,2016,12,15,2,16460.0
8376,2016,12,15,3,16490.0
8377,2016,12,15,4,16637.0
8378,2016,12,15,5,17102.0
8379,2016,12,15,6,18240.0
8380,2016,12,15,7,19729.0
8381,2016,12,15,8,20598.0
8382,2016,12,15,9,20557.0
8383,2016,12,15,10,20412.0
8384,2016,12,15,11,20085.0
8385,2016,12,15,12,19718.0
8386,2016,12,15,13,19404.0
8387,2016,12,15,14,19190.0
8388,2016,12,15,15,19000.0
8389,2016,12,15,16,18996.0
8390,2016,12,15,17,19614.0
8391,2016,12,15,18,20818.0
8392,2016,12,15,19,21293.0
8393,2016,12,15,20,21286.0
8394,2016,12,15,21,21261.0
8395,2016,12,15,22,21060.0
8396,2016,12,15,23,20221.0
8397,2016,12,16,0,19516.0
8398,2016,12,16,1,19118.0
8399,2016,12,16,2,18769.0
8400,2016,12,16,3,18698.0
8401,2016,12,16,4,18698.0
8402,2016,12,16,5,18792.0
8403,2016,12,16,6,19387.0
8404,2016,12,16,7,20486.0
8405,2016,12,16,8,21194.0
8406,2016,12,16,9,20899.0
8407,2016,12,16,10,20706.0
8408,2016,12,16,11,20602.0
8409,2016,12,16,12,20307.0
8410,2016,12,16,13,19852.0
8411,2016,12,16,14,19553.0
8412,2016,12,16,15,19264.0
8413,2016,12,16,16,19192.0
8414,2016,12,16,17,19304.0
8415,2016,12,16,18,19962.0
8416,2016,12,16,19,19857.0
8417,2016,12,16,20,19521.0
8418,2016,12,16,21,19149.0
8419,2016,12,16,22,18700.0
8420,2016,12,16,23,17938.0
8421,2016,12,17,0,16918.0
8422,2016,12,17,1,16365.0
8423,2016,12,17,2,15869.0
8424,2016,12,17,3,15687.0
8425,2016,12,17,4,15529.0
8426,2016,12,17,5,15477.0
8427,2016,12,17,6,15565.0
8428,2016,12,17,7,15922.0
8429,2016,12,17,8,16326.0
8430,2016,12,17,9,16413.0
8431,2016,12,17,10,16616.0
8432,2016,12,17,11,16512.0
8433,2016,12,17,12,16499.0
8434,2016,12,17,13,16064.0
8435,2016,12,17,14,15649.0
8436,2016,12,17,15,15379.0
8437,2016,12,17,16,15102.0
8438,2016,12,17,17,15202.0
8439,2016,12,17,18,15768.0
8440,2016,12,17,19,15824.0
8441,2016,12,17,20,15532.0
8442,2016,12,17,21,15323.0
8443,2016,12,17,22,14962.0
8444,2016,12,17,23,14409.0
8445,2016,12,18,0,13609.0
8446,2016,12,18,1,12985.0
8447,2016,12,18,2,12593.0
8448,2016,12,18,3,12361.0
8449,2016,12,18,4,12274.0
8450,2016,12,18,5,12432.0
8451,2016,12,18,6,12780.0
8452,2016,12,18,7,13171.0
8453,2016,12,18,8,13869.0
8454,2016,12,18,9,14598.0
8455,2016,12,18,10,15021.0
8456,2016,12,18,11,15207.0
8457,2016,12,18,12,15347.0
8458,2016,12,18,13,15483.0
8459,2016,12,18,14,15478.0
8460,2016,12,18,15,15501.0
8461,2016,12,18,16,15677.0
8462,2016,12,18,17,16211.0
8463,2016,12,18,18,17197.0
8464,2016,12,18,19,17534.0
8465,2016,12,18,20,17646.0
8466,2016,12,18,21,17657.0
8467,2016,12,18,22,17305.0
8468,2016,12,18,23,16760.0
8469,2016,12,19,0,16147.0
8470,2016,12,19,1,15711.0
8471,2016,12,19,2,15498.0
8472,2016,12,19,3,15657.0
8473,2016,12,19,4,15642.0
8474,2016,12,19,5,15996.0
8475,2016,12,19,6,16761.0
8476,2016,12,19,7,18190.0
8477,2016,12,19,8,19015.0
8478,2016,12,19,9,19213.0
8479,2016,12,19,10,19159.0
8480,2016,12,19,11,18918.0
8481,2016,12,19,12,18591.0
8482,2016,12,19,13,18252.0
8483,2016,12,19,14,17931.0
8484,2016,12,19,15,17502.0
8485,2016,12,19,16,17419.0
8486,2016,12,19,17,17672.0
8487,2016,12,19,18,18764.0
8488,2016,12,19,19,19340.0
8489,2016,12,19,20,19353.0
8490,2016,12,19,21,19354.0
8491,2016,12,19,22,19011.0
8492,2016,12,19,23,18379.0
8493,2016,12,20,0,17499.0
8494,2016,12,20,1,17196.0
8495,2016,12,20,2,16980.0
8496,2016,12,20,3,16981.0
8497,2016,12,20,4,16934.0
8498,2016,12,20,5,17408.0
8499,2016,12,20,6,18224.0
8500,2016,12,20,7,19593.0
8501,2016,12,20,8,20366.0
8502,2016,12,20,9,20198.0
8503,2016,12,20,10,19694.0
8504,2016,12,20,11,19046.0
8505,2016,12,20,12,18403.0
8506,2016,12,20,13,17612.0
8507,2016,12,20,14,17077.0
8508,2016,12,20,15,16818.0
8509,2016,12,20,16,16752.0
8510,2016,12,20,17,16837.0
8511,2016,12,20,18,18148.0
8512,2016,12,20,19,18688.0
8513,2016,12,20,20,18697.0
8514,2016,12,20,21,18721.0
8515,2016,12,20,22,18318.0
8516,2016,12,20,23,17733.0
8517,2016,12,21,0,16914.0
8518,2016,12,21,1,16512.0
8519,2016,12,21,2,16179.0
8520,2016,12,21,3,16092.0
8521,2016,12,21,4,16285.0
8522,2016,12,21,5,16561.0
8523,2016,12,21,6,17252.0
8524,2016,12,21,7,18365.0
8525,2016,12,21,8,19087.0
8526,2016,12,21,9,19019.0
8527,2016,12,21,10,18544.0
8528,2016,12,21,11,17941.0
8529,2016,12,21,12,17279.0
8530,2016,12,21,13,16807.0
8531,2016,12,21,14,16420.0
8532,2016,12,21,15,16223.0
8533,2016,12,21,16,16013.0
8534,2016,12,21,17,16241.0
8535,2016,12,21,18,17287.0
8536,2016,12,21,19,17616.0
8537,2016,12,21,20,17511.0
8538,2016,12,21,21,17393.0
8539,2016,12,21,22,16937.0
8540,2016,12,21,23,16167.0
8541,2016,12,22,0,15179.0
8542,2016,12,22,1,14683.0
8543,2016,12,22,2,14258.0
8544,2016,12,22,3,14220.0
8545,2016,12,22,4,14117.0
8546,2016,12,22,5,14414.0
8547,2016,12,22,6,15156.0
8548,2016,12,22,7,16147.0
8549,2016,12,22,8,16865.0
8550,2016,12,22,9,17049.0
8551,2016,12,22,10,17004.0
8552,2016,12,22,11,16712.0
8553,2016,12,22,12,16446.0
8554,2016,12,22,13,16163.0
8555,2016,12,22,14,16005.0
8556,2016,12,22,15,15833.0
8557,2016,12,22,16,15705.0
8558,2016,12,22,17,15831.0
8559,2016,12,22,18,16640.0
8560,2016,12,22,19,16912.0
8561,2016,12,22,20,16901.0
8562,2016,12,22,21,16859.0
8563,2016,12,22,22,16590.0
8564,2016,12,22,23,16000.0
8565,2016,12,23,0,15353.0
8566,2016,12,23,1,14881.0
8567,2016,12,23,2,14727.0
8568,2016,12,23,3,14663.0
8569,2016,12,23,4,14752.0
8570,2016,12,23,5,14946.0
8571,2016,12,23,6,15525.0
8572,2016,12,23,7,16158.0
8573,2016,12,23,8,16782.0
8574,2016,12,23,9,16967.0
8575,2016,12,23,10,16967.0
8576,2016,12,23,11,16648.0
8577,2016,12,23,12,16167.0
8578,2016,12,23,13,15558.0
8579,2016,12,23,14,15176.0
8580,2016,12,23,15,14810.0
8581,2016,12,23,16,14793.0
8582,2016,12,23,17,15109.0
8583,2016,12,23,18,15737.0
8584,2016,12,23,19,15815.0
8585,2016,12,23,20,15577.0
8586,2016,12,23,21,15465.0
8587,2016,12,23,22,15204.0
8588,2016,12,23,23,14657.0
8589,2016,12,24,0,13772.0
8590,2016,12,24,1,13142.0
8591,2016,12,24,2,12770.0
8592,2016,12,24,3,12484.0
8593,2016,12,24,4,12413.0
8594,2016,12,24,5,12386.0
8595,2016,12,24,6,12478.0
8596,2016,12,24,7,12797.0
8597,2016,12,24,8,13270.0
8598,2016,12,24,9,13639.0
8599,2016,12,24,10,13959.0
8600,2016,12,24,11,14076.0
8601,2016,12,24,12,14014.0
8602,2016,12,24,13,13855.0
8603,2016,12,24,14,13550.0
8604,2016,12,24,15,13344.0
8605,2016,12,24,16,13255.0
8606,2016,12,24,17,13299.0
8607,2016,12,24,18,13733.0
8608,2016,12,24,19,13553.0
8609,2016,12,24,20,13372.0
8610,2016,12,24,21,13277.0
8611,2016,12,24,22,13147.0
8612,2016,12,24,23,12795.0
8613,2016,12,25,0,12252.0
8614,2016,12,25,1,11731.0
8615,2016,12,25,2,11396.0
8616,2016,12,25,3,11198.0
8617,2016,12,25,4,11134.0
8618,2016,12,25,5,11181.0
8619,2016,12,25,6,11382.0
8620,2016,12,25,7,11789.0
8621,2016,12,25,8,12299.0
8622,2016,12,25,9,12744.0
8623,2016,12,25,10,13026.0
8624,2016,12,25,11,13001.0
8625,2016,12,25,12,12908.0
8626,2016,12,25,13,12701.0
8627,2016,12,25,14,12315.0
8628,2016,12,25,15,12014.0
8629,2016,12,25,16,11891.0
8630,2016,12,25,17,11996.0
8631,2016,12,25,18,12606.0
8632,2016,12,25,19,12728.0
8633,2016,12,25,20,12704.0
8634,2016,12,25,21,12711.0
8635,2016,12,25,22,12494.0
8636,2016,12,25,23,12104.0
8637,2016,12,26,0,11576.0
8638,2016,12,26,1,11198.0
8639,2016,12,26,2,10922.0
8640,2016,12,26,3,10814.0
8641,2016,12,26,4,10795.0
8642,2016,12,26,5,10895.0
8643,2016,12,26,6,11196.0
8644,2016,12,26,7,11594.0
8645,2016,12,26,8,11998.0
8646,2016,12,26,9,12354.0
8647,2016,12,26,10,12787.0
8648,2016,12,26,11,13067.0
8649,2016,12,26,12,13077.0
8650,2016,12,26,13,12885.0
8651,2016,12,26,14,12688.0
8652,2016,12,26,15,12331.0
8653,2016,12,26,16,12233.0
8654,2016,12,26,17,12493.0
8655,2016,12,26,18,13338.0
8656,2016,12,26,19,13568.0
8657,2016,12,26,20,13478.0
8658,2016,12,26,21,13350.0
8659,2016,12,26,22,12895.0
8660,2016,12,26,23,12285.0
8661,2016,12,27,0,11569.0
8662,2016,12,27,1,11137.0
8663,2016,12,27,2,10900.0
8664,2016,12,27,3,10787.0
8665,2016,12,27,4,10935.0
8666,2016,12,27,5,11222.0
8667,2016,12,27,6,11960.0
8668,2016,12,27,7,12925.0
8669,2016,12,27,8,13722.0
8670,2016,12,27,9,14091.0
8671,2016,12,27,10,14329.0
8672,2016,12,27,11,14551.0
8673,2016,12,27,12,14554.0
8674,2016,12,27,13,14353.0
8675,2016,12,27,14,14112.0
8676,2016,12,27,15,13887.0
8677,2016,12,27,16,13820.0
8678,2016,12,27,17,13934.0
8679,2016,12,27,18,15012.0
8680,2016,12,27,19,15498.0
8681,2016,12,27,20,15422.0
8682,2016,12,27,21,15296.0
8683,2016,12,27,22,14981.0
8684,2016,12,27,23,14428.0
8685,2016,12,28,0,13772.0
8686,2016,12,28,1,13327.0
8687,2016,12,28,2,13172.0
8688,2016,12,28,3,13188.0
8689,2016,12,28,4,13282.0
8690,2016,12,28,5,13703.0
8691,2016,12,28,6,14454.0
8692,2016,12,28,7,15522.0
8693,2016,12,28,8,16338.0
8694,2016,12,28,9,16567.0
8695,2016,12,28,10,16369.0
8696,2016,12,28,11,15915.0
8697,2016,12,28,12,15456.0
8698,2016,12,28,13,15102.0
8699,2016,12,28,14,14733.0
8700,2016,12,28,15,14414.0
8701,2016,12,28,16,14278.0
8702,2016,12,28,17,14462.0
8703,2016,12,28,18,15430.0
8704,2016,12,28,19,16011.0
8705,2016,12,28,20,15990.0
8706,2016,12,28,21,15781.0
8707,2016,12,28,22,15506.0
8708,2016,12,28,23,14794.0
8709,2016,12,29,0,14028.0
8710,2016,12,29,1,13577.0
8711,2016,12,29,2,13179.0
8712,2016,12,29,3,13069.0
8713,2016,12,29,4,12985.0
8714,2016,12,29,5,13152.0
8715,2016,12,29,6,13569.0
8716,2016,12,29,7,14373.0
8717,2016,12,29,8,15070.0
8718,2016,12,29,9,15286.0
8719,2016,12,29,10,15362.0
8720,2016,12,29,11,15483.0
8721,2016,12,29,12,15396.0
8722,2016,12,29,13,15259.0
8723,2016,12,29,14,15116.0
8724,2016,12,29,15,14825.0
8725,2016,12,29,16,14869.0
8726,2016,12,29,17,15207.0
8727,2016,12,29,18,16137.0
8728,2016,12,29,19,16408.0
8729,2016,12,29,20,16386.0
8730,2016,12,29,21,16268.0
8731,2016,12,29,22,15922.0
8732,2016,12,29,23,15345.0
8733,2016,12,30,0,14671.0
8734,2016,12,30,1,14218.0
8735,2016,12,30,2,14010.0
8736,2016,12,30,3,13864.0
8737,2016,12,30,4,13834.0
8738,2016,12,30,5,14119.0
8739,2016,12,30,6,14636.0
8740,2016,12,30,7,15539.0
8741,2016,12,30,8,16146.0
8742,2016,12,30,9,16328.0
8743,2016,12,30,10,16474.0
8744,2016,12,30,11,16413.0
8745,2016,12,30,12,16344.0
8746,2016,12,30,13,16119.0
8747,2016,12,30,14,15832.0
8748,2016,12,30,15,15551.0
8749,2016,12,30,16,15353.0
8750,2016,12,30,17,15568.0
8751,2016,12,30,18,16442.0
8752,2016,12,30,19,16837.0
8753,2016,12,30,20,16751.0
8754,2016,12,30,21,16630.0
8755,2016,12,30,22,16422.0
8756,2016,12,30,23,15917.0
8757,2016,12,31,0,15416.0
8758,2016,12,31,1,14877.0
8759,2016,12,31,2,14588.0
8760,2016,12,31,3,14514.0
8761,2016,12,31,4,14591.0
8762,2016,12,31,5,14604.0
8763,2016,12,31,6,14739.0
8764,2016,12,31,7,15170.0
8765,2016,12,31,8,15555.0
8766,2016,12,31,9,15699.0
8767,2016,12,31,10,15697.0
8768,2016,12,31,11,15648.0
8769,2016,12,31,12,15456.0
8770,2016,12,31,13,15170.0
8771,2016,12,31,14,15040.0
8772,2016,12,31,15,14908.0
8773,2016,12,31,16,14866.0
8774,2016,12,31,17,15030.0
8775,2016,12,31,18,15503.0
8776,2016,12,31,19,15376.0
8777,2016,12,31,20,14917.0
8778,2016,12,31,21,14439.0
8779,2016,12,31,22,14047.0
8780,2016,12,31,23,13655.0
8781,2017,1,1,0,13240.0
8782,2017,1,1,1,12876.0
8783,2017,1,1,2,12591.0
8784,2017,1,1,3,12487.0
8785,2017,1,1,4,12369.0
8786,2017,1,1,5,12490.0
8787,2017,1,1,6,12646.0
8788,2017,1,1,7,12936.0
8789,2017,1,1,8,13310.0
8790,2017,1,1,9,13594.0
8791,2017,1,1,10,13644.0
8792,2017,1,1,11,13346.0
8793,2017,1,1,12,13054.0
8794,2017,1,1,13,12922.0
8795,2017,1,1,14,12748.0
8796,2017,1,1,15,12488.0
8797,2017,1,1,16,12343.0
8798,2017,1,1,17,12712.0
8799,2017,1,1,18,13611.0
8800,2017,1,1,19,13997.0
8801,2017,1,1,20,13962.0
8802,2017,1,1,21,13770.0
8803,2017,1,1,22,13508.0
8804,2017,1,1,23,13102.0
8805,2017,1,2,0,12618.0
8806,2017,1,2,1,12140.0
8807,2017,1,2,2,11861.0
8808,2017,1,2,3,11844.0
8809,2017,1,2,4,11797.0
8810,2017,1,2,5,11903.0
8811,2017,1,2,6,12259.0
8812,2017,1,2,7,12752.0
8813,2017,1,2,8,13338.0
8814,2017,1,2,9,13571.0
8815,2017,1,2,10,13972.0
8816,2017,1,2,11,14296.0
8817,2017,1,2,12,14319.0
8818,2017,1,2,13,14197.0
8819,2017,1,2,14,14010.0
8820,2017,1,2,15,13888.0
8821,2017,1,2,16,13821.0
8822,2017,1,2,17,14038.0
8823,2017,1,2,18,14761.0
8824,2017,1,2,19,14995.0
8825,2017,1,2,20,14832.0
8826,2017,1,2,21,14621.0
8827,2017,1,2,22,14153.0
8828,2017,1,2,23,13500.0
8829,2017,1,3,0,12841.0
8830,2017,1,3,1,12470.0
8831,2017,1,3,2,12150.0
8832,2017,1,3,3,12172.0
8833,2017,1,3,4,12343.0
8834,2017,1,3,5,12648.0
8835,2017,1,3,6,13270.0
8836,2017,1,3,7,14484.0
8837,2017,1,3,8,15228.0
8838,2017,1,3,9,15286.0
8839,2017,1,3,10,15289.0
8840,2017,1,3,11,15357.0
8841,2017,1,3,12,15252.0
8842,2017,1,3,13,15217.0
8843,2017,1,3,14,15279.0
8844,2017,1,3,15,15198.0
8845,2017,1,3,16,15003.0
8846,2017,1,3,17,15185.0
8847,2017,1,3,18,15724.0
8848,2017,1,3,19,16011.0
8849,2017,1,3,20,15848.0
8850,2017,1,3,21,15542.0
8851,2017,1,3,22,14965.0
8852,2017,1,3,23,14198.0
8853,2017,1,4,0,13472.0
8854,2017,1,4,1,12947.0
8855,2017,1,4,2,12707.0
8856,2017,1,4,3,12603.0
8857,2017,1,4,4,12604.0
8858,2017,1,4,5,12943.0
8859,2017,1,4,6,13767.0
8860,2017,1,4,7,15250.0
8861,2017,1,4,8,16179.0
8862,2017,1,4,9,16210.0
8863,2017,1,4,10,16302.0
8864,2017,1,4,11,16359.0
8865,2017,1,4,12,16351.0
8866,2017,1,4,13,16152.0
8867,2017,1,4,14,16150.0
8868,2017,1,4,15,15981.0
8869,2017,1,4,16,15966.0
8870,2017,1,4,17,16357.0
8871,2017,1,4,18,17524.0
8872,2017,1,4,19,18166.0
8873,2017,1,4,20,18277.0
8874,2017,1,4,21,18220.0
8875,2017,1,4,22,17757.0
8876,2017,1,4,23,17163.0
8877,2017,1,5,0,16545.0
8878,2017,1,5,1,16111.0
8879,2017,1,5,2,16035.0
8880,2017,1,5,3,15858.0
8881,2017,1,5,4,15947.0
8882,2017,1,5,5,16263.0
8883,2017,1,5,6,17034.0
8884,2017,1,5,7,18375.0
8885,2017,1,5,8,19060.0
8886,2017,1,5,9,19072.0
8887,2017,1,5,10,19051.0
8888,2017,1,5,11,19045.0
8889,2017,1,5,12,18952.0
8890,2017,1,5,13,18789.0
8891,2017,1,5,14,18724.0
8892,2017,1,5,15,18596.0
8893,2017,1,5,16,18498.0
8894,2017,1,5,17,18633.0
8895,2017,1,5,18,19239.0
8896,2017,1,5,19,19497.0
8897,2017,1,5,20,19321.0
8898,2017,1,5,21,19214.0
8899,2017,1,5,22,18773.0
8900,2017,1,5,23,17897.0
8901,2017,1,6,0,17266.0
8902,2017,1,6,1,16852.0
8903,2017,1,6,2,16704.0
8904,2017,1,6,3,16567.0
8905,2017,1,6,4,16732.0
8906,2017,1,6,5,17036.0
8907,2017,1,6,6,17752.0
8908,2017,1,6,7,19032.0
8909,2017,1,6,8,19851.0
8910,2017,1,6,9,19906.0
8911,2017,1,6,10,19900.0
8912,2017,1,6,11,19684.0
8913,2017,1,6,12,19464.0
8914,2017,1,6,13,19144.0
8915,2017,1,6,14,19002.0
8916,2017,1,6,15,18911.0
8917,2017,1,6,16,18874.0
8918,2017,1,6,17,19060.0
8919,2017,1,6,18,19662.0
8920,2017,1,6,19,19935.0
8921,2017,1,6,20,19810.0
8922,2017,1,6,21,19646.0
8923,2017,1,6,22,19352.0
8924,2017,1,6,23,18842.0
8925,2017,1,7,0,18234.0
8926,2017,1,7,1,17833.0
8927,2017,1,7,2,17791.0
8928,2017,1,7,3,17563.0
8929,2017,1,7,4,17622.0
8930,2017,1,7,5,17689.0
8931,2017,1,7,6,18103.0
8932,2017,1,7,7,18491.0
8933,2017,1,7,8,19112.0
8934,2017,1,7,9,19521.0
8935,2017,1,7,10,19662.0
8936,2017,1,7,11,19575.0
8937,2017,1,7,12,19214.0
8938,2017,1,7,13,18705.0
8939,2017,1,7,14,18225.0
8940,2017,1,7,15,18011.0
8941,2017,1,7,16,17974.0
8942,2017,1,7,17,18460.0
8943,2017,1,7,18,19444.0
8944,2017,1,7,19,20031.0
8945,2017,1,7,20,19982.0
8946,2017,1,7,21,19939.0
8947,2017,1,7,22,19627.0
8948,2017,1,7,23,19163.0
8949,2017,1,8,0,18675.0
8950,2017,1,8,1,18303.0
8951,2017,1,8,2,18215.0
8952,2017,1,8,3,18025.0
8953,2017,1,8,4,18107.0
8954,2017,1,8,5,18290.0
8955,2017,1,8,6,18487.0
8956,2017,1,8,7,18915.0
8957,2017,1,8,8,19402.0
8958,2017,1,8,9,19663.0
8959,2017,1,8,10,19618.0
8960,2017,1,8,11,19235.0
8961,2017,1,8,12,18977.0
8962,2017,1,8,13,18671.0
8963,2017,1,8,14,18287.0
8964,2017,1,8,15,17894.0
8965,2017,1,8,16,17964.0
8966,2017,1,8,17,18356.0
8967,2017,1,8,18,19366.0
8968,2017,1,8,19,20078.0
8969,2017,1,8,20,20214.0
8970,2017,1,8,21,20257.0
8971,2017,1,8,22,20049.0
8972,2017,1,8,23,19637.0
8973,2017,1,9,0,19307.0
8974,2017,1,9,1,19085.0
8975,2017,1,9,2,19044.0
8976,2017,1,9,3,19037.0
8977,2017,1,9,4,18960.0
8978,2017,1,9,5,19212.0
8979,2017,1,9,6,19842.0
8980,2017,1,9,7,20980.0
8981,2017,1,9,8,21614.0
8982,2017,1,9,9,21421.0
8983,2017,1,9,10,21267.0
8984,2017,1,9,11,20740.0
8985,2017,1,9,12,20067.0
8986,2017,1,9,13,19305.0
8987,2017,1,9,14,18856.0
8988,2017,1,9,15,18746.0
8989,2017,1,9,16,18597.0
8990,2017,1,9,17,18741.0
8991,2017,1,9,18,19448.0
8992,2017,1,9,19,19837.0
8993,2017,1,9,20,19659.0
8994,2017,1,9,21,19367.0
8995,2017,1,9,22,18944.0
8996,2017,1,9,23,18094.0
8997,2017,1,10,0,17252.0
8998,2017,1,10,1,16837.0
8999,2017,1,10,2,16504.0
9000,2017,1,10,3,16268.0
9001,2017,1,10,4,16335.0
9002,2017,1,10,5,16490.0
9003,2017,1,10,6,17116.0
9004,2017,1,10,7,18149.0
9005,2017,1,10,8,18815.0
9006,2017,1,10,9,18812.0
9007,2017,1,10,10,18684.0
9008,2017,1,10,11,18590.0
9009,2017,1,10,12,18391.0
9010,2017,1,10,13,18029.0
9011,2017,1,10,14,17765.0
9012,2017,1,10,15,17427.0
9013,2017,1,10,16,17141.0
9014,2017,1,10,17,17122.0
9015,2017,1,10,18,17662.0
9016,2017,1,10,19,17799.0
9017,2017,1,10,20,17537.0
9018,2017,1,10,21,17241.0
9019,2017,1,10,22,16613.0
9020,2017,1,10,23,15812.0
9021,2017,1,11,0,14779.0
9022,2017,1,11,1,14272.0
9023,2017,1,11,2,13902.0
9024,2017,1,11,3,13823.0
9025,2017,1,11,4,13788.0
9026,2017,1,11,5,14156.0
9027,2017,1,11,6,14988.0
9028,2017,1,11,7,16015.0
9029,2017,1,11,8,17155.0
9030,2017,1,11,9,17092.0
9031,2017,1,11,10,16805.0
9032,2017,1,11,11,16707.0
9033,2017,1,11,12,16323.0
9034,2017,1,11,13,16063.0
9035,2017,1,11,14,15900.0
9036,2017,1,11,15,15782.0
9037,2017,1,11,16,15605.0
9038,2017,1,11,17,15773.0
9039,2017,1,11,18,16257.0
9040,2017,1,11,19,16444.0
9041,2017,1,11,20,16200.0
9042,2017,1,11,21,15896.0
9043,2017,1,11,22,15400.0
9044,2017,1,11,23,14396.0
9045,2017,1,12,0,13366.0
9046,2017,1,12,1,12835.0
9047,2017,1,12,2,12625.0
9048,2017,1,12,3,12449.0
9049,2017,1,12,4,12392.0
9050,2017,1,12,5,12562.0
9051,2017,1,12,6,13231.0
9052,2017,1,12,7,14617.0
9053,2017,1,12,8,15314.0
9054,2017,1,12,9,15327.0
9055,2017,1,12,10,15206.0
9056,2017,1,12,11,15224.0
9057,2017,1,12,12,15021.0
9058,2017,1,12,13,15009.0
9059,2017,1,12,14,14864.0
9060,2017,1,12,15,14766.0
9061,2017,1,12,16,14580.0
9062,2017,1,12,17,14756.0
9063,2017,1,12,18,15250.0
9064,2017,1,12,19,15656.0
9065,2017,1,12,20,15594.0
9066,2017,1,12,21,15443.0
9067,2017,1,12,22,15009.0
9068,2017,1,12,23,14312.0
9069,2017,1,13,0,13618.0
9070,2017,1,13,1,13061.0
9071,2017,1,13,2,12862.0
9072,2017,1,13,3,12710.0
9073,2017,1,13,4,12695.0
9074,2017,1,13,5,13236.0
9075,2017,1,13,6,14068.0
9076,2017,1,13,7,15398.0
9077,2017,1,13,8,16335.0
9078,2017,1,13,9,16257.0
9079,2017,1,13,10,16284.0
9080,2017,1,13,11,16224.0
9081,2017,1,13,12,16028.0
9082,2017,1,13,13,15866.0
9083,2017,1,13,14,15764.0
9084,2017,1,13,15,15712.0
9085,2017,1,13,16,15550.0
9086,2017,1,13,17,15596.0
9087,2017,1,13,18,16243.0
9088,2017,1,13,19,16462.0
9089,2017,1,13,20,16255.0
9090,2017,1,13,21,16004.0
9091,2017,1,13,22,15572.0
9092,2017,1,13,23,14932.0
9093,2017,1,14,0,14338.0
9094,2017,1,14,1,13814.0
9095,2017,1,14,2,13478.0
9096,2017,1,14,3,13368.0
9097,2017,1,14,4,13362.0
9098,2017,1,14,5,13381.0
9099,2017,1,14,6,13664.0
9100,2017,1,14,7,14215.0
9101,2017,1,14,8,14774.0
9102,2017,1,14,9,15129.0
9103,2017,1,14,10,15418.0
9104,2017,1,14,11,15800.0
9105,2017,1,14,12,15698.0
9106,2017,1,14,13,15610.0
9107,2017,1,14,14,15405.0
9108,2017,1,14,15,15157.0
9109,2017,1,14,16,15057.0
9110,2017,1,14,17,15137.0
9111,2017,1,14,18,15489.0
9112,2017,1,14,19,15633.0
9113,2017,1,14,20,15357.0
9114,2017,1,14,21,15164.0
9115,2017,1,14,22,14702.0
9116,2017,1,14,23,14206.0
9117,2017,1,15,0,13613.0
9118,2017,1,15,1,13206.0
9119,2017,1,15,2,12907.0
9120,2017,1,15,3,12821.0
9121,2017,1,15,4,12768.0
9122,2017,1,15,5,12837.0
9123,2017,1,15,6,13057.0
9124,2017,1,15,7,13493.0
9125,2017,1,15,8,14018.0
9126,2017,1,15,9,14459.0
9127,2017,1,15,10,14704.0
9128,2017,1,15,11,14668.0
9129,2017,1,15,12,14629.0
9130,2017,1,15,13,14553.0
9131,2017,1,15,14,14403.0
9132,2017,1,15,15,14157.0
9133,2017,1,15,16,14276.0
9134,2017,1,15,17,14499.0
9135,2017,1,15,18,15112.0
9136,2017,1,15,19,15498.0
9137,2017,1,15,20,15320.0
9138,2017,1,15,21,15206.0
9139,2017,1,15,22,14907.0
9140,2017,1,15,23,14467.0
9141,2017,1,16,0,13909.0
9142,2017,1,16,1,13525.0
9143,2017,1,16,2,13313.0
9144,2017,1,16,3,13286.0
9145,2017,1,16,4,13344.0
9146,2017,1,16,5,13650.0
9147,2017,1,16,6,14318.0
9148,2017,1,16,7,15270.0
9149,2017,1,16,8,16082.0
9150,2017,1,16,9,16238.0
9151,2017,1,16,10,16382.0
9152,2017,1,16,11,16535.0
9153,2017,1,16,12,16366.0
9154,2017,1,16,13,16145.0
9155,2017,1,16,14,15838.0
9156,2017,1,16,15,15514.0
9157,2017,1,16,16,15407.0
9158,2017,1,16,17,15398.0
9159,2017,1,16,18,16084.0
9160,2017,1,16,19,16424.0
9161,2017,1,16,20,16420.0
9162,2017,1,16,21,16118.0
9163,2017,1,16,22,15701.0
9164,2017,1,16,23,14854.0
9165,2017,1,17,0,14089.0
9166,2017,1,17,1,13486.0
9167,2017,1,17,2,13080.0
9168,2017,1,17,3,13036.0
9169,2017,1,17,4,12936.0
9170,2017,1,17,5,13117.0
9171,2017,1,17,6,13920.0
9172,2017,1,17,7,15097.0
9173,2017,1,17,8,15767.0
9174,2017,1,17,9,15558.0
9175,2017,1,17,10,15399.0
9176,2017,1,17,11,15377.0
9177,2017,1,17,12,15184.0
9178,2017,1,17,13,15091.0
9179,2017,1,17,14,14956.0
9180,2017,1,17,15,14841.0
9181,2017,1,17,16,14682.0
9182,2017,1,17,17,14799.0
9183,2017,1,17,18,15273.0
9184,2017,1,17,19,15511.0
9185,2017,1,17,20,15475.0
9186,2017,1,17,21,15254.0
9187,2017,1,17,22,14734.0
9188,2017,1,17,23,13988.0
9189,2017,1,18,0,13219.0
9190,2017,1,18,1,12688.0
9191,2017,1,18,2,12474.0
9192,2017,1,18,3,12378.0
9193,2017,1,18,4,12388.0
9194,2017,1,18,5,12700.0
9195,2017,1,18,6,13500.0
9196,2017,1,18,7,14819.0
9197,2017,1,18,8,15715.0
9198,2017,1,18,9,15657.0
9199,2017,1,18,10,15611.0
9200,2017,1,18,11,15674.0
9201,2017,1,18,12,15566.0
9202,2017,1,18,13,15557.0
9203,2017,1,18,14,15420.0
9204,2017,1,18,15,15257.0
9205,2017,1,18,16,15146.0
9206,2017,1,18,17,15393.0
9207,2017,1,18,18,15990.0
9208,2017,1,18,19,16305.0
9209,2017,1,18,20,16343.0
9210,2017,1,18,21,16226.0
9211,2017,1,18,22,15775.0
9212,2017,1,18,23,15058.0
9213,2017,1,19,0,14334.0
9214,2017,1,19,1,13859.0
9215,2017,1,19,2,13538.0
9216,2017,1,19,3,13513.0
9217,2017,1,19,4,13536.0
9218,2017,1,19,5,13845.0
9219,2017,1,19,6,14601.0
9220,2017,1,19,7,16011.0
9221,2017,1,19,8,16819.0
9222,2017,1,19,9,16686.0
9223,2017,1,19,10,16410.0
9224,2017,1,19,11,16123.0
9225,2017,1,19,12,15709.0
9226,2017,1,19,13,15425.0
9227,2017,1,19,14,15224.0
9228,2017,1,19,15,15018.0
9229,2017,1,19,16,14995.0
9230,2017,1,19,17,14984.0
9231,2017,1,19,18,15650.0
9232,2017,1,19,19,16102.0
9233,2017,1,19,20,16192.0
9234,2017,1,19,21,16083.0
9235,2017,1,19,22,15631.0
9236,2017,1,19,23,14902.0
9237,2017,1,20,0,14069.0
9238,2017,1,20,1,13606.0
9239,2017,1,20,2,13356.0
9240,2017,1,20,3,13216.0
9241,2017,1,20,4,13218.0
9242,2017,1,20,5,13448.0
9243,2017,1,20,6,14170.0
9244,2017,1,20,7,15317.0
9245,2017,1,20,8,15985.0
9246,2017,1,20,9,15726.0
9247,2017,1,20,10,15614.0
9248,2017,1,20,11,15526.0
9249,2017,1,20,12,15297.0
9250,2017,1,20,13,14970.0
9251,2017,1,20,14,14838.0
9252,2017,1,20,15,14622.0
9253,2017,1,20,16,14220.0
9254,2017,1,20,17,14133.0
9255,2017,1,20,18,14555.0
9256,2017,1,20,19,14786.0
9257,2017,1,20,20,14601.0
9258,2017,1,20,21,14346.0
9259,2017,1,20,22,14029.0
9260,2017,1,20,23,13425.0
9261,2017,1,21,0,12712.0
9262,2017,1,21,1,12242.0
9263,2017,1,21,2,11958.0
9264,2017,1,21,3,11840.0
9265,2017,1,21,4,11744.0
9266,2017,1,21,5,11953.0
9267,2017,1,21,6,12246.0
9268,2017,1,21,7,12734.0
9269,2017,1,21,8,13300.0
9270,2017,1,21,9,13591.0
9271,2017,1,21,10,13738.0
9272,2017,1,21,11,13758.0
9273,2017,1,21,12,13555.0
9274,2017,1,21,13,13358.0
9275,2017,1,21,14,13157.0
9276,2017,1,21,15,12931.0
9277,2017,1,21,16,12811.0
9278,2017,1,21,17,12839.0
9279,2017,1,21,18,13293.0
9280,2017,1,21,19,13715.0
9281,2017,1,21,20,13471.0
9282,2017,1,21,21,13245.0
9283,2017,1,21,22,12859.0
9284,2017,1,21,23,12343.0
9285,2017,1,22,0,11825.0
9286,2017,1,22,1,11321.0
9287,2017,1,22,2,10976.0
9288,2017,1,22,3,10884.0
9289,2017,1,22,4,10840.0
9290,2017,1,22,5,10861.0
9291,2017,1,22,6,11068.0
9292,2017,1,22,7,11462.0
9293,2017,1,22,8,11987.0
9294,2017,1,22,9,12450.0
9295,2017,1,22,10,12711.0
9296,2017,1,22,11,12768.0
9297,2017,1,22,12,12706.0
9298,2017,1,22,13,12642.0
9299,2017,1,22,14,12540.0
9300,2017,1,22,15,12494.0
9301,2017,1,22,16,12475.0
9302,2017,1,22,17,12723.0
9303,2017,1,22,18,13252.0
9304,2017,1,22,19,13850.0
9305,2017,1,22,20,13783.0
9306,2017,1,22,21,13615.0
9307,2017,1,22,22,13166.0
9308,2017,1,22,23,12694.0
9309,2017,1,23,0,12075.0
9310,2017,1,23,1,11688.0
9311,2017,1,23,2,11613.0
9312,2017,1,23,3,11618.0
9313,2017,1,23,4,11692.0
9314,2017,1,23,5,11996.0
9315,2017,1,23,6,12902.0
9316,2017,1,23,7,14375.0
9317,2017,1,23,8,15319.0
9318,2017,1,23,9,15323.0
9319,2017,1,23,10,15355.0
9320,2017,1,23,11,15530.0
9321,2017,1,23,12,15555.0
9322,2017,1,23,13,15515.0
9323,2017,1,23,14,15427.0
9324,2017,1,23,15,15323.0
9325,2017,1,23,16,15216.0
9326,2017,1,23,17,15333.0
9327,2017,1,23,18,15900.0
9328,2017,1,23,19,16300.0
9329,2017,1,23,20,16201.0
9330,2017,1,23,21,15919.0
9331,2017,1,23,22,15413.0
9332,2017,1,23,23,14687.0
9333,2017,1,24,0,14059.0
9334,2017,1,24,1,13368.0
9335,2017,1,24,2,12981.0
9336,2017,1,24,3,12956.0
9337,2017,1,24,4,12981.0
9338,2017,1,24,5,13380.0
9339,2017,1,24,6,14181.0
9340,2017,1,24,7,15425.0
9341,2017,1,24,8,16197.0
9342,2017,1,24,9,16008.0
9343,2017,1,24,10,16002.0
9344,2017,1,24,11,16041.0
9345,2017,1,24,12,15923.0
9346,2017,1,24,13,15905.0
9347,2017,1,24,14,15783.0
9348,2017,1,24,15,15671.0
9349,2017,1,24,16,15549.0
9350,2017,1,24,17,15662.0
9351,2017,1,24,18,16079.0
9352,2017,1,24,19,16456.0
9353,2017,1,24,20,16413.0
9354,2017,1,24,21,16186.0
9355,2017,1,24,22,15669.0
9356,2017,1,24,23,14793.0
9357,2017,1,25,0,14031.0
9358,2017,1,25,1,13732.0
9359,2017,1,25,2,13495.0
9360,2017,1,25,3,13443.0
9361,2017,1,25,4,13418.0
9362,2017,1,25,5,13874.0
9363,2017,1,25,6,14702.0
9364,2017,1,25,7,16128.0
9365,2017,1,25,8,16892.0
9366,2017,1,25,9,16615.0
9367,2017,1,25,10,16140.0
9368,2017,1,25,11,15745.0
9369,2017,1,25,12,15389.0
9370,2017,1,25,13,15018.0
9371,2017,1,25,14,14756.0
9372,2017,1,25,15,14528.0
9373,2017,1,25,16,14265.0
9374,2017,1,25,17,14393.0
9375,2017,1,25,18,14987.0
9376,2017,1,25,19,15505.0
9377,2017,1,25,20,15521.0
9378,2017,1,25,21,15293.0
9379,2017,1,25,22,14779.0
9380,2017,1,25,23,14050.0
9381,2017,1,26,0,13347.0
9382,2017,1,26,1,12866.0
9383,2017,1,26,2,12669.0
9384,2017,1,26,3,12643.0
9385,2017,1,26,4,12680.0
9386,2017,1,26,5,13028.0
9387,2017,1,26,6,13871.0
9388,2017,1,26,7,15357.0
9389,2017,1,26,8,16214.0
9390,2017,1,26,9,16189.0
9391,2017,1,26,10,16283.0
9392,2017,1,26,11,16439.0
9393,2017,1,26,12,16392.0
9394,2017,1,26,13,16423.0
9395,2017,1,26,14,16338.0
9396,2017,1,26,15,16216.0
9397,2017,1,26,16,16163.0
9398,2017,1,26,17,16368.0
9399,2017,1,26,18,16959.0
9400,2017,1,26,19,17424.0
9401,2017,1,26,20,17358.0
9402,2017,1,26,21,17184.0
9403,2017,1,26,22,16763.0
9404,2017,1,26,23,16036.0
9405,2017,1,27,0,15180.0
9406,2017,1,27,1,14756.0
9407,2017,1,27,2,14550.0
9408,2017,1,27,3,14543.0
9409,2017,1,27,4,14521.0
9410,2017,1,27,5,14834.0
9411,2017,1,27,6,15711.0
9412,2017,1,27,7,16994.0
9413,2017,1,27,8,17814.0
9414,2017,1,27,9,17735.0
9415,2017,1,27,10,17754.0
9416,2017,1,27,11,17738.0
9417,2017,1,27,12,17626.0
9418,2017,1,27,13,17583.0
9419,2017,1,27,14,17587.0
9420,2017,1,27,15,17425.0
9421,2017,1,27,16,17294.0
9422,2017,1,27,17,17356.0
9423,2017,1,27,18,17718.0
9424,2017,1,27,19,17971.0
9425,2017,1,27,20,17730.0
9426,2017,1,27,21,17549.0
9427,2017,1,27,22,17103.0
9428,2017,1,27,23,16449.0
9429,2017,1,28,0,15723.0
9430,2017,1,28,1,15199.0
9431,2017,1,28,2,14916.0
9432,2017,1,28,3,14879.0
9433,2017,1,28,4,14800.0
9434,2017,1,28,5,14847.0
9435,2017,1,28,6,15074.0
9436,2017,1,28,7,15588.0
9437,2017,1,28,8,16153.0
9438,2017,1,28,9,16618.0
9439,2017,1,28,10,16674.0
9440,2017,1,28,11,16603.0
9441,2017,1,28,12,16380.0
9442,2017,1,28,13,16035.0
9443,2017,1,28,14,15651.0
9444,2017,1,28,15,15268.0
9445,2017,1,28,16,15127.0
9446,2017,1,28,17,15305.0
9447,2017,1,28,18,15681.0
9448,2017,1,28,19,16091.0
9449,2017,1,28,20,16003.0
9450,2017,1,28,21,15784.0
9451,2017,1,28,22,15415.0
9452,2017,1,28,23,14832.0
9453,2017,1,29,0,14200.0
9454,2017,1,29,1,13852.0
9455,2017,1,29,2,13654.0
9456,2017,1,29,3,13543.0
9457,2017,1,29,4,13469.0
9458,2017,1,29,5,13552.0
9459,2017,1,29,6,13739.0
9460,2017,1,29,7,14172.0
9461,2017,1,29,8,14639.0
9462,2017,1,29,9,15069.0
9463,2017,1,29,10,15477.0
9464,2017,1,29,11,15408.0
9465,2017,1,29,12,15329.0
9466,2017,1,29,13,15282.0
9467,2017,1,29,14,15214.0
9468,2017,1,29,15,15149.0
9469,2017,1,29,16,15344.0
9470,2017,1,29,17,15634.0
9471,2017,1,29,18,16335.0
9472,2017,1,29,19,16952.0
9473,2017,1,29,20,16964.0
9474,2017,1,29,21,16773.0
9475,2017,1,29,22,16455.0
9476,2017,1,29,23,15868.0
9477,2017,1,30,0,15270.0
9478,2017,1,30,1,15153.0
9479,2017,1,30,2,15054.0
9480,2017,1,30,3,15012.0
9481,2017,1,30,4,15239.0
9482,2017,1,30,5,15561.0
9483,2017,1,30,6,16575.0
9484,2017,1,30,7,17830.0
9485,2017,1,30,8,18695.0
9486,2017,1,30,9,18678.0
9487,2017,1,30,10,18460.0
9488,2017,1,30,11,18337.0
9489,2017,1,30,12,18020.0
9490,2017,1,30,13,17737.0
9491,2017,1,30,14,17505.0
9492,2017,1,30,15,17083.0
9493,2017,1,30,16,16928.0
9494,2017,1,30,17,17104.0
9495,2017,1,30,18,17632.0
9496,2017,1,30,19,18482.0
9497,2017,1,30,20,18464.0
9498,2017,1,30,21,18281.0
9499,2017,1,30,22,17871.0
9500,2017,1,30,23,17181.0
9501,2017,1,31,0,16466.0
9502,2017,1,31,1,16241.0
9503,2017,1,31,2,15701.0
9504,2017,1,31,3,15573.0
9505,2017,1,31,4,15492.0
9506,2017,1,31,5,15708.0
9507,2017,1,31,6,16360.0
9508,2017,1,31,7,17613.0
9509,2017,1,31,8,18221.0
9510,2017,1,31,9,17859.0
9511,2017,1,31,10,17414.0
9512,2017,1,31,11,17058.0
9513,2017,1,31,12,16634.0
9514,2017,1,31,13,16454.0
9515,2017,1,31,14,16229.0
9516,2017,1,31,15,15995.0
9517,2017,1,31,16,15797.0
9518,2017,1,31,17,15859.0
9519,2017,1,31,18,16215.0
9520,2017,1,31,19,16728.0
9521,2017,1,31,20,16678.0
9522,2017,1,31,21,16464.0
9523,2017,1,31,22,15883.0
9524,2017,1,31,23,15062.0
9525,2017,2,1,0,14377.0
9526,2017,2,1,1,13969.0
9527,2017,2,1,2,13792.0
9528,2017,2,1,3,13631.0
9529,2017,2,1,4,13680.0
9530,2017,2,1,5,14047.0
9531,2017,2,1,6,14937.0
9532,2017,2,1,7,16179.0
9533,2017,2,1,8,16873.0
9534,2017,2,1,9,16678.0
9535,2017,2,1,10,16483.0
9536,2017,2,1,11,16218.0
9537,2017,2,1,12,15911.0
9538,2017,2,1,13,15783.0
9539,2017,2,1,14,15535.0
9540,2017,2,1,15,15400.0
9541,2017,2,1,16,15269.0
9542,2017,2,1,17,15361.0
9543,2017,2,1,18,15840.0
9544,2017,2,1,19,16464.0
9545,2017,2,1,20,16486.0
9546,2017,2,1,21,16408.0
9547,2017,2,1,22,16074.0
9548,2017,2,1,23,15298.0
9549,2017,2,2,0,14657.0
9550,2017,2,2,1,14175.0
9551,2017,2,2,2,13940.0
9552,2017,2,2,3,13857.0
9553,2017,2,2,4,13998.0
9554,2017,2,2,5,14474.0
9555,2017,2,2,6,15411.0
9556,2017,2,2,7,17023.0
9557,2017,2,2,8,17863.0
9558,2017,2,2,9,17681.0
9559,2017,2,2,10,17541.0
9560,2017,2,2,11,17333.0
9561,2017,2,2,12,16794.0
9562,2017,2,2,13,16477.0
9563,2017,2,2,14,16160.0
9564,2017,2,2,15,15813.0
9565,2017,2,2,16,15682.0
9566,2017,2,2,17,15784.0
9567,2017,2,2,18,16362.0
9568,2017,2,2,19,17326.0
9569,2017,2,2,20,17498.0
9570,2017,2,2,21,17405.0
9571,2017,2,2,22,17187.0
9572,2017,2,2,23,16550.0
9573,2017,2,3,0,15918.0
9574,2017,2,3,1,15554.0
9575,2017,2,3,2,15362.0
9576,2017,2,3,3,15267.0
9577,2017,2,3,4,15266.0
9578,2017,2,3,5,15649.0
9579,2017,2,3,6,16381.0
9580,2017,2,3,7,17810.0
9581,2017,2,3,8,18558.0
9582,2017,2,3,9,18357.0
9583,2017,2,3,10,18133.0
9584,2017,2,3,11,18074.0
9585,2017,2,3,12,17923.0
9586,2017,2,3,13,17812.0
9587,2017,2,3,14,17628.0
9588,2017,2,3,15,17373.0
9589,2017,2,3,16,17205.0
9590,2017,2,3,17,17240.0
9591,2017,2,3,18,17553.0
9592,2017,2,3,19,18225.0
9593,2017,2,3,20,18220.0
9594,2017,2,3,21,18169.0
9595,2017,2,3,22,17962.0
9596,2017,2,3,23,17375.0
9597,2017,2,4,0,16862.0
9598,2017,2,4,1,16503.0
9599,2017,2,4,2,16416.0
9600,2017,2,4,3,16424.0
9601,2017,2,4,4,16483.0
9602,2017,2,4,5,16842.0
9603,2017,2,4,6,17271.0
9604,2017,2,4,7,17901.0
9605,2017,2,4,8,18589.0
9606,2017,2,4,9,18636.0
9607,2017,2,4,10,18188.0
9608,2017,2,4,11,17593.0
9609,2017,2,4,12,16802.0
9610,2017,2,4,13,16208.0
9611,2017,2,4,14,15799.0
9612,2017,2,4,15,15412.0
9613,2017,2,4,16,15203.0
9614,2017,2,4,17,15188.0
9615,2017,2,4,18,15785.0
9616,2017,2,4,19,16656.0
9617,2017,2,4,20,16715.0
9618,2017,2,4,21,16643.0
9619,2017,2,4,22,16419.0
9620,2017,2,4,23,15924.0
9621,2017,2,5,0,15328.0
9622,2017,2,5,1,14730.0
9623,2017,2,5,2,14411.0
9624,2017,2,5,3,14176.0
9625,2017,2,5,4,14064.0
9626,2017,2,5,5,14088.0
9627,2017,2,5,6,14128.0
9628,2017,2,5,7,14359.0
9629,2017,2,5,8,14813.0
9630,2017,2,5,9,15159.0
9631,2017,2,5,10,15229.0
9632,2017,2,5,11,14949.0
9633,2017,2,5,12,14664.0
9634,2017,2,5,13,14393.0
9635,2017,2,5,14,14008.0
9636,2017,2,5,15,13687.0
9637,2017,2,5,16,13555.0
9638,2017,2,5,17,13686.0
9639,2017,2,5,18,14196.0
9640,2017,2,5,19,14935.0
9641,2017,2,5,20,14907.0
9642,2017,2,5,21,14930.0
9643,2017,2,5,22,14849.0
9644,2017,2,5,23,14613.0
9645,2017,2,6,0,14393.0
9646,2017,2,6,1,13908.0
9647,2017,2,6,2,13895.0
9648,2017,2,6,3,14003.0
9649,2017,2,6,4,14295.0
9650,2017,2,6,5,14637.0
9651,2017,2,6,6,15572.0
9652,2017,2,6,7,17163.0
9653,2017,2,6,8,17964.0
9654,2017,2,6,9,17540.0
9655,2017,2,6,10,16944.0
9656,2017,2,6,11,16289.0
9657,2017,2,6,12,15583.0
9658,2017,2,6,13,15093.0
9659,2017,2,6,14,14758.0
9660,2017,2,6,15,14358.0
9661,2017,2,6,16,14118.0
9662,2017,2,6,17,14113.0
9663,2017,2,6,18,14485.0
9664,2017,2,6,19,15313.0
9665,2017,2,6,20,15360.0
9666,2017,2,6,21,15156.0
9667,2017,2,6,22,14646.0
9668,2017,2,6,23,13848.0
9669,2017,2,7,0,13110.0
9670,2017,2,7,1,12646.0
9671,2017,2,7,2,12280.0
9672,2017,2,7,3,12223.0
9673,2017,2,7,4,12102.0
9674,2017,2,7,5,12490.0
9675,2017,2,7,6,13227.0
9676,2017,2,7,7,14612.0
9677,2017,2,7,8,15290.0
9678,2017,2,7,9,15183.0
9679,2017,2,7,10,15087.0
9680,2017,2,7,11,14899.0
9681,2017,2,7,12,14779.0
9682,2017,2,7,13,14708.0
9683,2017,2,7,14,14605.0
9684,2017,2,7,15,14384.0
9685,2017,2,7,16,14296.0
9686,2017,2,7,17,14301.0
9687,2017,2,7,18,14580.0
9688,2017,2,7,19,15035.0
9689,2017,2,7,20,15027.0
9690,2017,2,7,21,14764.0
9691,2017,2,7,22,14212.0
9692,2017,2,7,23,13390.0
9693,2017,2,8,0,12592.0
9694,2017,2,8,1,12150.0
9695,2017,2,8,2,11784.0
9696,2017,2,8,3,11736.0
9697,2017,2,8,4,11743.0
9698,2017,2,8,5,11990.0
9699,2017,2,8,6,12920.0
9700,2017,2,8,7,14346.0
9701,2017,2,8,8,15162.0
9702,2017,2,8,9,15018.0
9703,2017,2,8,10,15043.0
9704,2017,2,8,11,15233.0
9705,2017,2,8,12,15028.0
9706,2017,2,8,13,15032.0
9707,2017,2,8,14,15028.0
9708,2017,2,8,15,14913.0
9709,2017,2,8,16,14774.0
9710,2017,2,8,17,14901.0
9711,2017,2,8,18,15368.0
9712,2017,2,8,19,16036.0
9713,2017,2,8,20,16171.0
9714,2017,2,8,21,16157.0
9715,2017,2,8,22,15672.0
9716,2017,2,8,23,15035.0
9717,2017,2,9,0,14322.0
9718,2017,2,9,1,13717.0
9719,2017,2,9,2,13472.0
9720,2017,2,9,3,13561.0
9721,2017,2,9,4,13666.0
9722,2017,2,9,5,14227.0
9723,2017,2,9,6,15216.0
9724,2017,2,9,7,16739.0
9725,2017,2,9,8,17681.0
9726,2017,2,9,9,17779.0
9727,2017,2,9,10,17871.0
9728,2017,2,9,11,18050.0
9729,2017,2,9,12,17969.0
9730,2017,2,9,13,17935.0
9731,2017,2,9,14,17932.0
9732,2017,2,9,15,17769.0
9733,2017,2,9,16,17587.0
9734,2017,2,9,17,17611.0
9735,2017,2,9,18,18095.0
9736,2017,2,9,19,19138.0
9737,2017,2,9,20,19291.0
9738,2017,2,9,21,19177.0
9739,2017,2,9,22,18796.0
9740,2017,2,9,23,18100.0
9741,2017,2,10,0,17463.0
9742,2017,2,10,1,17186.0
9743,2017,2,10,2,16990.0
9744,2017,2,10,3,16886.0
9745,2017,2,10,4,16861.0
9746,2017,2,10,5,17069.0
9747,2017,2,10,6,17836.0
9748,2017,2,10,7,19063.0
9749,2017,2,10,8,19692.0
9750,2017,2,10,9,19456.0
9751,2017,2,10,10,19069.0
9752,2017,2,10,11,18792.0
9753,2017,2,10,12,18500.0
9754,2017,2,10,13,18080.0
9755,2017,2,10,14,17614.0
9756,2017,2,10,15,17034.0
9757,2017,2,10,16,16608.0
9758,2017,2,10,17,16364.0
9759,2017,2,10,18,16432.0
9760,2017,2,10,19,17041.0
9761,2017,2,10,20,16895.0
9762,2017,2,10,21,16588.0
9763,2017,2,10,22,16135.0
9764,2017,2,10,23,15473.0
9765,2017,2,11,0,14758.0
9766,2017,2,11,1,14135.0
9767,2017,2,11,2,13790.0
9768,2017,2,11,3,13511.0
9769,2017,2,11,4,13508.0
9770,2017,2,11,5,13507.0
9771,2017,2,11,6,13649.0
9772,2017,2,11,7,13994.0
9773,2017,2,11,8,14351.0
9774,2017,2,11,9,14608.0
9775,2017,2,11,10,14793.0
9776,2017,2,11,11,14690.0
9777,2017,2,11,12,14238.0
9778,2017,2,11,13,13887.0
9779,2017,2,11,14,13336.0
9780,2017,2,11,15,13139.0
9781,2017,2,11,16,12838.0
9782,2017,2,11,17,12815.0
9783,2017,2,11,18,13085.0
9784,2017,2,11,19,13674.0
9785,2017,2,11,20,13454.0
9786,2017,2,11,21,13292.0
9787,2017,2,11,22,12994.0
9788,2017,2,11,23,12483.0
9789,2017,2,12,0,11893.0
9790,2017,2,12,1,11426.0
9791,2017,2,12,2,11219.0
9792,2017,2,12,3,11015.0
9793,2017,2,12,4,10960.0
9794,2017,2,12,5,10912.0
9795,2017,2,12,6,11075.0
9796,2017,2,12,7,11394.0
9797,2017,2,12,8,11849.0
9798,2017,2,12,9,12218.0
9799,2017,2,12,10,12600.0
9800,2017,2,12,11,12697.0
9801,2017,2,12,12,12704.0
9802,2017,2,12,13,12530.0
9803,2017,2,12,14,12528.0
9804,2017,2,12,15,12434.0
9805,2017,2,12,16,12491.0
9806,2017,2,12,17,12699.0
9807,2017,2,12,18,13013.0
9808,2017,2,12,19,13928.0
9809,2017,2,12,20,14365.0
9810,2017,2,12,21,14314.0
9811,2017,2,12,22,14015.0
9812,2017,2,12,23,13532.0
9813,2017,2,13,0,13189.0
9814,2017,2,13,1,12950.0
9815,2017,2,13,2,12927.0
9816,2017,2,13,3,13048.0
9817,2017,2,13,4,13198.0
9818,2017,2,13,5,13701.0
9819,2017,2,13,6,14808.0
9820,2017,2,13,7,16461.0
9821,2017,2,13,8,17174.0
9822,2017,2,13,9,17018.0
9823,2017,2,13,10,16684.0
9824,2017,2,13,11,16411.0
9825,2017,2,13,12,15953.0
9826,2017,2,13,13,15645.0
9827,2017,2,13,14,15325.0
9828,2017,2,13,15,14802.0
9829,2017,2,13,16,14515.0
9830,2017,2,13,17,14526.0
9831,2017,2,13,18,14853.0
9832,2017,2,13,19,15971.0
9833,2017,2,13,20,16454.0
9834,2017,2,13,21,16514.0
9835,2017,2,13,22,16225.0
9836,2017,2,13,23,15695.0
9837,2017,2,14,0,15120.0
9838,2017,2,14,1,14737.0
9839,2017,2,14,2,14676.0
9840,2017,2,14,3,14491.0
9841,2017,2,14,4,14519.0
9842,2017,2,14,5,14666.0
9843,2017,2,14,6,15500.0
9844,2017,2,14,7,16829.0
9845,2017,2,14,8,17376.0
9846,2017,2,14,9,17099.0
9847,2017,2,14,10,16743.0
9848,2017,2,14,11,16310.0
9849,2017,2,14,12,16030.0
9850,2017,2,14,13,15778.0
9851,2017,2,14,14,15442.0
9852,2017,2,14,15,15081.0
9853,2017,2,14,16,14707.0
9854,2017,2,14,17,14743.0
9855,2017,2,14,18,15065.0
9856,2017,2,14,19,15853.0
9857,2017,2,14,20,15932.0
9858,2017,2,14,21,15921.0
9859,2017,2,14,22,15442.0
9860,2017,2,14,23,14766.0
9861,2017,2,15,0,14162.0
9862,2017,2,15,1,13715.0
9863,2017,2,15,2,13490.0
9864,2017,2,15,3,13370.0
9865,2017,2,15,4,13486.0
9866,2017,2,15,5,13778.0
9867,2017,2,15,6,14654.0
9868,2017,2,15,7,16070.0
9869,2017,2,15,8,16652.0
9870,2017,2,15,9,16492.0
9871,2017,2,15,10,16471.0
9872,2017,2,15,11,16471.0
9873,2017,2,15,12,16312.0
9874,2017,2,15,13,16106.0
9875,2017,2,15,14,16006.0
9876,2017,2,15,15,15756.0
9877,2017,2,15,16,15726.0
9878,2017,2,15,17,15813.0
9879,2017,2,15,18,16324.0
9880,2017,2,15,19,17084.0
9881,2017,2,15,20,17182.0
9882,2017,2,15,21,17232.0
9883,2017,2,15,22,16713.0
9884,2017,2,15,23,16053.0
9885,2017,2,16,0,15398.0
9886,2017,2,16,1,15027.0
9887,2017,2,16,2,14930.0
9888,2017,2,16,3,14855.0
9889,2017,2,16,4,14912.0
9890,2017,2,16,5,15170.0
9891,2017,2,16,6,16083.0
9892,2017,2,16,7,17485.0
9893,2017,2,16,8,18143.0
9894,2017,2,16,9,17893.0
9895,2017,2,16,10,17712.0
9896,2017,2,16,11,17434.0
9897,2017,2,16,12,16981.0
9898,2017,2,16,13,16520.0
9899,2017,2,16,14,16360.0
9900,2017,2,16,15,15841.0
9901,2017,2,16,16,15759.0
9902,2017,2,16,17,15773.0
9903,2017,2,16,18,16104.0
9904,2017,2,16,19,17033.0
9905,2017,2,16,20,17286.0
9906,2017,2,16,21,17233.0
9907,2017,2,16,22,16754.0
9908,2017,2,16,23,16056.0
9909,2017,2,17,0,15263.0
9910,2017,2,17,1,14826.0
9911,2017,2,17,2,14459.0
9912,2017,2,17,3,14309.0
9913,2017,2,17,4,14301.0
9914,2017,2,17,5,14565.0
9915,2017,2,17,6,15302.0
9916,2017,2,17,7,16637.0
9917,2017,2,17,8,17319.0
9918,2017,2,17,9,17059.0
9919,2017,2,17,10,16649.0
9920,2017,2,17,11,16000.0
9921,2017,2,17,12,15219.0
9922,2017,2,17,13,14756.0
9923,2017,2,17,14,14388.0
9924,2017,2,17,15,14080.0
9925,2017,2,17,16,13624.0
9926,2017,2,17,17,13484.0
9927,2017,2,17,18,13541.0
9928,2017,2,17,19,14099.0
9929,2017,2,17,20,14328.0
9930,2017,2,17,21,14112.0
9931,2017,2,17,22,13779.0
9932,2017,2,17,23,13337.0
9933,2017,2,18,0,12723.0
9934,2017,2,18,1,12331.0
9935,2017,2,18,2,12141.0
9936,2017,2,18,3,12143.0
9937,2017,2,18,4,12177.0
9938,2017,2,18,5,12431.0
9939,2017,2,18,6,12774.0
9940,2017,2,18,7,13302.0
9941,2017,2,18,8,13739.0
9942,2017,2,18,9,13992.0
9943,2017,2,18,10,13898.0
9944,2017,2,18,11,13575.0
9945,2017,2,18,12,13228.0
9946,2017,2,18,13,12895.0
9947,2017,2,18,14,12614.0
9948,2017,2,18,15,12296.0
9949,2017,2,18,16,12230.0
9950,2017,2,18,17,12319.0
9951,2017,2,18,18,12569.0
9952,2017,2,18,19,13081.0
9953,2017,2,18,20,13264.0
9954,2017,2,18,21,13036.0
9955,2017,2,18,22,12744.0
9956,2017,2,18,23,12275.0
9957,2017,2,19,0,11695.0
9958,2017,2,19,1,11309.0
9959,2017,2,19,2,11124.0
9960,2017,2,19,3,11082.0
9961,2017,2,19,4,11044.0
9962,2017,2,19,5,11089.0
9963,2017,2,19,6,11309.0
9964,2017,2,19,7,11710.0
9965,2017,2,19,8,12135.0
9966,2017,2,19,9,12507.0
9967,2017,2,19,10,12802.0
9968,2017,2,19,11,12857.0
9969,2017,2,19,12,12649.0
9970,2017,2,19,13,12463.0
9971,2017,2,19,14,12219.0
9972,2017,2,19,15,11985.0
9973,2017,2,19,16,11957.0
9974,2017,2,19,17,11961.0
9975,2017,2,19,18,12297.0
9976,2017,2,19,19,13170.0
9977,2017,2,19,20,13538.0
9978,2017,2,19,21,13542.0
9979,2017,2,19,22,13293.0
9980,2017,2,19,23,12812.0
9981,2017,2,20,0,12480.0
9982,2017,2,20,1,12319.0
9983,2017,2,20,2,12212.0
9984,2017,2,20,3,12265.0
9985,2017,2,20,4,12522.0
9986,2017,2,20,5,12854.0
9987,2017,2,20,6,13701.0
9988,2017,2,20,7,14895.0
9989,2017,2,20,8,15542.0
9990,2017,2,20,9,15720.0
9991,2017,2,20,10,15479.0
9992,2017,2,20,11,15210.0
9993,2017,2,20,12,14917.0
9994,2017,2,20,13,14515.0
9995,2017,2,20,14,14240.0
9996,2017,2,20,15,13943.0
9997,2017,2,20,16,13774.0
9998,2017,2,20,17,13575.0
9999,2017,2,20,18,13762.0
10000,2017,2,20,19,14623.0
10001,2017,2,20,20,14864.0
10002,2017,2,20,21,14687.0
10003,2017,2,20,22,14176.0
10004,2017,2,20,23,13348.0
10005,2017,2,21,0,12715.0
10006,2017,2,21,1,12277.0
10007,2017,2,21,2,12015.0
10008,2017,2,21,3,11848.0
10009,2017,2,21,4,11973.0
10010,2017,2,21,5,12351.0
10011,2017,2,21,6,13178.0
10012,2017,2,21,7,14610.0
10013,2017,2,21,8,15148.0
10014,2017,2,21,9,15164.0
10015,2017,2,21,10,14921.0
10016,2017,2,21,11,14750.0
10017,2017,2,21,12,14399.0
10018,2017,2,21,13,14199.0
10019,2017,2,21,14,14152.0
10020,2017,2,21,15,13830.0
10021,2017,2,21,16,13729.0
10022,2017,2,21,17,13695.0
10023,2017,2,21,18,13878.0
10024,2017,2,21,19,14443.0
10025,2017,2,21,20,14624.0
10026,2017,2,21,21,14437.0
10027,2017,2,21,22,13875.0
10028,2017,2,21,23,13138.0
10029,2017,2,22,0,12363.0
10030,2017,2,22,1,11881.0
10031,2017,2,22,2,11659.0
10032,2017,2,22,3,11491.0
10033,2017,2,22,4,11554.0
10034,2017,2,22,5,11811.0
10035,2017,2,22,6,12545.0
10036,2017,2,22,7,13905.0
10037,2017,2,22,8,14568.0
10038,2017,2,22,9,14603.0
10039,2017,2,22,10,14607.0
10040,2017,2,22,11,14593.0
10041,2017,2,22,12,14464.0
10042,2017,2,22,13,14302.0
10043,2017,2,22,14,14177.0
10044,2017,2,22,15,14120.0
10045,2017,2,22,16,14004.0
10046,2017,2,22,17,13941.0
10047,2017,2,22,18,14038.0
10048,2017,2,22,19,14670.0
10049,2017,2,22,20,14820.0
10050,2017,2,22,21,14587.0
10051,2017,2,22,22,14022.0
10052,2017,2,22,23,13261.0
10053,2017,2,23,0,12532.0
10054,2017,2,23,1,12023.0
10055,2017,2,23,2,11739.0
10056,2017,2,23,3,11602.0
10057,2017,2,23,4,11657.0
10058,2017,2,23,5,11850.0
10059,2017,2,23,6,12636.0
10060,2017,2,23,7,13946.0
10061,2017,2,23,8,14531.0
10062,2017,2,23,9,14498.0
10063,2017,2,23,10,14449.0
10064,2017,2,23,11,14431.0
10065,2017,2,23,12,14272.0
10066,2017,2,23,13,14122.0
10067,2017,2,23,14,13954.0
10068,2017,2,23,15,13815.0
10069,2017,2,23,16,13656.0
10070,2017,2,23,17,13676.0
10071,2017,2,23,18,13728.0
10072,2017,2,23,19,14340.0
10073,2017,2,23,20,14458.0
10074,2017,2,23,21,14154.0
10075,2017,2,23,22,13423.0
10076,2017,2,23,23,13004.0
10077,2017,2,24,0,12120.0
10078,2017,2,24,1,11685.0
10079,2017,2,24,2,11396.0
10080,2017,2,24,3,11284.0
10081,2017,2,24,4,11290.0
10082,2017,2,24,5,11662.0
10083,2017,2,24,6,12379.0
10084,2017,2,24,7,13709.0
10085,2017,2,24,8,14301.0
10086,2017,2,24,9,14180.0
10087,2017,2,24,10,14134.0
10088,2017,2,24,11,14106.0
10089,2017,2,24,12,14017.0
10090,2017,2,24,13,14035.0
10091,2017,2,24,14,13771.0
10092,2017,2,24,15,13761.0
10093,2017,2,24,16,13618.0
10094,2017,2,24,17,13459.0
10095,2017,2,24,18,13350.0
10096,2017,2,24,19,13729.0
10097,2017,2,24,20,13798.0
10098,2017,2,24,21,13531.0
10099,2017,2,24,22,13023.0
10100,2017,2,24,23,12341.0
10101,2017,2,25,0,11577.0
10102,2017,2,25,1,11068.0
10103,2017,2,25,2,10702.0
10104,2017,2,25,3,10533.0
10105,2017,2,25,4,10463.0
10106,2017,2,25,5,10725.0
10107,2017,2,25,6,10963.0
10108,2017,2,25,7,11411.0
10109,2017,2,25,8,11976.0
10110,2017,2,25,9,12640.0
10111,2017,2,25,10,13251.0
10112,2017,2,25,11,13481.0
10113,2017,2,25,12,13659.0
10114,2017,2,25,13,13557.0
10115,2017,2,25,14,13563.0
10116,2017,2,25,15,13514.0
10117,2017,2,25,16,13530.0
10118,2017,2,25,17,13730.0
10119,2017,2,25,18,14101.0
10120,2017,2,25,19,14740.0
10121,2017,2,25,20,15007.0
10122,2017,2,25,21,14851.0
10123,2017,2,25,22,14600.0
10124,2017,2,25,23,14213.0
10125,2017,2,26,0,13709.0
10126,2017,2,26,1,13296.0
10127,2017,2,26,2,13093.0
10128,2017,2,26,3,13063.0
10129,2017,2,26,4,13122.0
10130,2017,2,26,5,13297.0
10131,2017,2,26,6,13566.0
10132,2017,2,26,7,14010.0
10133,2017,2,26,8,14641.0
10134,2017,2,26,9,14919.0
10135,2017,2,26,10,14669.0
10136,2017,2,26,11,14286.0
10137,2017,2,26,12,14058.0
10138,2017,2,26,13,13646.0
10139,2017,2,26,14,13310.0
10140,2017,2,26,15,12961.0
10141,2017,2,26,16,12760.0
10142,2017,2,26,17,12886.0
10143,2017,2,26,18,13274.0
10144,2017,2,26,19,14238.0
10145,2017,2,26,20,15070.0
10146,2017,2,26,21,15121.0
10147,2017,2,26,22,14788.0
10148,2017,2,26,23,14176.0
10149,2017,2,27,0,13878.0
10150,2017,2,27,1,13489.0
10151,2017,2,27,2,13348.0
10152,2017,2,27,3,13353.0
10153,2017,2,27,4,13520.0
10154,2017,2,27,5,13863.0
10155,2017,2,27,6,14614.0
10156,2017,2,27,7,16139.0
10157,2017,2,27,8,16615.0
10158,2017,2,27,9,16531.0
10159,2017,2,27,10,16280.0
10160,2017,2,27,11,16073.0
10161,2017,2,27,12,15722.0
10162,2017,2,27,13,15482.0
10163,2017,2,27,14,15324.0
10164,2017,2,27,15,15136.0
10165,2017,2,27,16,14875.0
10166,2017,2,27,17,14956.0
10167,2017,2,27,18,15149.0
10168,2017,2,27,19,15622.0
10169,2017,2,27,20,15877.0
10170,2017,2,27,21,15622.0
10171,2017,2,27,22,15096.0
10172,2017,2,27,23,14424.0
10173,2017,2,28,0,13756.0
10174,2017,2,28,1,13368.0
10175,2017,2,28,2,13056.0
10176,2017,2,28,3,13099.0
10177,2017,2,28,4,13203.0
10178,2017,2,28,5,13585.0
10179,2017,2,28,6,14514.0
10180,2017,2,28,7,15893.0
10181,2017,2,28,8,16359.0
10182,2017,2,28,9,15945.0
10183,2017,2,28,10,15702.0
10184,2017,2,28,11,15590.0
10185,2017,2,28,12,15234.0
10186,2017,2,28,13,15188.0
10187,2017,2,28,14,14871.0
10188,2017,2,28,15,14709.0
10189,2017,2,28,16,14657.0
10190,2017,2,28,17,14663.0
10191,2017,2,28,18,14708.0
10192,2017,2,28,19,15316.0
10193,2017,2,28,20,15218.0
10194,2017,2,28,21,14883.0
10195,2017,2,28,22,14261.0
10196,2017,2,28,23,13451.0
10197,2017,3,1,0,12690.0
10198,2017,3,1,1,12138.0
10199,2017,3,1,2,11759.0
10200,2017,3,1,3,11646.0
10201,2017,3,1,4,11552.0
10202,2017,3,1,5,11775.0
10203,2017,3,1,6,12421.0
10204,2017,3,1,7,13702.0
10205,2017,3,1,8,14251.0
10206,2017,3,1,9,14089.0
10207,2017,3,1,10,14059.0
10208,2017,3,1,11,13992.0
10209,2017,3,1,12,13772.0
10210,2017,3,1,13,13785.0
10211,2017,3,1,14,13857.0
10212,2017,3,1,15,13761.0
10213,2017,3,1,16,13657.0
10214,2017,3,1,17,13873.0
10215,2017,3,1,18,14097.0
10216,2017,3,1,19,14556.0
10217,2017,3,1,20,14957.0
10218,2017,3,1,21,14856.0
10219,2017,3,1,22,14399.0
10220,2017,3,1,23,13858.0
10221,2017,3,2,0,13373.0
10222,2017,3,2,1,13094.0
10223,2017,3,2,2,12905.0
10224,2017,3,2,3,12849.0
10225,2017,3,2,4,12923.0
10226,2017,3,2,5,13379.0
10227,2017,3,2,6,14260.0
10228,2017,3,2,7,15715.0
10229,2017,3,2,8,16276.0
10230,2017,3,2,9,16299.0
10231,2017,3,2,10,16079.0
10232,2017,3,2,11,16056.0
10233,2017,3,2,12,15831.0
10234,2017,3,2,13,15615.0
10235,2017,3,2,14,15492.0
10236,2017,3,2,15,15309.0
10237,2017,3,2,16,15102.0
10238,2017,3,2,17,15181.0
10239,2017,3,2,18,15432.0
10240,2017,3,2,19,16226.0
10241,2017,3,2,20,16805.0
10242,2017,3,2,21,16791.0
10243,2017,3,2,22,16288.0
10244,2017,3,2,23,15744.0
10245,2017,3,3,0,14893.0
10246,2017,3,3,1,14503.0
10247,2017,3,3,2,14294.0
10248,2017,3,3,3,14267.0
10249,2017,3,3,4,14214.0
10250,2017,3,3,5,14478.0
10251,2017,3,3,6,15512.0
10252,2017,3,3,7,16884.0
10253,2017,3,3,8,17385.0
10254,2017,3,3,9,17140.0
10255,2017,3,3,10,17113.0
10256,2017,3,3,11,17118.0
10257,2017,3,3,12,16819.0
10258,2017,3,3,13,16371.0
10259,2017,3,3,14,16203.0
10260,2017,3,3,15,16021.0
10261,2017,3,3,16,15614.0
10262,2017,3,3,17,15609.0
10263,2017,3,3,18,15880.0
10264,2017,3,3,19,16495.0
10265,2017,3,3,20,16895.0
10266,2017,3,3,21,16911.0
10267,2017,3,3,22,16666.0
10268,2017,3,3,23,16093.0
10269,2017,3,4,0,15521.0
10270,2017,3,4,1,15129.0
10271,2017,3,4,2,15010.0
10272,2017,3,4,3,14947.0
10273,2017,3,4,4,14998.0
10274,2017,3,4,5,15298.0
10275,2017,3,4,6,15730.0
10276,2017,3,4,7,16306.0
10277,2017,3,4,8,16530.0
10278,2017,3,4,9,16520.0
10279,2017,3,4,10,16375.0
10280,2017,3,4,11,16000.0
10281,2017,3,4,12,15559.0
10282,2017,3,4,13,14967.0
10283,2017,3,4,14,14425.0
10284,2017,3,4,15,14104.0
10285,2017,3,4,16,13866.0
10286,2017,3,4,17,13770.0
10287,2017,3,4,18,13988.0
10288,2017,3,4,19,14778.0
10289,2017,3,4,20,15434.0
10290,2017,3,4,21,15434.0
10291,2017,3,4,22,15393.0
10292,2017,3,4,23,15006.0
10293,2017,3,5,0,14510.0
10294,2017,3,5,1,14258.0
10295,2017,3,5,2,14105.0
10296,2017,3,5,3,14077.0
10297,2017,3,5,4,14153.0
10298,2017,3,5,5,14234.0
10299,2017,3,5,6,14642.0
10300,2017,3,5,7,15031.0
10301,2017,3,5,8,15350.0
10302,2017,3,5,9,15364.0
10303,2017,3,5,10,14858.0
10304,2017,3,5,11,14246.0
10305,2017,3,5,12,13674.0
10306,2017,3,5,13,13295.0
10307,2017,3,5,14,12866.0
10308,2017,3,5,15,12563.0
10309,2017,3,5,16,12309.0
10310,2017,3,5,17,12428.0
10311,2017,3,5,18,12822.0
10312,2017,3,5,19,13636.0
10313,2017,3,5,20,14216.0
10314,2017,3,5,21,14209.0
10315,2017,3,5,22,13895.0
10316,2017,3,5,23,13387.0
10317,2017,3,6,0,12936.0
10318,2017,3,6,1,12774.0
10319,2017,3,6,2,12651.0
10320,2017,3,6,3,12660.0
10321,2017,3,6,4,12698.0
10322,2017,3,6,5,13071.0
10323,2017,3,6,6,13944.0
10324,2017,3,6,7,15359.0
10325,2017,3,6,8,15852.0
10326,2017,3,6,9,15771.0
10327,2017,3,6,10,15719.0
10328,2017,3,6,11,15609.0
10329,2017,3,6,12,15462.0
10330,2017,3,6,13,15283.0
10331,2017,3,6,14,15073.0
10332,2017,3,6,15,14804.0
10333,2017,3,6,16,14596.0
10334,2017,3,6,17,14623.0
10335,2017,3,6,18,14825.0
10336,2017,3,6,19,15275.0
10337,2017,3,6,20,15426.0
10338,2017,3,6,21,15160.0
10339,2017,3,6,22,14550.0
10340,2017,3,6,23,13820.0
10341,2017,3,7,0,13015.0
10342,2017,3,7,1,12478.0
10343,2017,3,7,2,12180.0
10344,2017,3,7,3,12078.0
10345,2017,3,7,4,12087.0
10346,2017,3,7,5,12275.0
10347,2017,3,7,6,13098.0
10348,2017,3,7,7,14464.0
10349,2017,3,7,8,14977.0
10350,2017,3,7,9,14936.0
10351,2017,3,7,10,14828.0
10352,2017,3,7,11,14958.0
10353,2017,3,7,12,14821.0
10354,2017,3,7,13,14594.0
10355,2017,3,7,14,14491.0
10356,2017,3,7,15,14379.0
10357,2017,3,7,16,14290.0
10358,2017,3,7,17,14335.0
10359,2017,3,7,18,14525.0
10360,2017,3,7,19,14961.0
10361,2017,3,7,20,15196.0
10362,2017,3,7,21,15053.0
10363,2017,3,7,22,14532.0
10364,2017,3,7,23,13767.0
10365,2017,3,8,0,13112.0
10366,2017,3,8,1,12635.0
10367,2017,3,8,2,12438.0
10368,2017,3,8,3,12395.0
10369,2017,3,8,4,12603.0
10370,2017,3,8,5,13008.0
10371,2017,3,8,6,13873.0
10372,2017,3,8,7,15251.0
10373,2017,3,8,8,15733.0
10374,2017,3,8,9,15319.0
10375,2017,3,8,10,15004.0
10376,2017,3,8,11,14768.0
10377,2017,3,8,12,14569.0
10378,2017,3,8,13,14348.0
10379,2017,3,8,14,14151.0
10380,2017,3,8,15,13885.0
10381,2017,3,8,16,13636.0
10382,2017,3,8,17,13613.0
10383,2017,3,8,18,13740.0
10384,2017,3,8,19,14395.0
10385,2017,3,8,20,15079.0
10386,2017,3,8,21,15040.0
10387,2017,3,8,22,14642.0
10388,2017,3,8,23,13884.0
10389,2017,3,9,0,13178.0
10390,2017,3,9,1,12737.0
10391,2017,3,9,2,12633.0
10392,2017,3,9,3,12654.0
10393,2017,3,9,4,12864.0
10394,2017,3,9,5,13252.0
10395,2017,3,9,6,14163.0
10396,2017,3,9,7,15617.0
10397,2017,3,9,8,16109.0
10398,2017,3,9,9,15757.0
10399,2017,3,9,10,15193.0
10400,2017,3,9,11,14775.0
10401,2017,3,9,12,14297.0
10402,2017,3,9,13,14103.0
10403,2017,3,9,14,14130.0
10404,2017,3,9,15,13880.0
10405,2017,3,9,16,13595.0
10406,2017,3,9,17,13579.0
10407,2017,3,9,18,13673.0
10408,2017,3,9,19,14319.0
10409,2017,3,9,20,14757.0
10410,2017,3,9,21,14748.0
10411,2017,3,9,22,14315.0
10412,2017,3,9,23,13774.0
10413,2017,3,10,0,13189.0
10414,2017,3,10,1,12736.0
10415,2017,3,10,2,12519.0
10416,2017,3,10,3,12449.0
10417,2017,3,10,4,12548.0
10418,2017,3,10,5,12893.0
10419,2017,3,10,6,13889.0
10420,2017,3,10,7,15130.0
10421,2017,3,10,8,15791.0
10422,2017,3,10,9,15788.0
10423,2017,3,10,10,15897.0
10424,2017,3,10,11,15844.0
10425,2017,3,10,12,15681.0
10426,2017,3,10,13,15642.0
10427,2017,3,10,14,15543.0
10428,2017,3,10,15,15334.0
10429,2017,3,10,16,14985.0
10430,2017,3,10,17,14976.0
10431,2017,3,10,18,15231.0
10432,2017,3,10,19,15860.0
10433,2017,3,10,20,16478.0
10434,2017,3,10,21,16338.0
10435,2017,3,10,22,16131.0
10436,2017,3,10,23,15631.0
10437,2017,3,11,0,15011.0
10438,2017,3,11,1,14650.0
10439,2017,3,11,2,14571.0
10440,2017,3,11,3,14596.0
10441,2017,3,11,4,14676.0
10442,2017,3,11,5,14897.0
10443,2017,3,11,6,15218.0
10444,2017,3,11,7,15816.0
10445,2017,3,11,8,16113.0
10446,2017,3,11,9,16349.0
10447,2017,3,11,10,16286.0
10448,2017,3,11,11,15998.0
10449,2017,3,11,12,15629.0
10450,2017,3,11,13,15192.0
10451,2017,3,11,14,14689.0
10452,2017,3,11,15,14380.0
10453,2017,3,11,16,14130.0
10454,2017,3,11,17,14092.0
10455,2017,3,11,18,14617.0
10456,2017,3,11,19,15266.0
10457,2017,3,11,20,15836.0
10458,2017,3,11,21,15890.0
10459,2017,3,11,22,15656.0
10460,2017,3,11,23,15217.0
10461,2017,3,12,0,14807.0
10462,2017,3,12,1,14485.0
10463,2017,3,12,2,14361.0
10464,2017,3,12,4,14320.0
10465,2017,3,12,5,14428.0
10466,2017,3,12,6,14593.0
10467,2017,3,12,7,14868.0
10468,2017,3,12,8,15444.0
10469,2017,3,12,9,15829.0
10470,2017,3,12,10,15803.0
10471,2017,3,12,11,15304.0
10472,2017,3,12,12,14871.0
10473,2017,3,12,13,14664.0
10474,2017,3,12,14,14245.0
10475,2017,3,12,15,13864.0
10476,2017,3,12,16,13536.0
10477,2017,3,12,17,13507.0
10478,2017,3,12,18,13576.0
10479,2017,3,12,19,13884.0
10480,2017,3,12,20,14931.0
10481,2017,3,12,21,15750.0
10482,2017,3,12,22,15831.0
10483,2017,3,12,23,15396.0
10484,2017,3,13,0,15023.0
10485,2017,3,13,1,14760.0
10486,2017,3,13,2,14711.0
10487,2017,3,13,3,14704.0
10488,2017,3,13,4,14815.0
10489,2017,3,13,5,15216.0
10490,2017,3,13,6,16203.0
10491,2017,3,13,7,17654.0
10492,2017,3,13,8,18578.0
10493,2017,3,13,9,18463.0
10494,2017,3,13,10,18017.0
10495,2017,3,13,11,17576.0
10496,2017,3,13,12,17041.0
10497,2017,3,13,13,16606.0
10498,2017,3,13,14,16275.0
10499,2017,3,13,15,15925.0
10500,2017,3,13,16,15509.0
10501,2017,3,13,17,15576.0
10502,2017,3,13,18,15736.0
10503,2017,3,13,19,16097.0
10504,2017,3,13,20,16689.0
10505,2017,3,13,21,16974.0
10506,2017,3,13,22,16697.0
10507,2017,3,13,23,15928.0
10508,2017,3,14,0,15335.0
10509,2017,3,14,1,14912.0
10510,2017,3,14,2,14724.0
10511,2017,3,14,3,14625.0
10512,2017,3,14,4,14704.0
10513,2017,3,14,5,15025.0
10514,2017,3,14,6,15804.0
10515,2017,3,14,7,16717.0
10516,2017,3,14,8,18014.0
10517,2017,3,14,9,18136.0
10518,2017,3,14,10,18128.0
10519,2017,3,14,11,18153.0
10520,2017,3,14,12,18096.0
10521,2017,3,14,13,17937.0
10522,2017,3,14,14,17852.0
10523,2017,3,14,15,17707.0
10524,2017,3,14,16,17469.0
10525,2017,3,14,17,17486.0
10526,2017,3,14,18,17858.0
10527,2017,3,14,19,18006.0
10528,2017,3,14,20,18637.0
10529,2017,3,14,21,19258.0
10530,2017,3,14,22,18972.0
10531,2017,3,14,23,18213.0
10532,2017,3,15,0,17553.0
10533,2017,3,15,1,17222.0
10534,2017,3,15,2,17129.0
10535,2017,3,15,3,17111.0
10536,2017,3,15,4,17310.0
10537,2017,3,15,5,17690.0
10538,2017,3,15,6,18630.0
10539,2017,3,15,7,19843.0
10540,2017,3,15,8,20694.0
10541,2017,3,15,9,20347.0
10542,2017,3,15,10,19920.0
10543,2017,3,15,11,19645.0
10544,2017,3,15,12,19118.0
10545,2017,3,15,13,18783.0
10546,2017,3,15,14,18398.0
10547,2017,3,15,15,17979.0
10548,2017,3,15,16,17569.0
10549,2017,3,15,17,17445.0
10550,2017,3,15,18,17545.0
10551,2017,3,15,19,17713.0
10552,2017,3,15,20,18332.0
10553,2017,3,15,21,18883.0
10554,2017,3,15,22,18529.0
10555,2017,3,15,23,17792.0
10556,2017,3,16,0,17109.0
10557,2017,3,16,1,16606.0
10558,2017,3,16,2,16435.0
10559,2017,3,16,3,16370.0
10560,2017,3,16,4,16517.0
10561,2017,3,16,5,16935.0
10562,2017,3,16,6,17742.0
10563,2017,3,16,7,19163.0
10564,2017,3,16,8,19899.0
10565,2017,3,16,9,19690.0
10566,2017,3,16,10,19006.0
10567,2017,3,16,11,18366.0
10568,2017,3,16,12,17665.0
10569,2017,3,16,13,17066.0
10570,2017,3,16,14,16709.0
10571,2017,3,16,15,16167.0
10572,2017,3,16,16,15723.0
10573,2017,3,16,17,15476.0
10574,2017,3,16,18,15429.0
10575,2017,3,16,19,15505.0
10576,2017,3,16,20,16268.0
10577,2017,3,16,21,17166.0
10578,2017,3,16,22,17132.0
10579,2017,3,16,23,16660.0
10580,2017,3,17,0,15994.0
10581,2017,3,17,1,15601.0
10582,2017,3,17,2,15466.0
10583,2017,3,17,3,15444.0
10584,2017,3,17,4,15706.0
10585,2017,3,17,5,15996.0
10586,2017,3,17,6,16895.0
10587,2017,3,17,7,18198.0
10588,2017,3,17,8,18926.0
10589,2017,3,17,9,18796.0
10590,2017,3,17,10,18389.0
10591,2017,3,17,11,18050.0
10592,2017,3,17,12,17737.0
10593,2017,3,17,13,17463.0
10594,2017,3,17,14,17290.0
10595,2017,3,17,15,17045.0
10596,2017,3,17,16,16787.0
10597,2017,3,17,17,16662.0
10598,2017,3,17,18,16622.0
10599,2017,3,17,19,16597.0
10600,2017,3,17,20,16731.0
10601,2017,3,17,21,16630.0
10602,2017,3,17,22,16275.0
10603,2017,3,17,23,15442.0
10604,2017,3,18,0,14682.0
10605,2017,3,18,1,14118.0
10606,2017,3,18,2,13721.0
10607,2017,3,18,3,13392.0
10608,2017,3,18,4,13368.0
10609,2017,3,18,5,13304.0
10610,2017,3,18,6,13541.0
10611,2017,3,18,7,13850.0
10612,2017,3,18,8,14394.0
10613,2017,3,18,9,14707.0
10614,2017,3,18,10,14901.0
10615,2017,3,18,11,14776.0
10616,2017,3,18,12,14606.0
10617,2017,3,18,13,14297.0
10618,2017,3,18,14,14032.0
10619,2017,3,18,15,13833.0
10620,2017,3,18,16,13769.0
10621,2017,3,18,17,13756.0
10622,2017,3,18,18,13837.0
10623,2017,3,18,19,13879.0
10624,2017,3,18,20,14294.0
10625,2017,3,18,21,14634.0
10626,2017,3,18,22,14360.0
10627,2017,3,18,23,13839.0
10628,2017,3,19,0,13360.0
10629,2017,3,19,1,12854.0
10630,2017,3,19,2,12566.0
10631,2017,3,19,3,12393.0
10632,2017,3,19,4,12413.0
10633,2017,3,19,5,12577.0
10634,2017,3,19,6,12818.0
10635,2017,3,19,7,13179.0
10636,2017,3,19,8,13675.0
10637,2017,3,19,9,14123.0
10638,2017,3,19,10,14406.0
10639,2017,3,19,11,14322.0
10640,2017,3,19,12,14184.0
10641,2017,3,19,13,14098.0
10642,2017,3,19,14,13883.0
10643,2017,3,19,15,13609.0
10644,2017,3,19,16,13528.0
10645,2017,3,19,17,13470.0
10646,2017,3,19,18,13558.0
10647,2017,3,19,19,13667.0
10648,2017,3,19,20,14168.0
10649,2017,3,19,21,14893.0
10650,2017,3,19,22,14657.0
10651,2017,3,19,23,14263.0
10652,2017,3,20,0,13772.0
10653,2017,3,20,1,13511.0
10654,2017,3,20,2,13453.0
10655,2017,3,20,3,13676.0
10656,2017,3,20,4,13814.0
10657,2017,3,20,5,14394.0
10658,2017,3,20,6,15283.0
10659,2017,3,20,7,16741.0
10660,2017,3,20,8,17649.0
10661,2017,3,20,9,17371.0
10662,2017,3,20,10,16999.0
10663,2017,3,20,11,16632.0
10664,2017,3,20,12,16139.0
10665,2017,3,20,13,15841.0
10666,2017,3,20,14,15641.0
10667,2017,3,20,15,15261.0
10668,2017,3,20,16,14830.0
10669,2017,3,20,17,14713.0
10670,2017,3,20,18,14772.0
10671,2017,3,20,19,14943.0
10672,2017,3,20,20,15322.0
10673,2017,3,20,21,15445.0
10674,2017,3,20,22,15081.0
10675,2017,3,20,23,14164.0
10676,2017,3,21,0,13373.0
10677,2017,3,21,1,12995.0
10678,2017,3,21,2,12634.0
10679,2017,3,21,3,12447.0
10680,2017,3,21,4,12453.0
10681,2017,3,21,5,12732.0
10682,2017,3,21,6,13505.0
10683,2017,3,21,7,14804.0
10684,2017,3,21,8,15496.0
10685,2017,3,21,9,15509.0
10686,2017,3,21,10,15293.0
10687,2017,3,21,11,15154.0
10688,2017,3,21,12,14830.0
10689,2017,3,21,13,14612.0
10690,2017,3,21,14,14496.0
10691,2017,3,21,15,14142.0
10692,2017,3,21,16,13970.0
10693,2017,3,21,17,13752.0
10694,2017,3,21,18,13828.0
10695,2017,3,21,19,13874.0
10696,2017,3,21,20,14248.0
10697,2017,3,21,21,14918.0
10698,2017,3,21,22,14589.0
10699,2017,3,21,23,13949.0
10700,2017,3,22,0,13271.0
10701,2017,3,22,1,12871.0
10702,2017,3,22,2,12702.0
10703,2017,3,22,3,12819.0
10704,2017,3,22,4,12929.0
10705,2017,3,22,5,13328.0
10706,2017,3,22,6,14230.0
10707,2017,3,22,7,15712.0
10708,2017,3,22,8,16538.0
10709,2017,3,22,9,16326.0
10710,2017,3,22,10,16126.0
10711,2017,3,22,11,15950.0
10712,2017,3,22,12,15588.0
10713,2017,3,22,13,15283.0
10714,2017,3,22,14,15035.0
10715,2017,3,22,15,14670.0
10716,2017,3,22,16,14298.0
10717,2017,3,22,17,14088.0
10718,2017,3,22,18,14117.0
10719,2017,3,22,19,14272.0
10720,2017,3,22,20,15125.0
10721,2017,3,22,21,16082.0
10722,2017,3,22,22,15905.0
10723,2017,3,22,23,15293.0
10724,2017,3,23,0,14775.0
10725,2017,3,23,1,14536.0
10726,2017,3,23,2,14441.0
10727,2017,3,23,3,14486.0
10728,2017,3,23,4,14724.0
10729,2017,3,23,5,15027.0
10730,2017,3,23,6,15881.0
10731,2017,3,23,7,17394.0
10732,2017,3,23,8,18287.0
10733,2017,3,23,9,17889.0
10734,2017,3,23,10,17251.0
10735,2017,3,23,11,16737.0
10736,2017,3,23,12,16181.0
10737,2017,3,23,13,15597.0
10738,2017,3,23,14,15258.0
10739,2017,3,23,15,14763.0
10740,2017,3,23,16,14344.0
10741,2017,3,23,17,14060.0
10742,2017,3,23,18,13977.0
10743,2017,3,23,19,14049.0
10744,2017,3,23,20,14381.0
10745,2017,3,23,21,15062.0
10746,2017,3,23,22,14925.0
10747,2017,3,23,23,14258.0
10748,2017,3,24,0,13535.0
10749,2017,3,24,1,13038.0
10750,2017,3,24,2,12804.0
10751,2017,3,24,3,12590.0
10752,2017,3,24,4,12577.0
10753,2017,3,24,5,12956.0
10754,2017,3,24,6,13624.0
10755,2017,3,24,7,14883.0
10756,2017,3,24,8,15546.0
10757,2017,3,24,9,15381.0
10758,2017,3,24,10,15075.0
10759,2017,3,24,11,14865.0
10760,2017,3,24,12,14439.0
10761,2017,3,24,13,14189.0
10762,2017,3,24,14,14004.0
10763,2017,3,24,15,13739.0
10764,2017,3,24,16,13450.0
10765,2017,3,24,17,13254.0
10766,2017,3,24,18,13116.0
10767,2017,3,24,19,12899.0
10768,2017,3,24,20,12964.0
10769,2017,3,24,21,13412.0
10770,2017,3,24,22,12975.0
10771,2017,3,24,23,12325.0
10772,2017,3,25,0,11616.0
10773,2017,3,25,1,11093.0
10774,2017,3,25,2,10636.0
10775,2017,3,25,3,10520.0
10776,2017,3,25,4,10357.0
10777,2017,3,25,5,10367.0
10778,2017,3,25,6,10692.0
10779,2017,3,25,7,11222.0
10780,2017,3,25,8,11736.0
10781,2017,3,25,9,12140.0
10782,2017,3,25,10,12505.0
10783,2017,3,25,11,12681.0
10784,2017,3,25,12,12627.0
10785,2017,3,25,13,12469.0
10786,2017,3,25,14,12345.0
10787,2017,3,25,15,12191.0
10788,2017,3,25,16,12032.0
10789,2017,3,25,17,12064.0
10790,2017,3,25,18,12079.0
10791,2017,3,25,19,12104.0
10792,2017,3,25,20,12186.0
10793,2017,3,25,21,12651.0
10794,2017,3,25,22,12324.0
10795,2017,3,25,23,11734.0
10796,2017,3,26,0,11088.0
10797,2017,3,26,1,10510.0
10798,2017,3,26,2,10169.0
10799,2017,3,26,3,10060.0
10800,2017,3,26,4,9917.0
10801,2017,3,26,5,10065.0
10802,2017,3,26,6,10252.0
10803,2017,3,26,7,10575.0
10804,2017,3,26,8,11104.0
10805,2017,3,26,9,11620.0
10806,2017,3,26,10,11970.0
10807,2017,3,26,11,12254.0
10808,2017,3,26,12,12229.0
10809,2017,3,26,13,12287.0
10810,2017,3,26,14,12302.0
10811,2017,3,26,15,12192.0
10812,2017,3,26,16,12158.0
10813,2017,3,26,17,12252.0
10814,2017,3,26,18,12362.0
10815,2017,3,26,19,12340.0
10816,2017,3,26,20,12636.0
10817,2017,3,26,21,13151.0
10818,2017,3,26,22,12850.0
10819,2017,3,26,23,12223.0
10820,2017,3,27,0,11498.0
10821,2017,3,27,1,11091.0
10822,2017,3,27,2,10845.0
10823,2017,3,27,3,10809.0
10824,2017,3,27,4,10851.0
10825,2017,3,27,5,11127.0
10826,2017,3,27,6,11873.0
10827,2017,3,27,7,13156.0
10828,2017,3,27,8,14086.0
10829,2017,3,27,9,14144.0
10830,2017,3,27,10,14265.0
10831,2017,3,27,11,14283.0
10832,2017,3,27,12,14180.0
10833,2017,3,27,13,14119.0
10834,2017,3,27,14,14054.0
10835,2017,3,27,15,13945.0
10836,2017,3,27,16,13824.0
10837,2017,3,27,17,13744.0
10838,2017,3,27,18,13750.0
10839,2017,3,27,19,13739.0
10840,2017,3,27,20,13979.0
10841,2017,3,27,21,14521.0
10842,2017,3,27,22,14056.0
10843,2017,3,27,23,13169.0
10844,2017,3,28,0,12360.0
10845,2017,3,28,1,11637.0
10846,2017,3,28,2,11449.0
10847,2017,3,28,3,11153.0
10848,2017,3,28,4,11150.0
10849,2017,3,28,5,11404.0
10850,2017,3,28,6,12067.0
10851,2017,3,28,7,13346.0
10852,2017,3,28,8,14166.0
10853,2017,3,28,9,14231.0
10854,2017,3,28,10,14325.0
10855,2017,3,28,11,14342.0
10856,2017,3,28,12,14351.0
10857,2017,3,28,13,14272.0
10858,2017,3,28,14,14222.0
10859,2017,3,28,15,14037.0
10860,2017,3,28,16,13844.0
10861,2017,3,28,17,13779.0
10862,2017,3,28,18,13816.0
10863,2017,3,28,19,13741.0
10864,2017,3,28,20,14092.0
10865,2017,3,28,21,14490.0
10866,2017,3,28,22,14141.0
10867,2017,3,28,23,13332.0
10868,2017,3,29,0,12605.0
10869,2017,3,29,1,12023.0
10870,2017,3,29,2,11662.0
10871,2017,3,29,3,11488.0
10872,2017,3,29,4,11567.0
10873,2017,3,29,5,11864.0
10874,2017,3,29,6,12509.0
10875,2017,3,29,7,13772.0
10876,2017,3,29,8,14474.0
10877,2017,3,29,9,14503.0
10878,2017,3,29,10,14501.0
10879,2017,3,29,11,14443.0
10880,2017,3,29,12,14282.0
10881,2017,3,29,13,14153.0
10882,2017,3,29,14,14056.0
10883,2017,3,29,15,13846.0
10884,2017,3,29,16,13689.0
10885,2017,3,29,17,13590.0
10886,2017,3,29,18,13503.0
10887,2017,3,29,19,13539.0
10888,2017,3,29,20,13718.0
10889,2017,3,29,21,14461.0
10890,2017,3,29,22,14160.0
10891,2017,3,29,23,13288.0
10892,2017,3,30,0,12637.0
10893,2017,3,30,1,12005.0
10894,2017,3,30,2,11700.0
10895,2017,3,30,3,11528.0
10896,2017,3,30,4,11614.0
10897,2017,3,30,5,11898.0
10898,2017,3,30,6,12509.0
10899,2017,3,30,7,13864.0
10900,2017,3,30,8,14781.0
10901,2017,3,30,9,14745.0
10902,2017,3,30,10,14747.0
10903,2017,3,30,11,14654.0
10904,2017,3,30,12,14576.0
10905,2017,3,30,13,14395.0
10906,2017,3,30,14,14301.0
10907,2017,3,30,15,14233.0
10908,2017,3,30,16,14014.0
10909,2017,3,30,17,13958.0
10910,2017,3,30,18,13840.0
10911,2017,3,30,19,13897.0
10912,2017,3,30,20,14170.0
10913,2017,3,30,21,14361.0
10914,2017,3,30,22,14450.0
10915,2017,3,30,23,13350.0
10916,2017,3,31,0,12537.0
10917,2017,3,31,1,11912.0
10918,2017,3,31,2,11545.0
10919,2017,3,31,3,11486.0
10920,2017,3,31,4,11448.0
10921,2017,3,31,5,11708.0
10922,2017,3,31,6,12322.0
10923,2017,3,31,7,13435.0
10924,2017,3,31,8,14272.0
10925,2017,3,31,9,14342.0
10926,2017,3,31,10,14458.0
10927,2017,3,31,11,14554.0
10928,2017,3,31,12,14374.0
10929,2017,3,31,13,14330.0
10930,2017,3,31,14,14187.0
10931,2017,3,31,15,14042.0
10932,2017,3,31,16,13788.0
10933,2017,3,31,17,13709.0
10934,2017,3,31,18,13619.0
10935,2017,3,31,19,13718.0
10936,2017,3,31,20,13771.0
10937,2017,3,31,21,14048.0
10938,2017,3,31,22,13645.0
10939,2017,3,31,23,13150.0
10940,2017,4,1,0,12254.0
10941,2017,4,1,1,11918.0
10942,2017,4,1,2,11487.0
10943,2017,4,1,3,11371.0
10944,2017,4,1,4,11241.0
10945,2017,4,1,5,11429.0
10946,2017,4,1,6,11699.0
10947,2017,4,1,7,12211.0
10948,2017,4,1,8,12711.0
10949,2017,4,1,9,13082.0
10950,2017,4,1,10,13543.0
10951,2017,4,1,11,13625.0
10952,2017,4,1,12,13476.0
10953,2017,4,1,13,13300.0
10954,2017,4,1,14,13083.0
10955,2017,4,1,15,12823.0
10956,2017,4,1,16,12694.0
10957,2017,4,1,17,12640.0
10958,2017,4,1,18,12652.0
10959,2017,4,1,19,12608.0
10960,2017,4,1,20,12837.0
10961,2017,4,1,21,13291.0
10962,2017,4,1,22,13066.0
10963,2017,4,1,23,12620.0
10964,2017,4,2,0,12114.0
10965,2017,4,2,1,11675.0
10966,2017,4,2,2,11421.0
10967,2017,4,2,3,11355.0
10968,2017,4,2,4,11387.0
10969,2017,4,2,5,11480.0
10970,2017,4,2,6,11767.0
10971,2017,4,2,7,12188.0
10972,2017,4,2,8,12548.0
10973,2017,4,2,9,12886.0
10974,2017,4,2,10,12860.0
10975,2017,4,2,11,12602.0
10976,2017,4,2,12,12340.0
10977,2017,4,2,13,12182.0
10978,2017,4,2,14,11896.0
10979,2017,4,2,15,11726.0
10980,2017,4,2,16,11644.0
10981,2017,4,2,17,11620.0
10982,2017,4,2,18,11716.0
10983,2017,4,2,19,11868.0
10984,2017,4,2,20,12053.0
10985,2017,4,2,21,12821.0
10986,2017,4,2,22,12675.0
10987,2017,4,2,23,12146.0
10988,2017,4,3,0,11663.0
10989,2017,4,3,1,11307.0
10990,2017,4,3,2,11176.0
10991,2017,4,3,3,11134.0
10992,2017,4,3,4,11180.0
10993,2017,4,3,5,11486.0
10994,2017,4,3,6,12233.0
10995,2017,4,3,7,13779.0
10996,2017,4,3,8,14417.0
10997,2017,4,3,9,14413.0
10998,2017,4,3,10,14413.0
10999,2017,4,3,11,14430.0
11000,2017,4,3,12,14470.0
11001,2017,4,3,13,14481.0
11002,2017,4,3,14,14388.0
11003,2017,4,3,15,14145.0
11004,2017,4,3,16,13920.0
11005,2017,4,3,17,13848.0
11006,2017,4,3,18,14000.0
11007,2017,4,3,19,14086.0
11008,2017,4,3,20,14317.0
11009,2017,4,3,21,14486.0
11010,2017,4,3,22,14094.0
11011,2017,4,3,23,13286.0
11012,2017,4,4,0,12592.0
11013,2017,4,4,1,11785.0
11014,2017,4,4,2,11485.0
11015,2017,4,4,3,11330.0
11016,2017,4,4,4,11312.0
11017,2017,4,4,5,11536.0
11018,2017,4,4,6,12138.0
11019,2017,4,4,7,13382.0
11020,2017,4,4,8,13939.0
11021,2017,4,4,9,14046.0
11022,2017,4,4,10,14127.0
11023,2017,4,4,11,14178.0
11024,2017,4,4,12,14213.0
11025,2017,4,4,13,14146.0
11026,2017,4,4,14,14144.0
11027,2017,4,4,15,13951.0
11028,2017,4,4,16,13890.0
11029,2017,4,4,17,13727.0
11030,2017,4,4,18,13659.0
11031,2017,4,4,19,13563.0
11032,2017,4,4,20,13695.0
11033,2017,4,4,21,14269.0
11034,2017,4,4,22,14068.0
11035,2017,4,4,23,13231.0
11036,2017,4,5,0,12465.0
11037,2017,4,5,1,11859.0
11038,2017,4,5,2,11515.0
11039,2017,4,5,3,11336.0
11040,2017,4,5,4,11528.0
11041,2017,4,5,5,11832.0
11042,2017,4,5,6,12522.0
11043,2017,4,5,7,13807.0
11044,2017,4,5,8,14480.0
11045,2017,4,5,9,14450.0
11046,2017,4,5,10,14334.0
11047,2017,4,5,11,14270.0
11048,2017,4,5,12,14125.0
11049,2017,4,5,13,13975.0
11050,2017,4,5,14,13984.0
11051,2017,4,5,15,13835.0
11052,2017,4,5,16,13688.0
11053,2017,4,5,17,13712.0
11054,2017,4,5,18,13759.0
11055,2017,4,5,19,13815.0
11056,2017,4,5,20,14022.0
11057,2017,4,5,21,14493.0
11058,2017,4,5,22,14120.0
11059,2017,4,5,23,13312.0
11060,2017,4,6,0,12408.0
11061,2017,4,6,1,11728.0
11062,2017,4,6,2,11380.0
11063,2017,4,6,3,11276.0
11064,2017,4,6,4,11159.0
11065,2017,4,6,5,11420.0
11066,2017,4,6,6,12118.0
11067,2017,4,6,7,13358.0
11068,2017,4,6,8,14073.0
11069,2017,4,6,9,14163.0
11070,2017,4,6,10,14420.0
11071,2017,4,6,11,14659.0
11072,2017,4,6,12,14615.0
11073,2017,4,6,13,14718.0
11074,2017,4,6,14,14780.0
11075,2017,4,6,15,14716.0
11076,2017,4,6,16,14693.0
11077,2017,4,6,17,14715.0
11078,2017,4,6,18,14928.0
11079,2017,4,6,19,15126.0
11080,2017,4,6,20,15411.0
11081,2017,4,6,21,15948.0
11082,2017,4,6,22,15603.0
11083,2017,4,6,23,14980.0
11084,2017,4,7,0,14275.0
11085,2017,4,7,1,13784.0
11086,2017,4,7,2,13525.0
11087,2017,4,7,3,13359.0
11088,2017,4,7,4,13391.0
11089,2017,4,7,5,13690.0
11090,2017,4,7,6,14346.0
11091,2017,4,7,7,15579.0
11092,2017,4,7,8,16278.0
11093,2017,4,7,9,16406.0
11094,2017,4,7,10,16348.0
11095,2017,4,7,11,16310.0
11096,2017,4,7,12,16077.0
11097,2017,4,7,13,15800.0
11098,2017,4,7,14,15476.0
11099,2017,4,7,15,14977.0
11100,2017,4,7,16,14583.0
11101,2017,4,7,17,14209.0
11102,2017,4,7,18,14005.0
11103,2017,4,7,19,13805.0
11104,2017,4,7,20,13982.0
11105,2017,4,7,21,14556.0
11106,2017,4,7,22,14456.0
11107,2017,4,7,23,14021.0
11108,2017,4,8,0,13371.0
11109,2017,4,8,1,12956.0
11110,2017,4,8,2,12806.0
11111,2017,4,8,3,12658.0
11112,2017,4,8,4,12737.0
11113,2017,4,8,5,13010.0
11114,2017,4,8,6,13362.0
11115,2017,4,8,7,13995.0
11116,2017,4,8,8,14380.0
11117,2017,4,8,9,14429.0
11118,2017,4,8,10,14186.0
11119,2017,4,8,11,13782.0
11120,2017,4,8,12,13256.0
11121,2017,4,8,13,12921.0
11122,2017,4,8,14,12578.0
11123,2017,4,8,15,12253.0
11124,2017,4,8,16,12020.0
11125,2017,4,8,17,11940.0
11126,2017,4,8,18,11806.0
11127,2017,4,8,19,11852.0
11128,2017,4,8,20,11936.0
11129,2017,4,8,21,12576.0
11130,2017,4,8,22,12580.0
11131,2017,4,8,23,12157.0
11132,2017,4,9,0,11736.0
11133,2017,4,9,1,11280.0
11134,2017,4,9,2,11164.0
11135,2017,4,9,3,11173.0
11136,2017,4,9,4,11197.0
11137,2017,4,9,5,11359.0
11138,2017,4,9,6,11725.0
11139,2017,4,9,7,12153.0
11140,2017,4,9,8,12548.0
11141,2017,4,9,9,12844.0
11142,2017,4,9,10,12605.0
11143,2017,4,9,11,12228.0
11144,2017,4,9,12,11916.0
11145,2017,4,9,13,11757.0
11146,2017,4,9,14,11524.0
11147,2017,4,9,15,11537.0
11148,2017,4,9,16,11585.0
11149,2017,4,9,17,11774.0
11150,2017,4,9,18,11919.0
11151,2017,4,9,19,11994.0
11152,2017,4,9,20,12131.0
11153,2017,4,9,21,12803.0
11154,2017,4,9,22,12762.0
11155,2017,4,9,23,12127.0
11156,2017,4,10,0,11495.0
11157,2017,4,10,1,10975.0
11158,2017,4,10,2,10720.0
11159,2017,4,10,3,10653.0
11160,2017,4,10,4,10708.0
11161,2017,4,10,5,11023.0
11162,2017,4,10,6,11772.0
11163,2017,4,10,7,13178.0
11164,2017,4,10,8,13850.0
11165,2017,4,10,9,13914.0
11166,2017,4,10,10,14042.0
11167,2017,4,10,11,14093.0
11168,2017,4,10,12,14079.0
11169,2017,4,10,13,14182.0
11170,2017,4,10,14,14229.0
11171,2017,4,10,15,14143.0
11172,2017,4,10,16,14046.0
11173,2017,4,10,17,14155.0
11174,2017,4,10,18,14110.0
11175,2017,4,10,19,14118.0
11176,2017,4,10,20,14018.0
11177,2017,4,10,21,14499.0
11178,2017,4,10,22,14125.0
11179,2017,4,10,23,13155.0
11180,2017,4,11,0,12128.0
11181,2017,4,11,1,11449.0
11182,2017,4,11,2,10986.0
11183,2017,4,11,3,10777.0
11184,2017,4,11,4,10794.0
11185,2017,4,11,5,10913.0
11186,2017,4,11,6,11646.0
11187,2017,4,11,7,12851.0
11188,2017,4,11,8,13541.0
11189,2017,4,11,9,13777.0
11190,2017,4,11,10,13921.0
11191,2017,4,11,11,14017.0
11192,2017,4,11,12,14123.0
11193,2017,4,11,13,14242.0
11194,2017,4,11,14,14234.0
11195,2017,4,11,15,14282.0
11196,2017,4,11,16,14190.0
11197,2017,4,11,17,14228.0
11198,2017,4,11,18,14203.0
11199,2017,4,11,19,14117.0
11200,2017,4,11,20,14047.0
11201,2017,4,11,21,14484.0
11202,2017,4,11,22,14121.0
11203,2017,4,11,23,13230.0
11204,2017,4,12,0,12254.0
11205,2017,4,12,1,11617.0
11206,2017,4,12,2,11143.0
11207,2017,4,12,3,11046.0
11208,2017,4,12,4,10950.0
11209,2017,4,12,5,11110.0
11210,2017,4,12,6,11879.0
11211,2017,4,12,7,13070.0
11212,2017,4,12,8,13577.0
11213,2017,4,12,9,13565.0
11214,2017,4,12,10,13633.0
11215,2017,4,12,11,13722.0
11216,2017,4,12,12,13799.0
11217,2017,4,12,13,13750.0
11218,2017,4,12,14,13869.0
11219,2017,4,12,15,13857.0
11220,2017,4,12,16,13661.0
11221,2017,4,12,17,13661.0
11222,2017,4,12,18,13623.0
11223,2017,4,12,19,13546.0
11224,2017,4,12,20,13269.0
11225,2017,4,12,21,13895.0
11226,2017,4,12,22,13824.0
11227,2017,4,12,23,12904.0
11228,2017,4,13,0,12021.0
11229,2017,4,13,1,11347.0
11230,2017,4,13,2,11122.0
11231,2017,4,13,3,11017.0
11232,2017,4,13,4,10998.0
11233,2017,4,13,5,11256.0
11234,2017,4,13,6,12014.0
11235,2017,4,13,7,13232.0
11236,2017,4,13,8,13736.0
11237,2017,4,13,9,13844.0
11238,2017,4,13,10,13931.0
11239,2017,4,13,11,13972.0
11240,2017,4,13,12,13859.0
11241,2017,4,13,13,13881.0
11242,2017,4,13,14,13938.0
11243,2017,4,13,15,13748.0
11244,2017,4,13,16,13720.0
11245,2017,4,13,17,13683.0
11246,2017,4,13,18,13671.0
11247,2017,4,13,19,13530.0
11248,2017,4,13,20,13480.0
11249,2017,4,13,21,13876.0
11250,2017,4,13,22,13494.0
11251,2017,4,13,23,12673.0
11252,2017,4,14,0,11742.0
11253,2017,4,14,1,10991.0
11254,2017,4,14,2,10673.0
11255,2017,4,14,3,10467.0
11256,2017,4,14,4,10450.0
11257,2017,4,14,5,10517.0
11258,2017,4,14,6,11057.0
11259,2017,4,14,7,11866.0
11260,2017,4,14,8,12281.0
11261,2017,4,14,9,12685.0
11262,2017,4,14,10,12898.0
11263,2017,4,14,11,12963.0
11264,2017,4,14,12,12923.0
11265,2017,4,14,13,12931.0
11266,2017,4,14,14,12996.0
11267,2017,4,14,15,13020.0
11268,2017,4,14,16,13014.0
11269,2017,4,14,17,13101.0
11270,2017,4,14,18,13061.0
11271,2017,4,14,19,12844.0
11272,2017,4,14,20,12599.0
11273,2017,4,14,21,12876.0
11274,2017,4,14,22,12694.0
11275,2017,4,14,23,12020.0
11276,2017,4,15,0,11256.0
11277,2017,4,15,1,10581.0
11278,2017,4,15,2,10214.0
11279,2017,4,15,3,9995.0
11280,2017,4,15,4,9786.0
11281,2017,4,15,5,9877.0
11282,2017,4,15,6,10021.0
11283,2017,4,15,7,10383.0
11284,2017,4,15,8,10636.0
11285,2017,4,15,9,11357.0
11286,2017,4,15,10,11832.0
11287,2017,4,15,11,12099.0
11288,2017,4,15,12,12299.0
11289,2017,4,15,13,12362.0
11290,2017,4,15,14,12423.0
11291,2017,4,15,15,12519.0
11292,2017,4,15,16,12621.0
11293,2017,4,15,17,12706.0
11294,2017,4,15,18,12785.0
11295,2017,4,15,19,12640.0
11296,2017,4,15,20,12582.0
11297,2017,4,15,21,12915.0
11298,2017,4,15,22,12782.0
11299,2017,4,15,23,12172.0
11300,2017,4,16,0,11391.0
11301,2017,4,16,1,10671.0
11302,2017,4,16,2,10186.0
11303,2017,4,16,3,9926.0
11304,2017,4,16,4,9775.0
11305,2017,4,16,5,9698.0
11306,2017,4,16,6,9838.0
11307,2017,4,16,7,10089.0
11308,2017,4,16,8,10301.0
11309,2017,4,16,9,11158.0
11310,2017,4,16,10,11613.0
11311,2017,4,16,11,11966.0
11312,2017,4,16,12,12049.0
11313,2017,4,16,13,12221.0
11314,2017,4,16,14,12199.0
11315,2017,4,16,15,12114.0
11316,2017,4,16,16,12124.0
11317,2017,4,16,17,12108.0
11318,2017,4,16,18,12109.0
11319,2017,4,16,19,12131.0
11320,2017,4,16,20,12266.0
11321,2017,4,16,21,12675.0
11322,2017,4,16,22,12817.0
11323,2017,4,16,23,12182.0
11324,2017,4,17,0,11380.0
11325,2017,4,17,1,10843.0
11326,2017,4,17,2,10605.0
11327,2017,4,17,3,10360.0
11328,2017,4,17,4,10299.0
11329,2017,4,17,5,10587.0
11330,2017,4,17,6,11107.0
11331,2017,4,17,7,12292.0
11332,2017,4,17,8,13009.0
11333,2017,4,17,9,13482.0
11334,2017,4,17,10,13764.0
11335,2017,4,17,11,14088.0
11336,2017,4,17,12,14294.0
11337,2017,4,17,13,14374.0
11338,2017,4,17,14,14496.0
11339,2017,4,17,15,14375.0
11340,2017,4,17,16,14265.0
11341,2017,4,17,17,14143.0
11342,2017,4,17,18,14086.0
11343,2017,4,17,19,13912.0
11344,2017,4,17,20,13902.0
11345,2017,4,17,21,14254.0
11346,2017,4,17,22,14012.0
11347,2017,4,17,23,13008.0
11348,2017,4,18,0,12061.0
11349,2017,4,18,1,11449.0
11350,2017,4,18,2,11026.0
11351,2017,4,18,3,10898.0
11352,2017,4,18,4,10806.0
11353,2017,4,18,5,10967.0
11354,2017,4,18,6,11724.0
11355,2017,4,18,7,12847.0
11356,2017,4,18,8,13482.0
11357,2017,4,18,9,13664.0
11358,2017,4,18,10,13787.0
11359,2017,4,18,11,13838.0
11360,2017,4,18,12,13965.0
11361,2017,4,18,13,14094.0
11362,2017,4,18,14,14198.0
11363,2017,4,18,15,14214.0
11364,2017,4,18,16,14112.0
11365,2017,4,18,17,14028.0
11366,2017,4,18,18,13941.0
11367,2017,4,18,19,13867.0
11368,2017,4,18,20,13860.0
11369,2017,4,18,21,14169.0
11370,2017,4,18,22,14050.0
11371,2017,4,18,23,13118.0
11372,2017,4,19,0,12117.0
11373,2017,4,19,1,11454.0
11374,2017,4,19,2,10984.0
11375,2017,4,19,3,10779.0
11376,2017,4,19,4,10751.0
11377,2017,4,19,5,10959.0
11378,2017,4,19,6,11631.0
11379,2017,4,19,7,12818.0
11380,2017,4,19,8,13416.0
11381,2017,4,19,9,13666.0
11382,2017,4,19,10,13920.0
11383,2017,4,19,11,14120.0
11384,2017,4,19,12,14274.0
11385,2017,4,19,13,14339.0
11386,2017,4,19,14,14470.0
11387,2017,4,19,15,14419.0
11388,2017,4,19,16,14416.0
11389,2017,4,19,17,14384.0
11390,2017,4,19,18,14389.0
11391,2017,4,19,19,14327.0
11392,2017,4,19,20,14249.0
11393,2017,4,19,21,14648.0
11394,2017,4,19,22,14434.0
11395,2017,4,19,23,13452.0
11396,2017,4,20,0,12479.0
11397,2017,4,20,1,11737.0
11398,2017,4,20,2,11338.0
11399,2017,4,20,3,11113.0
11400,2017,4,20,4,11066.0
11401,2017,4,20,5,11238.0
11402,2017,4,20,6,11894.0
11403,2017,4,20,7,13071.0
11404,2017,4,20,8,13640.0
11405,2017,4,20,9,13955.0
11406,2017,4,20,10,14203.0
11407,2017,4,20,11,14503.0
11408,2017,4,20,12,14874.0
11409,2017,4,20,13,15202.0
11410,2017,4,20,14,15434.0
11411,2017,4,20,15,15431.0
11412,2017,4,20,16,15525.0
11413,2017,4,20,17,15480.0
11414,2017,4,20,18,15266.0
11415,2017,4,20,19,15043.0
11416,2017,4,20,20,14808.0
11417,2017,4,20,21,15048.0
11418,2017,4,20,22,14731.0
11419,2017,4,20,23,13755.0
11420,2017,4,21,0,12644.0
11421,2017,4,21,1,11867.0
11422,2017,4,21,2,11302.0
11423,2017,4,21,3,10973.0
11424,2017,4,21,4,10903.0
11425,2017,4,21,5,11070.0
11426,2017,4,21,6,11525.0
11427,2017,4,21,7,12643.0
11428,2017,4,21,8,13294.0
11429,2017,4,21,9,13538.0
11430,2017,4,21,10,13829.0
11431,2017,4,21,11,14070.0
11432,2017,4,21,12,14100.0
11433,2017,4,21,13,14174.0
11434,2017,4,21,14,14301.0
11435,2017,4,21,15,14252.0
11436,2017,4,21,16,14227.0
11437,2017,4,21,17,14034.0
11438,2017,4,21,18,13900.0
11439,2017,4,21,19,13607.0
11440,2017,4,21,20,13370.0
11441,2017,4,21,21,13724.0
11442,2017,4,21,22,13576.0
11443,2017,4,21,23,12695.0
11444,2017,4,22,0,11975.0
11445,2017,4,22,1,11180.0
11446,2017,4,22,2,10756.0
11447,2017,4,22,3,10455.0
11448,2017,4,22,4,10439.0
11449,2017,4,22,5,10475.0
11450,2017,4,22,6,10724.0
11451,2017,4,22,7,11178.0
11452,2017,4,22,8,11426.0
11453,2017,4,22,9,12008.0
11454,2017,4,22,10,12542.0
11455,2017,4,22,11,12708.0
11456,2017,4,22,12,12859.0
11457,2017,4,22,13,12808.0
11458,2017,4,22,14,12663.0
11459,2017,4,22,15,12412.0
11460,2017,4,22,16,12230.0
11461,2017,4,22,17,12259.0
11462,2017,4,22,18,12224.0
11463,2017,4,22,19,12156.0
11464,2017,4,22,20,12219.0
11465,2017,4,22,21,12593.0
11466,2017,4,22,22,12515.0
11467,2017,4,22,23,11957.0
11468,2017,4,23,0,11354.0
11469,2017,4,23,1,10832.0
11470,2017,4,23,2,10539.0
11471,2017,4,23,3,10427.0
11472,2017,4,23,4,10374.0
11473,2017,4,23,5,10425.0
11474,2017,4,23,6,10654.0
11475,2017,4,23,7,10947.0
11476,2017,4,23,8,11259.0
11477,2017,4,23,9,11736.0
11478,2017,4,23,10,12064.0
11479,2017,4,23,11,12014.0
11480,2017,4,23,12,11994.0
11481,2017,4,23,13,12072.0
11482,2017,4,23,14,12033.0
11483,2017,4,23,15,11926.0
11484,2017,4,23,16,11947.0
11485,2017,4,23,17,11976.0
11486,2017,4,23,18,12161.0
11487,2017,4,23,19,12343.0
11488,2017,4,23,20,12506.0
11489,2017,4,23,21,12974.0
11490,2017,4,23,22,13000.0
11491,2017,4,23,23,12292.0
11492,2017,4,24,0,11596.0
11493,2017,4,24,1,11140.0
11494,2017,4,24,2,10973.0
11495,2017,4,24,3,10901.0
11496,2017,4,24,4,10987.0
11497,2017,4,24,5,11288.0
11498,2017,4,24,6,12053.0
11499,2017,4,24,7,13394.0
11500,2017,4,24,8,13959.0
11501,2017,4,24,9,14132.0
11502,2017,4,24,10,14175.0
11503,2017,4,24,11,14192.0
11504,2017,4,24,12,14113.0
11505,2017,4,24,13,14245.0
11506,2017,4,24,14,14245.0
11507,2017,4,24,15,14101.0
11508,2017,4,24,16,13874.0
11509,2017,4,24,17,13744.0
11510,2017,4,24,18,13682.0
11511,2017,4,24,19,13703.0
11512,2017,4,24,20,13743.0
11513,2017,4,24,21,14073.0
11514,2017,4,24,22,14015.0
11515,2017,4,24,23,13033.0
11516,2017,4,25,0,12239.0
11517,2017,4,25,1,11540.0
11518,2017,4,25,2,11361.0
11519,2017,4,25,3,11131.0
11520,2017,4,25,4,11130.0
11521,2017,4,25,5,11351.0
11522,2017,4,25,6,11933.0
11523,2017,4,25,7,13256.0
11524,2017,4,25,8,13757.0
11525,2017,4,25,9,13911.0
11526,2017,4,25,10,13983.0
11527,2017,4,25,11,14011.0
11528,2017,4,25,12,14024.0
11529,2017,4,25,13,14028.0
11530,2017,4,25,14,14138.0
11531,2017,4,25,15,14192.0
11532,2017,4,25,16,14085.0
11533,2017,4,25,17,14158.0
11534,2017,4,25,18,13948.0
11535,2017,4,25,19,13981.0
11536,2017,4,25,20,13921.0
11537,2017,4,25,21,14378.0
11538,2017,4,25,22,14203.0
11539,2017,4,25,23,13219.0
11540,2017,4,26,0,12256.0
11541,2017,4,26,1,11630.0
11542,2017,4,26,2,11076.0
11543,2017,4,26,3,10844.0
11544,2017,4,26,4,10795.0
11545,2017,4,26,5,10905.0
11546,2017,4,26,6,11703.0
11547,2017,4,26,7,12902.0
11548,2017,4,26,8,13462.0
11549,2017,4,26,9,13550.0
11550,2017,4,26,10,13748.0
11551,2017,4,26,11,14051.0
11552,2017,4,26,12,14403.0
11553,2017,4,26,13,14632.0
11554,2017,4,26,14,14950.0
11555,2017,4,26,15,15219.0
11556,2017,4,26,16,15333.0
11557,2017,4,26,17,15612.0
11558,2017,4,26,18,15639.0
11559,2017,4,26,19,15528.0
11560,2017,4,26,20,15286.0
11561,2017,4,26,21,15339.0
11562,2017,4,26,22,15155.0
11563,2017,4,26,23,13948.0
11564,2017,4,27,0,12836.0
11565,2017,4,27,1,11857.0
11566,2017,4,27,2,11380.0
11567,2017,4,27,3,10992.0
11568,2017,4,27,4,10948.0
11569,2017,4,27,5,11013.0
11570,2017,4,27,6,11742.0
11571,2017,4,27,7,12840.0
11572,2017,4,27,8,13434.0
11573,2017,4,27,9,13794.0
11574,2017,4,27,10,13989.0
11575,2017,4,27,11,14347.0
11576,2017,4,27,12,14486.0
11577,2017,4,27,13,14535.0
11578,2017,4,27,14,14535.0
11579,2017,4,27,15,14532.0
11580,2017,4,27,16,14505.0
11581,2017,4,27,17,14373.0
11582,2017,4,27,18,14345.0
11583,2017,4,27,19,14253.0
11584,2017,4,27,20,14052.0
11585,2017,4,27,21,14218.0
11586,2017,4,27,22,14047.0
11587,2017,4,27,23,13014.0
11588,2017,4,28,0,12081.0
11589,2017,4,28,1,11351.0
11590,2017,4,28,2,10928.0
11591,2017,4,28,3,10691.0
11592,2017,4,28,4,10638.0
11593,2017,4,28,5,10784.0
11594,2017,4,28,6,11520.0
11595,2017,4,28,7,12596.0
11596,2017,4,28,8,13122.0
11597,2017,4,28,9,13312.0
11598,2017,4,28,10,13550.0
11599,2017,4,28,11,13778.0
11600,2017,4,28,12,13800.0
11601,2017,4,28,13,14114.0
11602,2017,4,28,14,14179.0
11603,2017,4,28,15,14335.0
11604,2017,4,28,16,14382.0
11605,2017,4,28,17,14374.0
11606,2017,4,28,18,14332.0
11607,2017,4,28,19,14125.0
11608,2017,4,28,20,13910.0
11609,2017,4,28,21,14041.0
11610,2017,4,28,22,13777.0
11611,2017,4,28,23,13005.0
11612,2017,4,29,0,12025.0
11613,2017,4,29,1,11207.0
11614,2017,4,29,2,10702.0
11615,2017,4,29,3,10356.0
11616,2017,4,29,4,10387.0
11617,2017,4,29,5,10372.0
11618,2017,4,29,6,10562.0
11619,2017,4,29,7,10979.0
11620,2017,4,29,8,11327.0
11621,2017,4,29,9,12009.0
11622,2017,4,29,10,12569.0
11623,2017,4,29,11,13078.0
11624,2017,4,29,12,13414.0
11625,2017,4,29,13,13521.0
11626,2017,4,29,14,13671.0
11627,2017,4,29,15,13748.0
11628,2017,4,29,16,13818.0
11629,2017,4,29,17,14040.0
11630,2017,4,29,18,14072.0
11631,2017,4,29,19,13873.0
11632,2017,4,29,20,13630.0
11633,2017,4,29,21,13676.0
11634,2017,4,29,22,13471.0
11635,2017,4,29,23,12769.0
11636,2017,4,30,0,11913.0
11637,2017,4,30,1,11236.0
11638,2017,4,30,2,10603.0
11639,2017,4,30,3,10292.0
11640,2017,4,30,4,10104.0
11641,2017,4,30,5,9954.0
11642,2017,4,30,6,10042.0
11643,2017,4,30,7,10257.0
11644,2017,4,30,8,10548.0
11645,2017,4,30,9,11448.0
11646,2017,4,30,10,12167.0
11647,2017,4,30,11,12699.0
11648,2017,4,30,12,13281.0
11649,2017,4,30,13,13720.0
11650,2017,4,30,14,13927.0
11651,2017,4,30,15,14053.0
11652,2017,4,30,16,14208.0
11653,2017,4,30,17,14586.0
11654,2017,4,30,18,14761.0
11655,2017,4,30,19,14631.0
11656,2017,4,30,20,14443.0
11657,2017,4,30,21,14566.0
11658,2017,4,30,22,14388.0
11659,2017,4,30,23,13499.0
11660,2017,5,1,0,12481.0
11661,2017,5,1,1,11895.0
11662,2017,5,1,2,11450.0
11663,2017,5,1,3,11235.0
11664,2017,5,1,4,11149.0
11665,2017,5,1,5,11314.0
11666,2017,5,1,6,11848.0
11667,2017,5,1,7,12938.0
11668,2017,5,1,8,13618.0
11669,2017,5,1,9,13843.0
11670,2017,5,1,10,14087.0
11671,2017,5,1,11,14374.0
11672,2017,5,1,12,14498.0
11673,2017,5,1,13,14609.0
11674,2017,5,1,14,14472.0
11675,2017,5,1,15,14275.0
11676,2017,5,1,16,14190.0
11677,2017,5,1,17,14197.0
11678,2017,5,1,18,14217.0
11679,2017,5,1,19,14088.0
11680,2017,5,1,20,13825.0
11681,2017,5,1,21,14008.0
11682,2017,5,1,22,13756.0
11683,2017,5,1,23,12785.0
11684,2017,5,2,0,11787.0
11685,2017,5,2,1,11118.0
11686,2017,5,2,2,10756.0
11687,2017,5,2,3,10576.0
11688,2017,5,2,4,10468.0
11689,2017,5,2,5,10615.0
11690,2017,5,2,6,11389.0
11691,2017,5,2,7,12546.0
11692,2017,5,2,8,13055.0
11693,2017,5,2,9,13336.0
11694,2017,5,2,10,13445.0
11695,2017,5,2,11,13533.0
11696,2017,5,2,12,13549.0
11697,2017,5,2,13,13576.0
11698,2017,5,2,14,13632.0
11699,2017,5,2,15,13598.0
11700,2017,5,2,16,13481.0
11701,2017,5,2,17,13441.0
11702,2017,5,2,18,13379.0
11703,2017,5,2,19,13330.0
11704,2017,5,2,20,13356.0
11705,2017,5,2,21,13628.0
11706,2017,5,2,22,13454.0
11707,2017,5,2,23,12651.0
11708,2017,5,3,0,11807.0
11709,2017,5,3,1,11214.0
11710,2017,5,3,2,10895.0
11711,2017,5,3,3,10668.0
11712,2017,5,3,4,10716.0
11713,2017,5,3,5,10966.0
11714,2017,5,3,6,11739.0
11715,2017,5,3,7,12895.0
11716,2017,5,3,8,13419.0
11717,2017,5,3,9,13509.0
11718,2017,5,3,10,13544.0
11719,2017,5,3,11,13523.0
11720,2017,5,3,12,13390.0
11721,2017,5,3,13,13320.0
11722,2017,5,3,14,13356.0
11723,2017,5,3,15,13217.0
11724,2017,5,3,16,13124.0
11725,2017,5,3,17,13106.0
11726,2017,5,3,18,13008.0
11727,2017,5,3,19,13054.0
11728,2017,5,3,20,13141.0
11729,2017,5,3,21,13549.0
11730,2017,5,3,22,13556.0
11731,2017,5,3,23,12718.0
11732,2017,5,4,0,11793.0
11733,2017,5,4,1,11178.0
11734,2017,5,4,2,10866.0
11735,2017,5,4,3,10696.0
11736,2017,5,4,4,10692.0
11737,2017,5,4,5,10881.0
11738,2017,5,4,6,11656.0
11739,2017,5,4,7,12846.0
11740,2017,5,4,8,13517.0
11741,2017,5,4,9,13706.0
11742,2017,5,4,10,13862.0
11743,2017,5,4,11,14007.0
11744,2017,5,4,12,13969.0
11745,2017,5,4,13,13978.0
11746,2017,5,4,14,13973.0
11747,2017,5,4,15,13748.0
11748,2017,5,4,16,13632.0
11749,2017,5,4,17,13618.0
11750,2017,5,4,18,13675.0
11751,2017,5,4,19,13597.0
11752,2017,5,4,20,13651.0
11753,2017,5,4,21,13911.0
11754,2017,5,4,22,13834.0
11755,2017,5,4,23,13030.0
11756,2017,5,5,0,12314.0
11757,2017,5,5,1,11693.0
11758,2017,5,5,2,11351.0
11759,2017,5,5,3,11194.0
11760,2017,5,5,4,11106.0
11761,2017,5,5,5,11297.0
11762,2017,5,5,6,11918.0
11763,2017,5,5,7,12958.0
11764,2017,5,5,8,13499.0
11765,2017,5,5,9,13834.0
11766,2017,5,5,10,13828.0
11767,2017,5,5,11,14182.0
11768,2017,5,5,12,14089.0
11769,2017,5,5,13,14081.0
11770,2017,5,5,14,13966.0
11771,2017,5,5,15,13897.0
11772,2017,5,5,16,13649.0
11773,2017,5,5,17,13540.0
11774,2017,5,5,18,13402.0
11775,2017,5,5,19,13312.0
11776,2017,5,5,20,13094.0
11777,2017,5,5,21,13259.0
11778,2017,5,5,22,13198.0
11779,2017,5,5,23,12765.0
11780,2017,5,6,0,11963.0
11781,2017,5,6,1,11424.0
11782,2017,5,6,2,11140.0
11783,2017,5,6,3,10940.0
11784,2017,5,6,4,10895.0
11785,2017,5,6,5,10849.0
11786,2017,5,6,6,11210.0
11787,2017,5,6,7,11459.0
11788,2017,5,6,8,11902.0
11789,2017,5,6,9,12383.0
11790,2017,5,6,10,12630.0
11791,2017,5,6,11,12682.0
11792,2017,5,6,12,12615.0
11793,2017,5,6,13,12384.0
11794,2017,5,6,14,12247.0
11795,2017,5,6,15,12111.0
11796,2017,5,6,16,11912.0
11797,2017,5,6,17,11979.0
11798,2017,5,6,18,11903.0
11799,2017,5,6,19,11886.0
11800,2017,5,6,20,11873.0
11801,2017,5,6,21,12314.0
11802,2017,5,6,22,12500.0
11803,2017,5,6,23,11918.0
11804,2017,5,7,0,11793.0
11805,2017,5,7,1,10963.0
11806,2017,5,7,2,10747.0
11807,2017,5,7,3,10536.0
11808,2017,5,7,4,10539.0
11809,2017,5,7,5,10626.0
11810,2017,5,7,6,10828.0
11811,2017,5,7,7,11108.0
11812,2017,5,7,8,11486.0
11813,2017,5,7,9,11902.0
11814,2017,5,7,10,12082.0
11815,2017,5,7,11,11988.0
11816,2017,5,7,12,11903.0
11817,2017,5,7,13,11748.0
11818,2017,5,7,14,11698.0
11819,2017,5,7,15,11565.0
11820,2017,5,7,16,11458.0
11821,2017,5,7,17,11523.0
11822,2017,5,7,18,11691.0
11823,2017,5,7,19,11871.0
11824,2017,5,7,20,12090.0
11825,2017,5,7,21,12353.0
11826,2017,5,7,22,12712.0
11827,2017,5,7,23,12269.0
11828,2017,5,8,0,11746.0
11829,2017,5,8,1,11494.0
11830,2017,5,8,2,11388.0
11831,2017,5,8,3,11318.0
11832,2017,5,8,4,11556.0
11833,2017,5,8,5,11965.0
11834,2017,5,8,6,12846.0
11835,2017,5,8,7,14251.0
11836,2017,5,8,8,14841.0
11837,2017,5,8,9,14720.0
11838,2017,5,8,10,14572.0
11839,2017,5,8,11,14437.0
11840,2017,5,8,12,14228.0
11841,2017,5,8,13,14102.0
11842,2017,5,8,14,14017.0
11843,2017,5,8,15,13855.0
11844,2017,5,8,16,13559.0
11845,2017,5,8,17,13498.0
11846,2017,5,8,18,13312.0
11847,2017,5,8,19,13300.0
11848,2017,5,8,20,13329.0
11849,2017,5,8,21,13725.0
11850,2017,5,8,22,13842.0
11851,2017,5,8,23,13192.0
11852,2017,5,9,0,12324.0
11853,2017,5,9,1,11882.0
11854,2017,5,9,2,11637.0
11855,2017,5,9,3,11497.0
11856,2017,5,9,4,11564.0
11857,2017,5,9,5,11900.0
11858,2017,5,9,6,12715.0
11859,2017,5,9,7,13745.0
11860,2017,5,9,8,14360.0
11861,2017,5,9,9,14411.0
11862,2017,5,9,10,14409.0
11863,2017,5,9,11,14393.0
11864,2017,5,9,12,14309.0
11865,2017,5,9,13,14229.0
11866,2017,5,9,14,14198.0
11867,2017,5,9,15,14049.0
11868,2017,5,9,16,13858.0
11869,2017,5,9,17,13907.0
11870,2017,5,9,18,13819.0
11871,2017,5,9,19,13696.0
11872,2017,5,9,20,13709.0
11873,2017,5,9,21,14088.0
11874,2017,5,9,22,13925.0
11875,2017,5,9,23,13079.0
11876,2017,5,10,0,12161.0
11877,2017,5,10,1,11588.0
11878,2017,5,10,2,11285.0
11879,2017,5,10,3,11066.0
11880,2017,5,10,4,11128.0
11881,2017,5,10,5,11339.0
11882,2017,5,10,6,12002.0
11883,2017,5,10,7,13166.0
11884,2017,5,10,8,13660.0
11885,2017,5,10,9,13781.0
11886,2017,5,10,10,13890.0
11887,2017,5,10,11,13909.0
11888,2017,5,10,12,13904.0
11889,2017,5,10,13,14047.0
11890,2017,5,10,14,14288.0
11891,2017,5,10,15,14379.0
11892,2017,5,10,16,14482.0
11893,2017,5,10,17,14510.0
11894,2017,5,10,18,14589.0
11895,2017,5,10,19,14537.0
11896,2017,5,10,20,14489.0
11897,2017,5,10,21,14638.0
11898,2017,5,10,22,14553.0
11899,2017,5,10,23,13671.0
11900,2017,5,11,0,12574.0
11901,2017,5,11,1,11879.0
11902,2017,5,11,2,11370.0
11903,2017,5,11,3,11153.0
11904,2017,5,11,4,10971.0
11905,2017,5,11,5,11229.0
11906,2017,5,11,6,11906.0
11907,2017,5,11,7,13075.0
11908,2017,5,11,8,13687.0
11909,2017,5,11,9,13939.0
11910,2017,5,11,10,14111.0
11911,2017,5,11,11,14280.0
11912,2017,5,11,12,14427.0
11913,2017,5,11,13,14429.0
11914,2017,5,11,14,14574.0
11915,2017,5,11,15,14589.0
11916,2017,5,11,16,14588.0
11917,2017,5,11,17,14532.0
11918,2017,5,11,18,14282.0
11919,2017,5,11,19,14096.0
11920,2017,5,11,20,13978.0
11921,2017,5,11,21,14141.0
11922,2017,5,11,22,14127.0
11923,2017,5,11,23,13210.0
11924,2017,5,12,0,12210.0
11925,2017,5,12,1,11408.0
11926,2017,5,12,2,11087.0
11927,2017,5,12,3,10860.0
11928,2017,5,12,4,10787.0
11929,2017,5,12,5,10996.0
11930,2017,5,12,6,11618.0
11931,2017,5,12,7,12673.0
11932,2017,5,12,8,13339.0
11933,2017,5,12,9,13546.0
11934,2017,5,12,10,13756.0
11935,2017,5,12,11,13835.0
11936,2017,5,12,12,13846.0
11937,2017,5,12,13,13889.0
11938,2017,5,12,14,13804.0
11939,2017,5,12,15,13638.0
11940,2017,5,12,16,13477.0
11941,2017,5,12,17,13456.0
11942,2017,5,12,18,13290.0
11943,2017,5,12,19,13206.0
11944,2017,5,12,20,13125.0
11945,2017,5,12,21,13269.0
11946,2017,5,12,22,13306.0
11947,2017,5,12,23,12707.0
11948,2017,5,13,0,11895.0
11949,2017,5,13,1,11234.0
11950,2017,5,13,2,10921.0
11951,2017,5,13,3,10539.0
11952,2017,5,13,4,10574.0
11953,2017,5,13,5,10570.0
11954,2017,5,13,6,10821.0
11955,2017,5,13,7,11079.0
11956,2017,5,13,8,11474.0
11957,2017,5,13,9,11959.0
11958,2017,5,13,10,12229.0
11959,2017,5,13,11,12420.0
11960,2017,5,13,12,12329.0
11961,2017,5,13,13,12202.0
11962,2017,5,13,14,12142.0
11963,2017,5,13,15,12129.0
11964,2017,5,13,16,12133.0
11965,2017,5,13,17,12161.0
11966,2017,5,13,18,12193.0
11967,2017,5,13,19,12104.0
11968,2017,5,13,20,12012.0
11969,2017,5,13,21,12047.0
11970,2017,5,13,22,12293.0
11971,2017,5,13,23,11818.0
11972,2017,5,14,0,11046.0
11973,2017,5,14,1,10402.0
11974,2017,5,14,2,10079.0
11975,2017,5,14,3,9850.0
11976,2017,5,14,4,9798.0
11977,2017,5,14,5,9758.0
11978,2017,5,14,6,9896.0
11979,2017,5,14,7,9946.0
11980,2017,5,14,8,10469.0
11981,2017,5,14,9,11090.0
11982,2017,5,14,10,11472.0
11983,2017,5,14,11,11579.0
11984,2017,5,14,12,11701.0
11985,2017,5,14,13,11863.0
11986,2017,5,14,14,11999.0
11987,2017,5,14,15,12169.0
11988,2017,5,14,16,12404.0
11989,2017,5,14,17,12666.0
11990,2017,5,14,18,12803.0
11991,2017,5,14,19,12949.0
11992,2017,5,14,20,12914.0
11993,2017,5,14,21,13007.0
11994,2017,5,14,22,13336.0
11995,2017,5,14,23,12532.0
11996,2017,5,15,0,11666.0
11997,2017,5,15,1,11070.0
11998,2017,5,15,2,10621.0
11999,2017,5,15,3,10396.0
12000,2017,5,15,4,10327.0
12001,2017,5,15,5,10612.0
12002,2017,5,15,6,11298.0
12003,2017,5,15,7,12239.0
12004,2017,5,15,8,13084.0
12005,2017,5,15,9,13417.0
12006,2017,5,15,10,13647.0
12007,2017,5,15,11,14047.0
12008,2017,5,15,12,14311.0
12009,2017,5,15,13,14548.0
12010,2017,5,15,14,14751.0
12011,2017,5,15,15,14981.0
12012,2017,5,15,16,15107.0
12013,2017,5,15,17,15321.0
12014,2017,5,15,18,15405.0
12015,2017,5,15,19,15251.0
12016,2017,5,15,20,15062.0
12017,2017,5,15,21,14867.0
12018,2017,5,15,22,14705.0
12019,2017,5,15,23,13626.0
12020,2017,5,16,0,12505.0
12021,2017,5,16,1,11604.0
12022,2017,5,16,2,11097.0
12023,2017,5,16,3,10793.0
12024,2017,5,16,4,10817.0
12025,2017,5,16,5,10826.0
12026,2017,5,16,6,11511.0
12027,2017,5,16,7,12398.0
12028,2017,5,16,8,13138.0
12029,2017,5,16,9,13480.0
12030,2017,5,16,10,13983.0
12031,2017,5,16,11,14524.0
12032,2017,5,16,12,14953.0
12033,2017,5,16,13,15483.0
12034,2017,5,16,14,16082.0
12035,2017,5,16,15,16426.0
12036,2017,5,16,16,16879.0
12037,2017,5,16,17,17221.0
12038,2017,5,16,18,17267.0
12039,2017,5,16,19,17125.0
12040,2017,5,16,20,16975.0
12041,2017,5,16,21,16621.0
12042,2017,5,16,22,16568.0
12043,2017,5,16,23,15225.0
12044,2017,5,17,0,13890.0
12045,2017,5,17,1,12878.0
12046,2017,5,17,2,12101.0
12047,2017,5,17,3,11695.0
12048,2017,5,17,4,11470.0
12049,2017,5,17,5,11537.0
12050,2017,5,17,6,12063.0
12051,2017,5,17,7,13029.0
12052,2017,5,17,8,13885.0
12053,2017,5,17,9,14459.0
12054,2017,5,17,10,15089.0
12055,2017,5,17,11,15914.0
12056,2017,5,17,12,16718.0
12057,2017,5,17,13,17455.0
12058,2017,5,17,14,17686.0
12059,2017,5,17,15,18032.0
12060,2017,5,17,16,18215.0
12061,2017,5,17,17,18169.0
12062,2017,5,17,18,17901.0
12063,2017,5,17,19,17535.0
12064,2017,5,17,20,17242.0
12065,2017,5,17,21,16978.0
12066,2017,5,17,22,16791.0
12067,2017,5,17,23,15478.0
12068,2017,5,18,0,14124.0
12069,2017,5,18,1,13205.0
12070,2017,5,18,2,12544.0
12071,2017,5,18,3,12137.0
12072,2017,5,18,4,11933.0
12073,2017,5,18,5,11928.0
12074,2017,5,18,6,12563.0
12075,2017,5,18,7,13452.0
12076,2017,5,18,8,14299.0
12077,2017,5,18,9,14876.0
12078,2017,5,18,10,15614.0
12079,2017,5,18,11,16309.0
12080,2017,5,18,12,16835.0
12081,2017,5,18,13,17413.0
12082,2017,5,18,14,17950.0
12083,2017,5,18,15,18322.0
12084,2017,5,18,16,18386.0
12085,2017,5,18,17,18520.0
12086,2017,5,18,18,18330.0
12087,2017,5,18,19,17970.0
12088,2017,5,18,20,17495.0
12089,2017,5,18,21,17109.0
12090,2017,5,18,22,16723.0
12091,2017,5,18,23,15579.0
12092,2017,5,19,0,14215.0
12093,2017,5,19,1,13227.0
12094,2017,5,19,2,12515.0
12095,2017,5,19,3,11977.0
12096,2017,5,19,4,11797.0
12097,2017,5,19,5,11850.0
12098,2017,5,19,6,12257.0
12099,2017,5,19,7,13065.0
12100,2017,5,19,8,13941.0
12101,2017,5,19,9,14499.0
12102,2017,5,19,10,15006.0
12103,2017,5,19,11,15858.0
12104,2017,5,19,12,16276.0
12105,2017,5,19,13,16657.0
12106,2017,5,19,14,16785.0
12107,2017,5,19,15,16876.0
12108,2017,5,19,16,16762.0
12109,2017,5,19,17,16585.0
12110,2017,5,19,18,16238.0
12111,2017,5,19,19,15576.0
12112,2017,5,19,20,15071.0
12113,2017,5,19,21,14779.0
12114,2017,5,19,22,14439.0
12115,2017,5,19,23,13555.0
12116,2017,5,20,0,12566.0
12117,2017,5,20,1,11690.0
12118,2017,5,20,2,11222.0
12119,2017,5,20,3,10876.0
12120,2017,5,20,4,10717.0
12121,2017,5,20,5,10626.0
12122,2017,5,20,6,10822.0
12123,2017,5,20,7,11004.0
12124,2017,5,20,8,11474.0
12125,2017,5,20,9,12208.0
12126,2017,5,20,10,12773.0
12127,2017,5,20,11,13225.0
12128,2017,5,20,12,13687.0
12129,2017,5,20,13,14097.0
12130,2017,5,20,14,14450.0
12131,2017,5,20,15,14667.0
12132,2017,5,20,16,14756.0
12133,2017,5,20,17,14814.0
12134,2017,5,20,18,14724.0
12135,2017,5,20,19,14475.0
12136,2017,5,20,20,14157.0
12137,2017,5,20,21,14031.0
12138,2017,5,20,22,14004.0
12139,2017,5,20,23,13232.0
12140,2017,5,21,0,12310.0
12141,2017,5,21,1,11453.0
12142,2017,5,21,2,10847.0
12143,2017,5,21,3,10439.0
12144,2017,5,21,4,10244.0
12145,2017,5,21,5,10137.0
12146,2017,5,21,6,10328.0
12147,2017,5,21,7,10402.0
12148,2017,5,21,8,10765.0
12149,2017,5,21,9,11521.0
12150,2017,5,21,10,12117.0
12151,2017,5,21,11,12455.0
12152,2017,5,21,12,12686.0
12153,2017,5,21,13,12918.0
12154,2017,5,21,14,12983.0
12155,2017,5,21,15,12909.0
12156,2017,5,21,16,12957.0
12157,2017,5,21,17,13090.0
12158,2017,5,21,18,13284.0
12159,2017,5,21,19,13359.0
12160,2017,5,21,20,13375.0
12161,2017,5,21,21,13525.0
12162,2017,5,21,22,13514.0
12163,2017,5,21,23,12914.0
12164,2017,5,22,0,12000.0
12165,2017,5,22,1,11413.0
12166,2017,5,22,2,11030.0
12167,2017,5,22,3,10701.0
12168,2017,5,22,4,10705.0
12169,2017,5,22,5,10813.0
12170,2017,5,22,6,11513.0
12171,2017,5,22,7,12509.0
12172,2017,5,22,8,13138.0
12173,2017,5,22,9,13577.0
12174,2017,5,22,10,13778.0
12175,2017,5,22,11,14187.0
12176,2017,5,22,12,14280.0
12177,2017,5,22,13,14428.0
12178,2017,5,22,14,14645.0
12179,2017,5,22,15,14683.0
12180,2017,5,22,16,14540.0
12181,2017,5,22,17,14618.0
12182,2017,5,22,18,14486.0
12183,2017,5,22,19,14477.0
12184,2017,5,22,20,14301.0
12185,2017,5,22,21,14311.0
12186,2017,5,22,22,14274.0
12187,2017,5,22,23,13279.0
12188,2017,5,23,0,12351.0
12189,2017,5,23,1,11526.0
12190,2017,5,23,2,11187.0
12191,2017,5,23,3,10898.0
12192,2017,5,23,4,10873.0
12193,2017,5,23,5,10987.0
12194,2017,5,23,6,11635.0
12195,2017,5,23,7,12519.0
12196,2017,5,23,8,13190.0
12197,2017,5,23,9,13537.0
12198,2017,5,23,10,13740.0
12199,2017,5,23,11,14060.0
12200,2017,5,23,12,14190.0
12201,2017,5,23,13,14367.0
12202,2017,5,23,14,14484.0
12203,2017,5,23,15,14573.0
12204,2017,5,23,16,14557.0
12205,2017,5,23,17,14593.0
12206,2017,5,23,18,14501.0
12207,2017,5,23,19,14410.0
12208,2017,5,23,20,14240.0
12209,2017,5,23,21,14285.0
12210,2017,5,23,22,14281.0
12211,2017,5,23,23,13468.0
12212,2017,5,24,0,12490.0
12213,2017,5,24,1,11801.0
12214,2017,5,24,2,11311.0
12215,2017,5,24,3,11134.0
12216,2017,5,24,4,11013.0
12217,2017,5,24,5,11101.0
12218,2017,5,24,6,11671.0
12219,2017,5,24,7,12656.0
12220,2017,5,24,8,13200.0
12221,2017,5,24,9,13534.0
12222,2017,5,24,10,13768.0
12223,2017,5,24,11,14003.0
12224,2017,5,24,12,14213.0
12225,2017,5,24,13,14308.0
12226,2017,5,24,14,14412.0
12227,2017,5,24,15,14285.0
12228,2017,5,24,16,14152.0
12229,2017,5,24,17,14117.0
12230,2017,5,24,18,14117.0
12231,2017,5,24,19,14001.0
12232,2017,5,24,20,13935.0
12233,2017,5,24,21,14121.0
12234,2017,5,24,22,14016.0
12235,2017,5,24,23,13259.0
12236,2017,5,25,0,12460.0
12237,2017,5,25,1,11760.0
12238,2017,5,25,2,11303.0
12239,2017,5,25,3,11132.0
12240,2017,5,25,4,11042.0
12241,2017,5,25,5,11145.0
12242,2017,5,25,6,11697.0
12243,2017,5,25,7,12673.0
12244,2017,5,25,8,13349.0
12245,2017,5,25,9,13698.0
12246,2017,5,25,10,13867.0
12247,2017,5,25,11,14095.0
12248,2017,5,25,12,14226.0
12249,2017,5,25,13,14339.0
12250,2017,5,25,14,14343.0
12251,2017,5,25,15,14206.0
12252,2017,5,25,16,14092.0
12253,2017,5,25,17,13982.0
12254,2017,5,25,18,13936.0
12255,2017,5,25,19,13747.0
12256,2017,5,25,20,13756.0
12257,2017,5,25,21,13889.0
12258,2017,5,25,22,13832.0
12259,2017,5,25,23,13049.0
12260,2017,5,26,0,12228.0
12261,2017,5,26,1,11516.0
12262,2017,5,26,2,11136.0
12263,2017,5,26,3,10925.0
12264,2017,5,26,4,10819.0
12265,2017,5,26,5,10965.0
12266,2017,5,26,6,11509.0
12267,2017,5,26,7,12231.0
12268,2017,5,26,8,12710.0
12269,2017,5,26,9,13435.0
12270,2017,5,26,10,13704.0
12271,2017,5,26,11,14013.0
12272,2017,5,26,12,14136.0
12273,2017,5,26,13,14121.0
12274,2017,5,26,14,14384.0
12275,2017,5,26,15,14398.0
12276,2017,5,26,16,14387.0
12277,2017,5,26,17,14344.0
12278,2017,5,26,18,14317.0
12279,2017,5,26,19,14097.0
12280,2017,5,26,20,13982.0
12281,2017,5,26,21,13773.0
12282,2017,5,26,22,13710.0
12283,2017,5,26,23,12964.0
12284,2017,5,27,0,12054.0
12285,2017,5,27,1,11165.0
12286,2017,5,27,2,10666.0
12287,2017,5,27,3,10369.0
12288,2017,5,27,4,10165.0
12289,2017,5,27,5,10114.0
12290,2017,5,27,6,10257.0
12291,2017,5,27,7,10389.0
12292,2017,5,27,8,10776.0
12293,2017,5,27,9,11358.0
12294,2017,5,27,10,12016.0
12295,2017,5,27,11,12597.0
12296,2017,5,27,12,12963.0
12297,2017,5,27,13,13362.0
12298,2017,5,27,14,13534.0
12299,2017,5,27,15,13830.0
12300,2017,5,27,16,14058.0
12301,2017,5,27,17,14294.0
12302,2017,5,27,18,14386.0
12303,2017,5,27,19,14188.0
12304,2017,5,27,20,13943.0
12305,2017,5,27,21,13681.0
12306,2017,5,27,22,13652.0
12307,2017,5,27,23,12945.0
12308,2017,5,28,0,11881.0
12309,2017,5,28,1,11142.0
12310,2017,5,28,2,10569.0
12311,2017,5,28,3,10186.0
12312,2017,5,28,4,10007.0
12313,2017,5,28,5,9928.0
12314,2017,5,28,6,9934.0
12315,2017,5,28,7,9976.0
12316,2017,5,28,8,10276.0
12317,2017,5,28,9,11035.0
12318,2017,5,28,10,11812.0
12319,2017,5,28,11,12364.0
12320,2017,5,28,12,12798.0
12321,2017,5,28,13,13147.0
12322,2017,5,28,14,13490.0
12323,2017,5,28,15,13622.0
12324,2017,5,28,16,13630.0
12325,2017,5,28,17,13745.0
12326,2017,5,28,18,13791.0
12327,2017,5,28,19,13616.0
12328,2017,5,28,20,13381.0
12329,2017,5,28,21,13102.0
12330,2017,5,28,22,13097.0
12331,2017,5,28,23,12503.0
12332,2017,5,29,0,11692.0
12333,2017,5,29,1,11027.0
12334,2017,5,29,2,10568.0
12335,2017,5,29,3,10189.0
12336,2017,5,29,4,9994.0
12337,2017,5,29,5,9930.0
12338,2017,5,29,6,10015.0
12339,2017,5,29,7,9997.0
12340,2017,5,29,8,10432.0
12341,2017,5,29,9,11203.0
12342,2017,5,29,10,12111.0
12343,2017,5,29,11,12864.0
12344,2017,5,29,12,13508.0
12345,2017,5,29,13,13875.0
12346,2017,5,29,14,14097.0
12347,2017,5,29,15,14237.0
12348,2017,5,29,16,14243.0
12349,2017,5,29,17,14374.0
12350,2017,5,29,18,14475.0
12351,2017,5,29,19,14279.0
12352,2017,5,29,20,14140.0
12353,2017,5,29,21,13946.0
12354,2017,5,29,22,13970.0
12355,2017,5,29,23,13169.0
12356,2017,5,30,0,12287.0
12357,2017,5,30,1,11373.0
12358,2017,5,30,2,11026.0
12359,2017,5,30,3,10839.0
12360,2017,5,30,4,10625.0
12361,2017,5,30,5,10852.0
12362,2017,5,30,6,11478.0
12363,2017,5,30,7,12198.0
12364,2017,5,30,8,13137.0
12365,2017,5,30,9,13805.0
12366,2017,5,30,10,14436.0
12367,2017,5,30,11,15049.0
12368,2017,5,30,12,15472.0
12369,2017,5,30,13,15861.0
12370,2017,5,30,14,16217.0
12371,2017,5,30,15,16276.0
12372,2017,5,30,16,16412.0
12373,2017,5,30,17,16419.0
12374,2017,5,30,18,16351.0
12375,2017,5,30,19,16051.0
12376,2017,5,30,20,15676.0
12377,2017,5,30,21,15183.0
12378,2017,5,30,22,15111.0
12379,2017,5,30,23,13996.0
12380,2017,5,31,0,12895.0
12381,2017,5,31,1,12018.0
12382,2017,5,31,2,11436.0
12383,2017,5,31,3,11053.0
12384,2017,5,31,4,10930.0
12385,2017,5,31,5,11112.0
12386,2017,5,31,6,11652.0
12387,2017,5,31,7,12330.0
12388,2017,5,31,8,13112.0
12389,2017,5,31,9,13699.0
12390,2017,5,31,10,14097.0
12391,2017,5,31,11,14593.0
12392,2017,5,31,12,14987.0
12393,2017,5,31,13,15274.0
12394,2017,5,31,14,15636.0
12395,2017,5,31,15,15824.0
12396,2017,5,31,16,15894.0
12397,2017,5,31,17,15820.0
12398,2017,5,31,18,15831.0
12399,2017,5,31,19,15514.0
12400,2017,5,31,20,15292.0
12401,2017,5,31,21,14870.0
12402,2017,5,31,22,14789.0
12403,2017,5,31,23,13901.0
12404,2017,6,1,0,12799.0
12405,2017,6,1,1,11993.0
12406,2017,6,1,2,11403.0
12407,2017,6,1,3,11054.0
12408,2017,6,1,4,10872.0
12409,2017,6,1,5,10934.0
12410,2017,6,1,6,11471.0
12411,2017,6,1,7,12115.0
12412,2017,6,1,8,12857.0
12413,2017,6,1,9,13491.0
12414,2017,6,1,10,13982.0
12415,2017,6,1,11,14507.0
12416,2017,6,1,12,14963.0
12417,2017,6,1,13,15271.0
12418,2017,6,1,14,15615.0
12419,2017,6,1,15,15812.0
12420,2017,6,1,16,15983.0
12421,2017,6,1,17,16169.0
12422,2017,6,1,18,16134.0
12423,2017,6,1,19,15961.0
12424,2017,6,1,20,15651.0
12425,2017,6,1,21,15189.0
12426,2017,6,1,22,14982.0
12427,2017,6,1,23,13979.0
12428,2017,6,2,0,12792.0
12429,2017,6,2,1,11919.0
12430,2017,6,2,2,11311.0
12431,2017,6,2,3,11040.0
12432,2017,6,2,4,10850.0
12433,2017,6,2,5,10958.0
12434,2017,6,2,6,11494.0
12435,2017,6,2,7,12113.0
12436,2017,6,2,8,12930.0
12437,2017,6,2,9,13521.0
12438,2017,6,2,10,14081.0
12439,2017,6,2,11,14562.0
12440,2017,6,2,12,14925.0
12441,2017,6,2,13,15375.0
12442,2017,6,2,14,15600.0
12443,2017,6,2,15,15980.0
12444,2017,6,2,16,16266.0
12445,2017,6,2,17,16513.0
12446,2017,6,2,18,16524.0
12447,2017,6,2,19,16298.0
12448,2017,6,2,20,15775.0
12449,2017,6,2,21,15166.0
12450,2017,6,2,22,14807.0
12451,2017,6,2,23,13901.0
12452,2017,6,3,0,12587.0
12453,2017,6,3,1,11730.0
12454,2017,6,3,2,11071.0
12455,2017,6,3,3,10678.0
12456,2017,6,3,4,10282.0
12457,2017,6,3,5,10312.0
12458,2017,6,3,6,10470.0
12459,2017,6,3,7,10632.0
12460,2017,6,3,8,11142.0
12461,2017,6,3,9,11767.0
12462,2017,6,3,10,12501.0
12463,2017,6,3,11,13118.0
12464,2017,6,3,12,13807.0
12465,2017,6,3,13,14289.0
12466,2017,6,3,14,14661.0
12467,2017,6,3,15,15119.0
12468,2017,6,3,16,15556.0
12469,2017,6,3,17,15915.0
12470,2017,6,3,18,16133.0
12471,2017,6,3,19,15996.0
12472,2017,6,3,20,15498.0
12473,2017,6,3,21,14952.0
12474,2017,6,3,22,14652.0
12475,2017,6,3,23,13785.0
12476,2017,6,4,0,12736.0
12477,2017,6,4,1,11805.0
12478,2017,6,4,2,11060.0
12479,2017,6,4,3,10717.0
12480,2017,6,4,4,10491.0
12481,2017,6,4,5,10407.0
12482,2017,6,4,6,10381.0
12483,2017,6,4,7,10337.0
12484,2017,6,4,8,10710.0
12485,2017,6,4,9,11477.0
12486,2017,6,4,10,12360.0
12487,2017,6,4,11,13208.0
12488,2017,6,4,12,13985.0
12489,2017,6,4,13,14821.0
12490,2017,6,4,14,15435.0
12491,2017,6,4,15,15945.0
12492,2017,6,4,16,16280.0
12493,2017,6,4,17,16461.0
12494,2017,6,4,18,16376.0
12495,2017,6,4,19,16068.0
12496,2017,6,4,20,15853.0
12497,2017,6,4,21,15438.0
12498,2017,6,4,22,15280.0
12499,2017,6,4,23,14478.0
12500,2017,6,5,0,13394.0
12501,2017,6,5,1,12487.0
12502,2017,6,5,2,12145.0
12503,2017,6,5,3,11811.0
12504,2017,6,5,4,11669.0
12505,2017,6,5,5,11817.0
12506,2017,6,5,6,12360.0
12507,2017,6,5,7,13115.0
12508,2017,6,5,8,14006.0
12509,2017,6,5,9,14596.0
12510,2017,6,5,10,15176.0
12511,2017,6,5,11,15719.0
12512,2017,6,5,12,16209.0
12513,2017,6,5,13,16421.0
12514,2017,6,5,14,16932.0
12515,2017,6,5,15,16970.0
12516,2017,6,5,16,16815.0
12517,2017,6,5,17,16667.0
12518,2017,6,5,18,16270.0
12519,2017,6,5,19,16118.0
12520,2017,6,5,20,15706.0
12521,2017,6,5,21,15189.0
12522,2017,6,5,22,14949.0
12523,2017,6,5,23,14136.0
12524,2017,6,6,0,13036.0
12525,2017,6,6,1,12166.0
12526,2017,6,6,2,11692.0
12527,2017,6,6,3,11253.0
12528,2017,6,6,4,11128.0
12529,2017,6,6,5,11195.0
12530,2017,6,6,6,11625.0
12531,2017,6,6,7,12310.0
12532,2017,6,6,8,13083.0
12533,2017,6,6,9,13695.0
12534,2017,6,6,10,14124.0
12535,2017,6,6,11,14559.0
12536,2017,6,6,12,14893.0
12537,2017,6,6,13,15178.0
12538,2017,6,6,14,15401.0
12539,2017,6,6,15,15539.0
12540,2017,6,6,16,15551.0
12541,2017,6,6,17,15535.0
12542,2017,6,6,18,15368.0
12543,2017,6,6,19,15071.0
12544,2017,6,6,20,14749.0
12545,2017,6,6,21,14431.0
12546,2017,6,6,22,14374.0
12547,2017,6,6,23,13665.0
12548,2017,6,7,0,12703.0
12549,2017,6,7,1,11800.0
12550,2017,6,7,2,11335.0
12551,2017,6,7,3,11001.0
12552,2017,6,7,4,10922.0
12553,2017,6,7,5,10969.0
12554,2017,6,7,6,11526.0
12555,2017,6,7,7,12112.0
12556,2017,6,7,8,12821.0
12557,2017,6,7,9,13303.0
12558,2017,6,7,10,13588.0
12559,2017,6,7,11,13875.0
12560,2017,6,7,12,14056.0
12561,2017,6,7,13,14136.0
12562,2017,6,7,14,14324.0
12563,2017,6,7,15,14324.0
12564,2017,6,7,16,14101.0
12565,2017,6,7,17,14128.0
12566,2017,6,7,18,14016.0
12567,2017,6,7,19,13891.0
12568,2017,6,7,20,13703.0
12569,2017,6,7,21,13788.0
12570,2017,6,7,22,13880.0
12571,2017,6,7,23,13170.0
12572,2017,6,8,0,12327.0
12573,2017,6,8,1,11620.0
12574,2017,6,8,2,11223.0
12575,2017,6,8,3,10909.0
12576,2017,6,8,4,10897.0
12577,2017,6,8,5,10965.0
12578,2017,6,8,6,11581.0
12579,2017,6,8,7,12198.0
12580,2017,6,8,8,12956.0
12581,2017,6,8,9,13450.0
12582,2017,6,8,10,13786.0
12583,2017,6,8,11,14213.0
12584,2017,6,8,12,14383.0
12585,2017,6,8,13,14761.0
12586,2017,6,8,14,15016.0
12587,2017,6,8,15,15122.0
12588,2017,6,8,16,15173.0
12589,2017,6,8,17,15167.0
12590,2017,6,8,18,15093.0
12591,2017,6,8,19,14990.0
12592,2017,6,8,20,14742.0
12593,2017,6,8,21,14531.0
12594,2017,6,8,22,14480.0
12595,2017,6,8,23,13828.0
12596,2017,6,9,0,12596.0
12597,2017,6,9,1,11819.0
12598,2017,6,9,2,11233.0
12599,2017,6,9,3,10938.0
12600,2017,6,9,4,10845.0
12601,2017,6,9,5,10964.0
12602,2017,6,9,6,11433.0
12603,2017,6,9,7,12033.0
12604,2017,6,9,8,12789.0
12605,2017,6,9,9,13436.0
12606,2017,6,9,10,13948.0
12607,2017,6,9,11,14376.0
12608,2017,6,9,12,14856.0
12609,2017,6,9,13,15304.0
12610,2017,6,9,14,15644.0
12611,2017,6,9,15,15848.0
12612,2017,6,9,16,16020.0
12613,2017,6,9,17,16124.0
12614,2017,6,9,18,16185.0
12615,2017,6,9,19,15925.0
12616,2017,6,9,20,15441.0
12617,2017,6,9,21,15035.0
12618,2017,6,9,22,14830.0
12619,2017,6,9,23,14097.0
12620,2017,6,10,0,12945.0
12621,2017,6,10,1,12115.0
12622,2017,6,10,2,11353.0
12623,2017,6,10,3,11043.0
12624,2017,6,10,4,10727.0
12625,2017,6,10,5,10746.0
12626,2017,6,10,6,10910.0
12627,2017,6,10,7,10898.0
12628,2017,6,10,8,11496.0
12629,2017,6,10,9,12305.0
12630,2017,6,10,10,13150.0
12631,2017,6,10,11,13848.0
12632,2017,6,10,12,14512.0
12633,2017,6,10,13,15111.0
12634,2017,6,10,14,15553.0
12635,2017,6,10,15,16051.0
12636,2017,6,10,16,16382.0
12637,2017,6,10,17,16696.0
12638,2017,6,10,18,16944.0
12639,2017,6,10,19,16813.0
12640,2017,6,10,20,16417.0
12641,2017,6,10,21,15730.0
12642,2017,6,10,22,15307.0
12643,2017,6,10,23,14548.0
12644,2017,6,11,0,13423.0
12645,2017,6,11,1,12471.0
12646,2017,6,11,2,11645.0
12647,2017,6,11,3,11221.0
12648,2017,6,11,4,10914.0
12649,2017,6,11,5,10661.0
12650,2017,6,11,6,10651.0
12651,2017,6,11,7,10510.0
12652,2017,6,11,8,11217.0
12653,2017,6,11,9,12187.0
12654,2017,6,11,10,13274.0
12655,2017,6,11,11,14243.0
12656,2017,6,11,12,15204.0
12657,2017,6,11,13,15944.0
12658,2017,6,11,14,16537.0
12659,2017,6,11,15,17003.0
12660,2017,6,11,16,17485.0
12661,2017,6,11,17,17865.0
12662,2017,6,11,18,18110.0
12663,2017,6,11,19,18037.0
12664,2017,6,11,20,17774.0
12665,2017,6,11,21,17154.0
12666,2017,6,11,22,16828.0
12667,2017,6,11,23,15912.0
12668,2017,6,12,0,14588.0
12669,2017,6,12,1,13619.0
12670,2017,6,12,2,12864.0
12671,2017,6,12,3,12448.0
12672,2017,6,12,4,12169.0
12673,2017,6,12,5,12184.0
12674,2017,6,12,6,12642.0
12675,2017,6,12,7,13295.0
12676,2017,6,12,8,14415.0
12677,2017,6,12,9,15538.0
12678,2017,6,12,10,16498.0
12679,2017,6,12,11,17674.0
12680,2017,6,12,12,18507.0
12681,2017,6,12,13,19393.0
12682,2017,6,12,14,19964.0
12683,2017,6,12,15,20329.0
12684,2017,6,12,16,20328.0
12685,2017,6,12,17,20482.0
12686,2017,6,12,18,20471.0
12687,2017,6,12,19,20338.0
12688,2017,6,12,20,20251.0
12689,2017,6,12,21,19626.0
12690,2017,6,12,22,19220.0
12691,2017,6,12,23,18054.0
12692,2017,6,13,0,16533.0
12693,2017,6,13,1,15263.0
12694,2017,6,13,2,14351.0
12695,2017,6,13,3,13666.0
12696,2017,6,13,4,13286.0
12697,2017,6,13,5,13286.0
12698,2017,6,13,6,13639.0
12699,2017,6,13,7,14359.0
12700,2017,6,13,8,15468.0
12701,2017,6,13,9,16340.0
12702,2017,6,13,10,17360.0
12703,2017,6,13,11,18158.0
12704,2017,6,13,12,18775.0
12705,2017,6,13,13,19435.0
12706,2017,6,13,14,19679.0
12707,2017,6,13,15,19455.0
12708,2017,6,13,16,19113.0
12709,2017,6,13,17,19088.0
12710,2017,6,13,18,18796.0
12711,2017,6,13,19,18497.0
12712,2017,6,13,20,18113.0
12713,2017,6,13,21,17497.0
12714,2017,6,13,22,17184.0
12715,2017,6,13,23,16225.0
12716,2017,6,14,0,14982.0
12717,2017,6,14,1,13944.0
12718,2017,6,14,2,13216.0
12719,2017,6,14,3,12767.0
12720,2017,6,14,4,12496.0
12721,2017,6,14,5,12576.0
12722,2017,6,14,6,13043.0
12723,2017,6,14,7,13656.0
12724,2017,6,14,8,14598.0
12725,2017,6,14,9,15531.0
12726,2017,6,14,10,16319.0
12727,2017,6,14,11,17241.0
12728,2017,6,14,12,17812.0
12729,2017,6,14,13,18414.0
12730,2017,6,14,14,18955.0
12731,2017,6,14,15,19488.0
12732,2017,6,14,16,19686.0
12733,2017,6,14,17,19691.0
12734,2017,6,14,18,19544.0
12735,2017,6,14,19,19068.0
12736,2017,6,14,20,18473.0
12737,2017,6,14,21,17929.0
12738,2017,6,14,22,17554.0
12739,2017,6,14,23,16407.0
12740,2017,6,15,0,15027.0
12741,2017,6,15,1,14109.0
12742,2017,6,15,2,13322.0
12743,2017,6,15,3,12832.0
12744,2017,6,15,4,12595.0
12745,2017,6,15,5,12581.0
12746,2017,6,15,6,13096.0
12747,2017,6,15,7,13639.0
12748,2017,6,15,8,14559.0
12749,2017,6,15,9,15406.0
12750,2017,6,15,10,16264.0
12751,2017,6,15,11,17096.0
12752,2017,6,15,12,17839.0
12753,2017,6,15,13,18577.0
12754,2017,6,15,14,19375.0
12755,2017,6,15,15,19658.0
12756,2017,6,15,16,19828.0
12757,2017,6,15,17,19973.0
12758,2017,6,15,18,19844.0
12759,2017,6,15,19,19395.0
12760,2017,6,15,20,18766.0
12761,2017,6,15,21,18214.0
12762,2017,6,15,22,17712.0
12763,2017,6,15,23,16728.0
12764,2017,6,16,0,15340.0
12765,2017,6,16,1,14231.0
12766,2017,6,16,2,13350.0
12767,2017,6,16,3,12975.0
12768,2017,6,16,4,12626.0
12769,2017,6,16,5,12641.0
12770,2017,6,16,6,12983.0
12771,2017,6,16,7,13700.0
12772,2017,6,16,8,14579.0
12773,2017,6,16,9,15581.0
12774,2017,6,16,10,16406.0
12775,2017,6,16,11,17259.0
12776,2017,6,16,12,17887.0
12777,2017,6,16,13,18354.0
12778,2017,6,16,14,18845.0
12779,2017,6,16,15,19089.0
12780,2017,6,16,16,19228.0
12781,2017,6,16,17,19306.0
12782,2017,6,16,18,19262.0
12783,2017,6,16,19,18928.0
12784,2017,6,16,20,18415.0
12785,2017,6,16,21,17753.0
12786,2017,6,16,22,17349.0
12787,2017,6,16,23,16461.0
12788,2017,6,17,0,15091.0
12789,2017,6,17,1,13920.0
12790,2017,6,17,2,13042.0
12791,2017,6,17,3,12478.0
12792,2017,6,17,4,12037.0
12793,2017,6,17,5,11913.0
12794,2017,6,17,6,11991.0
12795,2017,6,17,7,12013.0
12796,2017,6,17,8,12646.0
12797,2017,6,17,9,13760.0
12798,2017,6,17,10,14881.0
12799,2017,6,17,11,16039.0
12800,2017,6,17,12,16774.0
12801,2017,6,17,13,17490.0
12802,2017,6,17,14,17989.0
12803,2017,6,17,15,18430.0
12804,2017,6,17,16,18793.0
12805,2017,6,17,17,18964.0
12806,2017,6,17,18,18999.0
12807,2017,6,17,19,18555.0
12808,2017,6,17,20,18005.0
12809,2017,6,17,21,17303.0
12810,2017,6,17,22,16942.0
12811,2017,6,17,23,16019.0
12812,2017,6,18,0,14903.0
12813,2017,6,18,1,13969.0
12814,2017,6,18,2,13191.0
12815,2017,6,18,3,12633.0
12816,2017,6,18,4,12253.0
12817,2017,6,18,5,11936.0
12818,2017,6,18,6,11927.0
12819,2017,6,18,7,11976.0
12820,2017,6,18,8,12537.0
12821,2017,6,18,9,13539.0
12822,2017,6,18,10,14535.0
12823,2017,6,18,11,15550.0
12824,2017,6,18,12,16350.0
12825,2017,6,18,13,16994.0
12826,2017,6,18,14,17359.0
12827,2017,6,18,15,17609.0
12828,2017,6,18,16,17799.0
12829,2017,6,18,17,17850.0
12830,2017,6,18,18,17812.0
12831,2017,6,18,19,17418.0
12832,2017,6,18,20,16953.0
12833,2017,6,18,21,16616.0
12834,2017,6,18,22,16250.0
12835,2017,6,18,23,15466.0
12836,2017,6,19,0,14281.0
12837,2017,6,19,1,13336.0
12838,2017,6,19,2,12741.0
12839,2017,6,19,3,12452.0
12840,2017,6,19,4,12214.0
12841,2017,6,19,5,12354.0
12842,2017,6,19,6,12860.0
12843,2017,6,19,7,13556.0
12844,2017,6,19,8,14476.0
12845,2017,6,19,9,15295.0
12846,2017,6,19,10,16009.0
12847,2017,6,19,11,16626.0
12848,2017,6,19,12,17177.0
12849,2017,6,19,13,17532.0
12850,2017,6,19,14,17896.0
12851,2017,6,19,15,17953.0
12852,2017,6,19,16,17604.0
12853,2017,6,19,17,17093.0
12854,2017,6,19,18,16747.0
12855,2017,6,19,19,16338.0
12856,2017,6,19,20,15945.0
12857,2017,6,19,21,15470.0
12858,2017,6,19,22,15191.0
12859,2017,6,19,23,14408.0
12860,2017,6,20,0,13056.0
12861,2017,6,20,1,12322.0
12862,2017,6,20,2,11744.0
12863,2017,6,20,3,11461.0
12864,2017,6,20,4,11311.0
12865,2017,6,20,5,11331.0
12866,2017,6,20,6,11794.0
12867,2017,6,20,7,12461.0
12868,2017,6,20,8,13310.0
12869,2017,6,20,9,14036.0
12870,2017,6,20,10,14728.0
12871,2017,6,20,11,15349.0
12872,2017,6,20,12,15840.0
12873,2017,6,20,13,16373.0
12874,2017,6,20,14,16847.0
12875,2017,6,20,15,17189.0
12876,2017,6,20,16,17323.0
12877,2017,6,20,17,17493.0
12878,2017,6,20,18,17489.0
12879,2017,6,20,19,17328.0
12880,2017,6,20,20,16884.0
12881,2017,6,20,21,16335.0
12882,2017,6,20,22,16085.0
12883,2017,6,20,23,15141.0
12884,2017,6,21,0,13821.0
12885,2017,6,21,1,12883.0
12886,2017,6,21,2,12164.0
12887,2017,6,21,3,11674.0
12888,2017,6,21,4,11455.0
12889,2017,6,21,5,11597.0
12890,2017,6,21,6,12014.0
12891,2017,6,21,7,12517.0
12892,2017,6,21,8,13321.0
12893,2017,6,21,9,14106.0
12894,2017,6,21,10,14895.0
12895,2017,6,21,11,15700.0
12896,2017,6,21,12,16477.0
12897,2017,6,21,13,17136.0
12898,2017,6,21,14,17666.0
12899,2017,6,21,15,18171.0
12900,2017,6,21,16,18477.0
12901,2017,6,21,17,18707.0
12902,2017,6,21,18,18837.0
12903,2017,6,21,19,18531.0
12904,2017,6,21,20,18079.0
12905,2017,6,21,21,17689.0
12906,2017,6,21,22,17219.0
12907,2017,6,21,23,16149.0
12908,2017,6,22,0,14760.0
12909,2017,6,22,1,13825.0
12910,2017,6,22,2,13142.0
12911,2017,6,22,3,12701.0
12912,2017,6,22,4,12465.0
12913,2017,6,22,5,12484.0
12914,2017,6,22,6,12890.0
12915,2017,6,22,7,13587.0
12916,2017,6,22,8,14609.0
12917,2017,6,22,9,15478.0
12918,2017,6,22,10,16250.0
12919,2017,6,22,11,17142.0
12920,2017,6,22,12,17952.0
12921,2017,6,22,13,18638.0
12922,2017,6,22,14,19130.0
12923,2017,6,22,15,19254.0
12924,2017,6,22,16,19441.0
12925,2017,6,22,17,19351.0
12926,2017,6,22,18,19219.0
12927,2017,6,22,19,18957.0
12928,2017,6,22,20,18443.0
12929,2017,6,22,21,17974.0
12930,2017,6,22,22,17762.0
12931,2017,6,22,23,16750.0
12932,2017,6,23,0,15536.0
12933,2017,6,23,1,14349.0
12934,2017,6,23,2,13732.0
12935,2017,6,23,3,13144.0
12936,2017,6,23,4,12961.0
12937,2017,6,23,5,13022.0
12938,2017,6,23,6,13462.0
12939,2017,6,23,7,14253.0
12940,2017,6,23,8,15049.0
12941,2017,6,23,9,15687.0
12942,2017,6,23,10,16209.0
12943,2017,6,23,11,16813.0
12944,2017,6,23,12,17103.0
12945,2017,6,23,13,17237.0
12946,2017,6,23,14,17469.0
12947,2017,6,23,15,17495.0
12948,2017,6,23,16,17275.0
12949,2017,6,23,17,17201.0
12950,2017,6,23,18,16877.0
12951,2017,6,23,19,16459.0
12952,2017,6,23,20,16176.0
12953,2017,6,23,21,15883.0
12954,2017,6,23,22,15577.0
12955,2017,6,23,23,14817.0
12956,2017,6,24,0,13738.0
12957,2017,6,24,1,12794.0
12958,2017,6,24,2,12101.0
12959,2017,6,24,3,11543.0
12960,2017,6,24,4,11282.0
12961,2017,6,24,5,11030.0
12962,2017,6,24,6,11268.0
12963,2017,6,24,7,11262.0
12964,2017,6,24,8,11849.0
12965,2017,6,24,9,12720.0
12966,2017,6,24,10,13536.0
12967,2017,6,24,11,14182.0
12968,2017,6,24,12,14807.0
12969,2017,6,24,13,15237.0
12970,2017,6,24,14,15537.0
12971,2017,6,24,15,15730.0
12972,2017,6,24,16,15874.0
12973,2017,6,24,17,16142.0
12974,2017,6,24,18,16188.0
12975,2017,6,24,19,16054.0
12976,2017,6,24,20,15576.0
12977,2017,6,24,21,14852.0
12978,2017,6,24,22,14467.0
12979,2017,6,24,23,13698.0
12980,2017,6,25,0,12624.0
12981,2017,6,25,1,11663.0
12982,2017,6,25,2,11144.0
12983,2017,6,25,3,10642.0
12984,2017,6,25,4,10426.0
12985,2017,6,25,5,10349.0
12986,2017,6,25,6,10360.0
12987,2017,6,25,7,10233.0
12988,2017,6,25,8,10639.0
12989,2017,6,25,9,11459.0
12990,2017,6,25,10,12148.0
12991,2017,6,25,11,12658.0
12992,2017,6,25,12,13144.0
12993,2017,6,25,13,13494.0
12994,2017,6,25,14,13733.0
12995,2017,6,25,15,13956.0
12996,2017,6,25,16,14134.0
12997,2017,6,25,17,14377.0
12998,2017,6,25,18,14525.0
12999,2017,6,25,19,14549.0
13000,2017,6,25,20,14510.0
13001,2017,6,25,21,13871.0
13002,2017,6,25,22,13726.0
13003,2017,6,25,23,13105.0
13004,2017,6,26,0,12142.0
13005,2017,6,26,1,11490.0
13006,2017,6,26,2,11080.0
13007,2017,6,26,3,10739.0
13008,2017,6,26,4,10508.0
13009,2017,6,26,5,10766.0
13010,2017,6,26,6,11323.0
13011,2017,6,26,7,11866.0
13012,2017,6,26,8,12706.0
13013,2017,6,26,9,13398.0
13014,2017,6,26,10,13958.0
13015,2017,6,26,11,14476.0
13016,2017,6,26,12,14784.0
13017,2017,6,26,13,14996.0
13018,2017,6,26,14,15313.0
13019,2017,6,26,15,15394.0
13020,2017,6,26,16,15428.0
13021,2017,6,26,17,15425.0
13022,2017,6,26,18,15350.0
13023,2017,6,26,19,15217.0
13024,2017,6,26,20,14890.0
13025,2017,6,26,21,14531.0
13026,2017,6,26,22,14567.0
13027,2017,6,26,23,13667.0
13028,2017,6,27,0,12713.0
13029,2017,6,27,1,11897.0
13030,2017,6,27,2,11293.0
13031,2017,6,27,3,11082.0
13032,2017,6,27,4,11007.0
13033,2017,6,27,5,11108.0
13034,2017,6,27,6,11553.0
13035,2017,6,27,7,12171.0
13036,2017,6,27,8,12834.0
13037,2017,6,27,9,13444.0
13038,2017,6,27,10,13897.0
13039,2017,6,27,11,14250.0
13040,2017,6,27,12,14563.0
13041,2017,6,27,13,14804.0
13042,2017,6,27,14,15097.0
13043,2017,6,27,15,15335.0
13044,2017,6,27,16,15373.0
13045,2017,6,27,17,15511.0
13046,2017,6,27,18,15589.0
13047,2017,6,27,19,15358.0
13048,2017,6,27,20,15048.0
13049,2017,6,27,21,14673.0
13050,2017,6,27,22,14606.0
13051,2017,6,27,23,13725.0
13052,2017,6,28,0,12590.0
13053,2017,6,28,1,11762.0
13054,2017,6,28,2,11306.0
13055,2017,6,28,3,11043.0
13056,2017,6,28,4,10947.0
13057,2017,6,28,5,11029.0
13058,2017,6,28,6,11517.0
13059,2017,6,28,7,12082.0
13060,2017,6,28,8,12821.0
13061,2017,6,28,9,13273.0
13062,2017,6,28,10,13873.0
13063,2017,6,28,11,14444.0
13064,2017,6,28,12,14763.0
13065,2017,6,28,13,15048.0
13066,2017,6,28,14,15397.0
13067,2017,6,28,15,15750.0
13068,2017,6,28,16,15951.0
13069,2017,6,28,17,16266.0
13070,2017,6,28,18,16429.0
13071,2017,6,28,19,16348.0
13072,2017,6,28,20,16067.0
13073,2017,6,28,21,15696.0
13074,2017,6,28,22,15524.0
13075,2017,6,28,23,14669.0
13076,2017,6,29,0,13460.0
13077,2017,6,29,1,12527.0
13078,2017,6,29,2,12056.0
13079,2017,6,29,3,11687.0
13080,2017,6,29,4,11415.0
13081,2017,6,29,5,11545.0
13082,2017,6,29,6,12005.0
13083,2017,6,29,7,12652.0
13084,2017,6,29,8,13471.0
13085,2017,6,29,9,14245.0
13086,2017,6,29,10,14992.0
13087,2017,6,29,11,16015.0
13088,2017,6,29,12,16812.0
13089,2017,6,29,13,17743.0
13090,2017,6,29,14,18422.0
13091,2017,6,29,15,18876.0
13092,2017,6,29,16,19169.0
13093,2017,6,29,17,19462.0
13094,2017,6,29,18,19466.0
13095,2017,6,29,19,19250.0
13096,2017,6,29,20,18839.0
13097,2017,6,29,21,18194.0
13098,2017,6,29,22,17891.0
13099,2017,6,29,23,16796.0
13100,2017,6,30,0,15411.0
13101,2017,6,30,1,14235.0
13102,2017,6,30,2,13501.0
13103,2017,6,30,3,12972.0
13104,2017,6,30,4,12730.0
13105,2017,6,30,5,12751.0
13106,2017,6,30,6,13123.0
13107,2017,6,30,7,13752.0
13108,2017,6,30,8,14534.0
13109,2017,6,30,9,15376.0
13110,2017,6,30,10,16267.0
13111,2017,6,30,11,17144.0
13112,2017,6,30,12,17787.0
13113,2017,6,30,13,18396.0
13114,2017,6,30,14,18987.0
13115,2017,6,30,15,19268.0
13116,2017,6,30,16,19344.0
13117,2017,6,30,17,19119.0
13118,2017,6,30,18,18837.0
13119,2017,6,30,19,18222.0
13120,2017,6,30,20,17520.0
13121,2017,6,30,21,17023.0
13122,2017,6,30,22,16779.0
13123,2017,6,30,23,15792.0
13124,2017,7,1,0,14508.0
13125,2017,7,1,1,13424.0
13126,2017,7,1,2,12732.0
13127,2017,7,1,3,12224.0
13128,2017,7,1,4,11881.0
13129,2017,7,1,5,11774.0
13130,2017,7,1,6,11824.0
13131,2017,7,1,7,11930.0
13132,2017,7,1,8,12359.0
13133,2017,7,1,9,13234.0
13134,2017,7,1,10,14080.0
13135,2017,7,1,11,15067.0
13136,2017,7,1,12,15820.0
13137,2017,7,1,13,16410.0
13138,2017,7,1,14,16842.0
13139,2017,7,1,15,17179.0
13140,2017,7,1,16,17419.0
13141,2017,7,1,17,17629.0
13142,2017,7,1,18,17613.0
13143,2017,7,1,19,17308.0
13144,2017,7,1,20,16773.0
13145,2017,7,1,21,16088.0
13146,2017,7,1,22,15675.0
13147,2017,7,1,23,14906.0
13148,2017,7,2,0,13849.0
13149,2017,7,2,1,12909.0
13150,2017,7,2,2,12110.0
13151,2017,7,2,3,11678.0
13152,2017,7,2,4,11292.0
13153,2017,7,2,5,11091.0
13154,2017,7,2,6,11116.0
13155,2017,7,2,7,10939.0
13156,2017,7,2,8,11408.0
13157,2017,7,2,9,12504.0
13158,2017,7,2,10,13670.0
13159,2017,7,2,11,14646.0
13160,2017,7,2,12,15383.0
13161,2017,7,2,13,16005.0
13162,2017,7,2,14,16546.0
13163,2017,7,2,15,16795.0
13164,2017,7,2,16,17214.0
13165,2017,7,2,17,17572.0
13166,2017,7,2,18,17743.0
13167,2017,7,2,19,17562.0
13168,2017,7,2,20,17154.0
13169,2017,7,2,21,16344.0
13170,2017,7,2,22,15792.0
13171,2017,7,2,23,14820.0
13172,2017,7,3,0,13664.0
13173,2017,7,3,1,12718.0
13174,2017,7,3,2,11954.0
13175,2017,7,3,3,11449.0
13176,2017,7,3,4,11133.0
13177,2017,7,3,5,11116.0
13178,2017,7,3,6,11391.0
13179,2017,7,3,7,11610.0
13180,2017,7,3,8,12289.0
13181,2017,7,3,9,13278.0
13182,2017,7,3,10,14312.0
13183,2017,7,3,11,15367.0
13184,2017,7,3,12,16377.0
13185,2017,7,3,13,17222.0
13186,2017,7,3,14,17963.0
13187,2017,7,3,15,18407.0
13188,2017,7,3,16,18736.0
13189,2017,7,3,17,18940.0
13190,2017,7,3,18,18837.0
13191,2017,7,3,19,18277.0
13192,2017,7,3,20,17483.0
13193,2017,7,3,21,16739.0
13194,2017,7,3,22,16304.0
13195,2017,7,3,23,15280.0
13196,2017,7,4,0,14214.0
13197,2017,7,4,1,13151.0
13198,2017,7,4,2,12253.0
13199,2017,7,4,3,11722.0
13200,2017,7,4,4,11334.0
13201,2017,7,4,5,11206.0
13202,2017,7,4,6,11261.0
13203,2017,7,4,7,11160.0
13204,2017,7,4,8,11498.0
13205,2017,7,4,9,12377.0
13206,2017,7,4,10,13376.0
13207,2017,7,4,11,14450.0
13208,2017,7,4,12,15374.0
13209,2017,7,4,13,16064.0
13210,2017,7,4,14,16505.0
13211,2017,7,4,15,16836.0
13212,2017,7,4,16,17059.0
13213,2017,7,4,17,17188.0
13214,2017,7,4,18,17225.0
13215,2017,7,4,19,16848.0
13216,2017,7,4,20,16189.0
13217,2017,7,4,21,15552.0
13218,2017,7,4,22,15128.0
13219,2017,7,4,23,14425.0
13220,2017,7,5,0,13819.0
13221,2017,7,5,1,12830.0
13222,2017,7,5,2,12090.0
13223,2017,7,5,3,11639.0
13224,2017,7,5,4,11349.0
13225,2017,7,5,5,11473.0
13226,2017,7,5,6,11777.0
13227,2017,7,5,7,12468.0
13228,2017,7,5,8,13334.0
13229,2017,7,5,9,14217.0
13230,2017,7,5,10,15087.0
13231,2017,7,5,11,15993.0
13232,2017,7,5,12,16957.0
13233,2017,7,5,13,17756.0
13234,2017,7,5,14,18436.0
13235,2017,7,5,15,18953.0
13236,2017,7,5,16,19349.0
13237,2017,7,5,17,19579.0
13238,2017,7,5,18,19451.0
13239,2017,7,5,19,19046.0
13240,2017,7,5,20,18394.0
13241,2017,7,5,21,17794.0
13242,2017,7,5,22,17299.0
13243,2017,7,5,23,16291.0
13244,2017,7,6,0,14963.0
13245,2017,7,6,1,13913.0
13246,2017,7,6,2,13232.0
13247,2017,7,6,3,12821.0
13248,2017,7,6,4,12478.0
13249,2017,7,6,5,12533.0
13250,2017,7,6,6,12946.0
13251,2017,7,6,7,13523.0
13252,2017,7,6,8,14174.0
13253,2017,7,6,9,14929.0
13254,2017,7,6,10,15524.0
13255,2017,7,6,11,16237.0
13256,2017,7,6,12,16773.0
13257,2017,7,6,13,17260.0
13258,2017,7,6,14,17712.0
13259,2017,7,6,15,17960.0
13260,2017,7,6,16,18252.0
13261,2017,7,6,17,18268.0
13262,2017,7,6,18,18232.0
13263,2017,7,6,19,17898.0
13264,2017,7,6,20,17642.0
13265,2017,7,6,21,17215.0
13266,2017,7,6,22,16874.0
13267,2017,7,6,23,16089.0
13268,2017,7,7,0,14803.0
13269,2017,7,7,1,13822.0
13270,2017,7,7,2,13084.0
13271,2017,7,7,3,12642.0
13272,2017,7,7,4,12386.0
13273,2017,7,7,5,12395.0
13274,2017,7,7,6,12849.0
13275,2017,7,7,7,13437.0
13276,2017,7,7,8,14187.0
13277,2017,7,7,9,14917.0
13278,2017,7,7,10,15793.0
13279,2017,7,7,11,16634.0
13280,2017,7,7,12,17406.0
13281,2017,7,7,13,17995.0
13282,2017,7,7,14,18408.0
13283,2017,7,7,15,17887.0
13284,2017,7,7,16,17432.0
13285,2017,7,7,17,17383.0
13286,2017,7,7,18,17234.0
13287,2017,7,7,19,16798.0
13288,2017,7,7,20,16230.0
13289,2017,7,7,21,15654.0
13290,2017,7,7,22,15329.0
13291,2017,7,7,23,14518.0
13292,2017,7,8,0,13452.0
13293,2017,7,8,1,12437.0
13294,2017,7,8,2,11811.0
13295,2017,7,8,3,11461.0
13296,2017,7,8,4,11246.0
13297,2017,7,8,5,11230.0
13298,2017,7,8,6,11287.0
13299,2017,7,8,7,11371.0
13300,2017,7,8,8,11706.0
13301,2017,7,8,9,12367.0
13302,2017,7,8,10,13227.0
13303,2017,7,8,11,13876.0
13304,2017,7,8,12,14454.0
13305,2017,7,8,13,15104.0
13306,2017,7,8,14,15506.0
13307,2017,7,8,15,15921.0
13308,2017,7,8,16,16226.0
13309,2017,7,8,17,16403.0
13310,2017,7,8,18,16370.0
13311,2017,7,8,19,16208.0
13312,2017,7,8,20,15746.0
13313,2017,7,8,21,15032.0
13314,2017,7,8,22,14606.0
13315,2017,7,8,23,13806.0
13316,2017,7,9,0,12698.0
13317,2017,7,9,1,11780.0
13318,2017,7,9,2,11185.0
13319,2017,7,9,3,10752.0
13320,2017,7,9,4,10439.0
13321,2017,7,9,5,10276.0
13322,2017,7,9,6,10312.0
13323,2017,7,9,7,10263.0
13324,2017,7,9,8,10717.0
13325,2017,7,9,9,11534.0
13326,2017,7,9,10,12416.0
13327,2017,7,9,11,13214.0
13328,2017,7,9,12,13891.0
13329,2017,7,9,13,14500.0
13330,2017,7,9,14,15035.0
13331,2017,7,9,15,15453.0
13332,2017,7,9,16,15896.0
13333,2017,7,9,17,16426.0
13334,2017,7,9,18,16767.0
13335,2017,7,9,19,16739.0
13336,2017,7,9,20,16341.0
13337,2017,7,9,21,15780.0
13338,2017,7,9,22,15403.0
13339,2017,7,9,23,14549.0
13340,2017,7,10,0,13539.0
13341,2017,7,10,1,12583.0
13342,2017,7,10,2,12020.0
13343,2017,7,10,3,11594.0
13344,2017,7,10,4,11469.0
13345,2017,7,10,5,11570.0
13346,2017,7,10,6,12161.0
13347,2017,7,10,7,12971.0
13348,2017,7,10,8,13714.0
13349,2017,7,10,9,14446.0
13350,2017,7,10,10,15060.0
13351,2017,7,10,11,15621.0
13352,2017,7,10,12,16295.0
13353,2017,7,10,13,16911.0
13354,2017,7,10,14,17592.0
13355,2017,7,10,15,18139.0
13356,2017,7,10,16,18151.0
13357,2017,7,10,17,18227.0
13358,2017,7,10,18,18183.0
13359,2017,7,10,19,18139.0
13360,2017,7,10,20,17675.0
13361,2017,7,10,21,17213.0
13362,2017,7,10,22,16869.0
13363,2017,7,10,23,15998.0
13364,2017,7,11,0,14811.0
13365,2017,7,11,1,13772.0
13366,2017,7,11,2,13100.0
13367,2017,7,11,3,12649.0
13368,2017,7,11,4,12337.0
13369,2017,7,11,5,12299.0
13370,2017,7,11,6,12858.0
13371,2017,7,11,7,13625.0
13372,2017,7,11,8,14450.0
13373,2017,7,11,9,15315.0
13374,2017,7,11,10,16098.0
13375,2017,7,11,11,17193.0
13376,2017,7,11,12,17973.0
13377,2017,7,11,13,18640.0
13378,2017,7,11,14,19204.0
13379,2017,7,11,15,19541.0
13380,2017,7,11,16,19454.0
13381,2017,7,11,17,19287.0
13382,2017,7,11,18,18986.0
13383,2017,7,11,19,18731.0
13384,2017,7,11,20,18400.0
13385,2017,7,11,21,17763.0
13386,2017,7,11,22,17519.0
13387,2017,7,11,23,16401.0
13388,2017,7,12,0,15201.0
13389,2017,7,12,1,14235.0
13390,2017,7,12,2,13558.0
13391,2017,7,12,3,13005.0
13392,2017,7,12,4,12792.0
13393,2017,7,12,5,12883.0
13394,2017,7,12,6,13353.0
13395,2017,7,12,7,14137.0
13396,2017,7,12,8,14865.0
13397,2017,7,12,9,15589.0
13398,2017,7,12,10,16413.0
13399,2017,7,12,11,17587.0
13400,2017,7,12,12,18608.0
13401,2017,7,12,13,19581.0
13402,2017,7,12,14,20148.0
13403,2017,7,12,15,20435.0
13404,2017,7,12,16,20426.0
13405,2017,7,12,17,20483.0
13406,2017,7,12,18,20313.0
13407,2017,7,12,19,20208.0
13408,2017,7,12,20,19773.0
13409,2017,7,12,21,19297.0
13410,2017,7,12,22,18986.0
13411,2017,7,12,23,17815.0
13412,2017,7,13,0,16488.0
13413,2017,7,13,1,15101.0
13414,2017,7,13,2,14408.0
13415,2017,7,13,3,14072.0
13416,2017,7,13,4,13724.0
13417,2017,7,13,5,13771.0
13418,2017,7,13,6,14223.0
13419,2017,7,13,7,14913.0
13420,2017,7,13,8,15777.0
13421,2017,7,13,9,16471.0
13422,2017,7,13,10,17228.0
13423,2017,7,13,11,17988.0
13424,2017,7,13,12,18590.0
13425,2017,7,13,13,19003.0
13426,2017,7,13,14,19274.0
13427,2017,7,13,15,19362.0
13428,2017,7,13,16,19186.0
13429,2017,7,13,17,19061.0
13430,2017,7,13,18,19093.0
13431,2017,7,13,19,19006.0
13432,2017,7,13,20,18720.0
13433,2017,7,13,21,18231.0
13434,2017,7,13,22,17952.0
13435,2017,7,13,23,17041.0
13436,2017,7,14,0,15675.0
13437,2017,7,14,1,14606.0
13438,2017,7,14,2,13879.0
13439,2017,7,14,3,13275.0
13440,2017,7,14,4,13027.0
13441,2017,7,14,5,13100.0
13442,2017,7,14,6,13600.0
13443,2017,7,14,7,14301.0
13444,2017,7,14,8,15051.0
13445,2017,7,14,9,16103.0
13446,2017,7,14,10,17030.0
13447,2017,7,14,11,18057.0
13448,2017,7,14,12,18721.0
13449,2017,7,14,13,19295.0
13450,2017,7,14,14,19804.0
13451,2017,7,14,15,20018.0
13452,2017,7,14,16,20009.0
13453,2017,7,14,17,19716.0
13454,2017,7,14,18,19479.0
13455,2017,7,14,19,18986.0
13456,2017,7,14,20,18243.0
13457,2017,7,14,21,17355.0
13458,2017,7,14,22,16974.0
13459,2017,7,14,23,16029.0
13460,2017,7,15,0,14667.0
13461,2017,7,15,1,13725.0
13462,2017,7,15,2,12830.0
13463,2017,7,15,3,12344.0
13464,2017,7,15,4,11960.0
13465,2017,7,15,5,11739.0
13466,2017,7,15,6,11835.0
13467,2017,7,15,7,11919.0
13468,2017,7,15,8,12335.0
13469,2017,7,15,9,13142.0
13470,2017,7,15,10,14163.0
13471,2017,7,15,11,15018.0
13472,2017,7,15,12,15686.0
13473,2017,7,15,13,16211.0
13474,2017,7,15,14,16628.0
13475,2017,7,15,15,17035.0
13476,2017,7,15,16,17317.0
13477,2017,7,15,17,17661.0
13478,2017,7,15,18,17864.0
13479,2017,7,15,19,17607.0
13480,2017,7,15,20,17074.0
13481,2017,7,15,21,16277.0
13482,2017,7,15,22,15820.0
13483,2017,7,15,23,14937.0
13484,2017,7,16,0,13637.0
13485,2017,7,16,1,12579.0
13486,2017,7,16,2,11850.0
13487,2017,7,16,3,11226.0
13488,2017,7,16,4,10922.0
13489,2017,7,16,5,10771.0
13490,2017,7,16,6,10802.0
13491,2017,7,16,7,10786.0
13492,2017,7,16,8,11181.0
13493,2017,7,16,9,12185.0
13494,2017,7,16,10,13211.0
13495,2017,7,16,11,14155.0
13496,2017,7,16,12,15036.0
13497,2017,7,16,13,15779.0
13498,2017,7,16,14,16552.0
13499,2017,7,16,15,17198.0
13500,2017,7,16,16,17773.0
13501,2017,7,16,17,18176.0
13502,2017,7,16,18,18450.0
13503,2017,7,16,19,18391.0
13504,2017,7,16,20,17891.0
13505,2017,7,16,21,17127.0
13506,2017,7,16,22,16786.0
13507,2017,7,16,23,15844.0
13508,2017,7,17,0,14640.0
13509,2017,7,17,1,13541.0
13510,2017,7,17,2,12876.0
13511,2017,7,17,3,12379.0
13512,2017,7,17,4,12017.0
13513,2017,7,17,5,12126.0
13514,2017,7,17,6,12698.0
13515,2017,7,17,7,13347.0
13516,2017,7,17,8,14162.0
13517,2017,7,17,9,15001.0
13518,2017,7,17,10,15852.0
13519,2017,7,17,11,16830.0
13520,2017,7,17,12,17834.0
13521,2017,7,17,13,18721.0
13522,2017,7,17,14,19376.0
13523,2017,7,17,15,19905.0
13524,2017,7,17,16,20188.0
13525,2017,7,17,17,20350.0
13526,2017,7,17,18,20410.0
13527,2017,7,17,19,20149.0
13528,2017,7,17,20,19641.0
13529,2017,7,17,21,18852.0
13530,2017,7,17,22,18341.0
13531,2017,7,17,23,17055.0
13532,2017,7,18,0,15604.0
13533,2017,7,18,1,14421.0
13534,2017,7,18,2,13573.0
13535,2017,7,18,3,12940.0
13536,2017,7,18,4,12567.0
13537,2017,7,18,5,12749.0
13538,2017,7,18,6,13069.0
13539,2017,7,18,7,13705.0
13540,2017,7,18,8,14528.0
13541,2017,7,18,9,15439.0
13542,2017,7,18,10,16566.0
13543,2017,7,18,11,17816.0
13544,2017,7,18,12,18996.0
13545,2017,7,18,13,19907.0
13546,2017,7,18,14,20686.0
13547,2017,7,18,15,20971.0
13548,2017,7,18,16,21173.0
13549,2017,7,18,17,21053.0
13550,2017,7,18,18,20952.0
13551,2017,7,18,19,20883.0
13552,2017,7,18,20,20496.0
13553,2017,7,18,21,19744.0
13554,2017,7,18,22,19320.0
13555,2017,7,18,23,17919.0
13556,2017,7,19,0,16339.0
13557,2017,7,19,1,15179.0
13558,2017,7,19,2,14214.0
13559,2017,7,19,3,13661.0
13560,2017,7,19,4,13292.0
13561,2017,7,19,5,13089.0
13562,2017,7,19,6,13531.0
13563,2017,7,19,7,14123.0
13564,2017,7,19,8,14926.0
13565,2017,7,19,9,15967.0
13566,2017,7,19,10,17061.0
13567,2017,7,19,11,18300.0
13568,2017,7,19,12,19396.0
13569,2017,7,19,13,20270.0
13570,2017,7,19,14,20943.0
13571,2017,7,19,15,21277.0
13572,2017,7,19,16,21513.0
13573,2017,7,19,17,21678.0
13574,2017,7,19,18,21430.0
13575,2017,7,19,19,21438.0
13576,2017,7,19,20,21176.0
13577,2017,7,19,21,20321.0
13578,2017,7,19,22,19780.0
13579,2017,7,19,23,18377.0
13580,2017,7,20,0,16912.0
13581,2017,7,20,1,15665.0
13582,2017,7,20,2,14834.0
13583,2017,7,20,3,14019.0
13584,2017,7,20,4,13619.0
13585,2017,7,20,5,13667.0
13586,2017,7,20,6,14061.0
13587,2017,7,20,7,14824.0
13588,2017,7,20,8,15654.0
13589,2017,7,20,9,16517.0
13590,2017,7,20,10,17478.0
13591,2017,7,20,11,18697.0
13592,2017,7,20,12,19722.0
13593,2017,7,20,13,20356.0
13594,2017,7,20,14,20878.0
13595,2017,7,20,15,20980.0
13596,2017,7,20,16,20980.0
13597,2017,7,20,17,20998.0
13598,2017,7,20,18,20963.0
13599,2017,7,20,19,20957.0
13600,2017,7,20,20,20575.0
13601,2017,7,20,21,19946.0
13602,2017,7,20,22,19616.0
13603,2017,7,20,23,18545.0
13604,2017,7,21,0,17057.0
13605,2017,7,21,1,15988.0
13606,2017,7,21,2,15161.0
13607,2017,7,21,3,14467.0
13608,2017,7,21,4,14085.0
13609,2017,7,21,5,14054.0
13610,2017,7,21,6,14583.0
13611,2017,7,21,7,15242.0
13612,2017,7,21,8,16079.0
13613,2017,7,21,9,17021.0
13614,2017,7,21,10,17721.0
13615,2017,7,21,11,18439.0
13616,2017,7,21,12,19042.0
13617,2017,7,21,13,19458.0
13618,2017,7,21,14,19979.0
13619,2017,7,21,15,19940.0
13620,2017,7,21,16,20006.0
13621,2017,7,21,17,20096.0
13622,2017,7,21,18,20115.0
13623,2017,7,21,19,20116.0
13624,2017,7,21,20,19723.0
13625,2017,7,21,21,19038.0
13626,2017,7,21,22,18646.0
13627,2017,7,21,23,17625.0
13628,2017,7,22,0,16245.0
13629,2017,7,22,1,15146.0
13630,2017,7,22,2,14218.0
13631,2017,7,22,3,13692.0
13632,2017,7,22,4,13238.0
13633,2017,7,22,5,13040.0
13634,2017,7,22,6,13174.0
13635,2017,7,22,7,13332.0
13636,2017,7,22,8,13754.0
13637,2017,7,22,9,14504.0
13638,2017,7,22,10,15433.0
13639,2017,7,22,11,16216.0
13640,2017,7,22,12,17059.0
13641,2017,7,22,13,17947.0
13642,2017,7,22,14,18294.0
13643,2017,7,22,15,18684.0
13644,2017,7,22,16,19069.0
13645,2017,7,22,17,19238.0
13646,2017,7,22,18,19344.0
13647,2017,7,22,19,19362.0
13648,2017,7,22,20,18908.0
13649,2017,7,22,21,18211.0
13650,2017,7,22,22,17836.0
13651,2017,7,22,23,16892.0
13652,2017,7,23,0,15612.0
13653,2017,7,23,1,14546.0
13654,2017,7,23,2,13776.0
13655,2017,7,23,3,13222.0
13656,2017,7,23,4,12901.0
13657,2017,7,23,5,12549.0
13658,2017,7,23,6,12535.0
13659,2017,7,23,7,12523.0
13660,2017,7,23,8,12792.0
13661,2017,7,23,9,13529.0
13662,2017,7,23,10,14242.0
13663,2017,7,23,11,15067.0
13664,2017,7,23,12,15810.0
13665,2017,7,23,13,16518.0
13666,2017,7,23,14,16992.0
13667,2017,7,23,15,17435.0
13668,2017,7,23,16,17800.0
13669,2017,7,23,17,18164.0
13670,2017,7,23,18,18308.0
13671,2017,7,23,19,18040.0
13672,2017,7,23,20,17555.0
13673,2017,7,23,21,17099.0
13674,2017,7,23,22,16803.0
13675,2017,7,23,23,15867.0
13676,2017,7,24,0,14723.0
13677,2017,7,24,1,13837.0
13678,2017,7,24,2,13158.0
13679,2017,7,24,3,12717.0
13680,2017,7,24,4,12467.0
13681,2017,7,24,5,12534.0
13682,2017,7,24,6,12960.0
13683,2017,7,24,7,13739.0
13684,2017,7,24,8,14560.0
13685,2017,7,24,9,15496.0
13686,2017,7,24,10,16324.0
13687,2017,7,24,11,17257.0
13688,2017,7,24,12,18015.0
13689,2017,7,24,13,18656.0
13690,2017,7,24,14,19295.0
13691,2017,7,24,15,19548.0
13692,2017,7,24,16,19730.0
13693,2017,7,24,17,19684.0
13694,2017,7,24,18,19464.0
13695,2017,7,24,19,18970.0
13696,2017,7,24,20,18294.0
13697,2017,7,24,21,17649.0
13698,2017,7,24,22,17187.0
13699,2017,7,24,23,15976.0
13700,2017,7,25,0,14659.0
13701,2017,7,25,1,13569.0
13702,2017,7,25,2,12822.0
13703,2017,7,25,3,12310.0
13704,2017,7,25,4,12149.0
13705,2017,7,25,5,12149.0
13706,2017,7,25,6,12546.0
13707,2017,7,25,7,13154.0
13708,2017,7,25,8,13741.0
13709,2017,7,25,9,14613.0
13710,2017,7,25,10,15135.0
13711,2017,7,25,11,15839.0
13712,2017,7,25,12,16439.0
13713,2017,7,25,13,17008.0
13714,2017,7,25,14,17521.0
13715,2017,7,25,15,17977.0
13716,2017,7,25,16,18227.0
13717,2017,7,25,17,18412.0
13718,2017,7,25,18,18480.0
13719,2017,7,25,19,18274.0
13720,2017,7,25,20,17745.0
13721,2017,7,25,21,17070.0
13722,2017,7,25,22,16687.0
13723,2017,7,25,23,15510.0
13724,2017,7,26,0,14216.0
13725,2017,7,26,1,13176.0
13726,2017,7,26,2,12440.0
13727,2017,7,26,3,11994.0
13728,2017,7,26,4,11787.0
13729,2017,7,26,5,11881.0
13730,2017,7,26,6,12247.0
13731,2017,7,26,7,12944.0
13732,2017,7,26,8,13617.0
13733,2017,7,26,9,14345.0
13734,2017,7,26,10,15008.0
13735,2017,7,26,11,15818.0
13736,2017,7,26,12,16486.0
13737,2017,7,26,13,17318.0
13738,2017,7,26,14,18115.0
13739,2017,7,26,15,18726.0
13740,2017,7,26,16,19228.0
13741,2017,7,26,17,19552.0
13742,2017,7,26,18,19673.0
13743,2017,7,26,19,19325.0
13744,2017,7,26,20,18750.0
13745,2017,7,26,21,18071.0
13746,2017,7,26,22,17738.0
13747,2017,7,26,23,16520.0
13748,2017,7,27,0,15126.0
13749,2017,7,27,1,13943.0
13750,2017,7,27,2,13267.0
13751,2017,7,27,3,12806.0
13752,2017,7,27,4,12518.0
13753,2017,7,27,5,12593.0
13754,2017,7,27,6,13113.0
13755,2017,7,27,7,13896.0
13756,2017,7,27,8,14612.0
13757,2017,7,27,9,15277.0
13758,2017,7,27,10,16143.0
13759,2017,7,27,11,17002.0
13760,2017,7,27,12,17674.0
13761,2017,7,27,13,18030.0
13762,2017,7,27,14,18506.0
13763,2017,7,27,15,18516.0
13764,2017,7,27,16,18309.0
13765,2017,7,27,17,18272.0
13766,2017,7,27,18,18079.0
13767,2017,7,27,19,17835.0
13768,2017,7,27,20,17471.0
13769,2017,7,27,21,17110.0
13770,2017,7,27,22,16960.0
13771,2017,7,27,23,16050.0
13772,2017,7,28,0,14897.0
13773,2017,7,28,1,13940.0
13774,2017,7,28,2,13160.0
13775,2017,7,28,3,12731.0
13776,2017,7,28,4,12513.0
13777,2017,7,28,5,12678.0
13778,2017,7,28,6,13051.0
13779,2017,7,28,7,13920.0
13780,2017,7,28,8,14435.0
13781,2017,7,28,9,15169.0
13782,2017,7,28,10,15767.0
13783,2017,7,28,11,16459.0
13784,2017,7,28,12,17155.0
13785,2017,7,28,13,17521.0
13786,2017,7,28,14,17926.0
13787,2017,7,28,15,18033.0
13788,2017,7,28,16,18091.0
13789,2017,7,28,17,18056.0
13790,2017,7,28,18,17938.0
13791,2017,7,28,19,17476.0
13792,2017,7,28,20,16834.0
13793,2017,7,28,21,16197.0
13794,2017,7,28,22,15899.0
13795,2017,7,28,23,14889.0
13796,2017,7,29,0,13778.0
13797,2017,7,29,1,12834.0
13798,2017,7,29,2,12150.0
13799,2017,7,29,3,11678.0
13800,2017,7,29,4,11415.0
13801,2017,7,29,5,11260.0
13802,2017,7,29,6,11348.0
13803,2017,7,29,7,11517.0
13804,2017,7,29,8,11783.0
13805,2017,7,29,9,12525.0
13806,2017,7,29,10,13030.0
13807,2017,7,29,11,13547.0
13808,2017,7,29,12,13965.0
13809,2017,7,29,13,14288.0
13810,2017,7,29,14,14496.0
13811,2017,7,29,15,14562.0
13812,2017,7,29,16,14914.0
13813,2017,7,29,17,15376.0
13814,2017,7,29,18,15584.0
13815,2017,7,29,19,15517.0
13816,2017,7,29,20,15150.0
13817,2017,7,29,21,14466.0
13818,2017,7,29,22,14250.0
13819,2017,7,29,23,13516.0
13820,2017,7,30,0,12545.0
13821,2017,7,30,1,11702.0
13822,2017,7,30,2,11069.0
13823,2017,7,30,3,10717.0
13824,2017,7,30,4,10435.0
13825,2017,7,30,5,10363.0
13826,2017,7,30,6,10469.0
13827,2017,7,30,7,10426.0
13828,2017,7,30,8,10690.0
13829,2017,7,30,9,11543.0
13830,2017,7,30,10,12402.0
13831,2017,7,30,11,13100.0
13832,2017,7,30,12,13692.0
13833,2017,7,30,13,14571.0
13834,2017,7,30,14,15212.0
13835,2017,7,30,15,15931.0
13836,2017,7,30,16,16407.0
13837,2017,7,30,17,16946.0
13838,2017,7,30,18,17206.0
13839,2017,7,30,19,17333.0
13840,2017,7,30,20,17019.0
13841,2017,7,30,21,16343.0
13842,2017,7,30,22,16061.0
13843,2017,7,30,23,14992.0
13844,2017,7,31,0,13872.0
13845,2017,7,31,1,12763.0
13846,2017,7,31,2,12090.0
13847,2017,7,31,3,11649.0
13848,2017,7,31,4,11556.0
13849,2017,7,31,5,11606.0
13850,2017,7,31,6,12209.0
13851,2017,7,31,7,12834.0
13852,2017,7,31,8,13615.0
13853,2017,7,31,9,14456.0
13854,2017,7,31,10,15370.0
13855,2017,7,31,11,16295.0
13856,2017,7,31,12,17134.0
13857,2017,7,31,13,18080.0
13858,2017,7,31,14,18830.0
13859,2017,7,31,15,19240.0
13860,2017,7,31,16,19549.0
13861,2017,7,31,17,19897.0
13862,2017,7,31,18,19992.0
13863,2017,7,31,19,19704.0
13864,2017,7,31,20,19077.0
13865,2017,7,31,21,18344.0
13866,2017,7,31,22,17759.0
13867,2017,7,31,23,16468.0
13868,2017,8,1,0,14900.0
13869,2017,8,1,1,13638.0
13870,2017,8,1,2,12897.0
13871,2017,8,1,3,12411.0
13872,2017,8,1,4,12076.0
13873,2017,8,1,5,12127.0
13874,2017,8,1,6,12586.0
13875,2017,8,1,7,13292.0
13876,2017,8,1,8,13965.0
13877,2017,8,1,9,14917.0
13878,2017,8,1,10,15830.0
13879,2017,8,1,11,16818.0
13880,2017,8,1,12,17585.0
13881,2017,8,1,13,18374.0
13882,2017,8,1,14,18920.0
13883,2017,8,1,15,19361.0
13884,2017,8,1,16,19621.0
13885,2017,8,1,17,19617.0
13886,2017,8,1,18,19463.0
13887,2017,8,1,19,19154.0
13888,2017,8,1,20,18500.0
13889,2017,8,1,21,17964.0
13890,2017,8,1,22,17493.0
13891,2017,8,1,23,16304.0
13892,2017,8,2,0,14868.0
13893,2017,8,2,1,13893.0
13894,2017,8,2,2,13103.0
13895,2017,8,2,3,12638.0
13896,2017,8,2,4,12210.0
13897,2017,8,2,5,12283.0
13898,2017,8,2,6,12708.0
13899,2017,8,2,7,13459.0
13900,2017,8,2,8,13982.0
13901,2017,8,2,9,14853.0
13902,2017,8,2,10,15683.0
13903,2017,8,2,11,16785.0
13904,2017,8,2,12,17618.0
13905,2017,8,2,13,18576.0
13906,2017,8,2,14,19347.0
13907,2017,8,2,15,19797.0
13908,2017,8,2,16,19921.0
13909,2017,8,2,17,19749.0
13910,2017,8,2,18,19585.0
13911,2017,8,2,19,19151.0
13912,2017,8,2,20,18495.0
13913,2017,8,2,21,17771.0
13914,2017,8,2,22,17220.0
13915,2017,8,2,23,16100.0
13916,2017,8,3,0,14812.0
13917,2017,8,3,1,13682.0
13918,2017,8,3,2,12841.0
13919,2017,8,3,3,12443.0
13920,2017,8,3,4,12213.0
13921,2017,8,3,5,12286.0
13922,2017,8,3,6,12714.0
13923,2017,8,3,7,13486.0
13924,2017,8,3,8,14240.0
13925,2017,8,3,9,14951.0
13926,2017,8,3,10,15980.0
13927,2017,8,3,11,16930.0
13928,2017,8,3,12,17963.0
13929,2017,8,3,13,18847.0
13930,2017,8,3,14,19693.0
13931,2017,8,3,15,20041.0
13932,2017,8,3,16,20092.0
13933,2017,8,3,17,20036.0
13934,2017,8,3,18,19801.0
13935,2017,8,3,19,19329.0
13936,2017,8,3,20,18705.0
13937,2017,8,3,21,18108.0
13938,2017,8,3,22,17544.0
13939,2017,8,3,23,16262.0
13940,2017,8,4,0,15045.0
13941,2017,8,4,1,13940.0
13942,2017,8,4,2,13230.0
13943,2017,8,4,3,12624.0
13944,2017,8,4,4,12410.0
13945,2017,8,4,5,12539.0
13946,2017,8,4,6,12997.0
13947,2017,8,4,7,13737.0
13948,2017,8,4,8,14356.0
13949,2017,8,4,9,15132.0
13950,2017,8,4,10,15815.0
13951,2017,8,4,11,16415.0
13952,2017,8,4,12,17020.0
13953,2017,8,4,13,17431.0
13954,2017,8,4,14,17607.0
13955,2017,8,4,15,17608.0
13956,2017,8,4,16,17323.0
13957,2017,8,4,17,17096.0
13958,2017,8,4,18,16794.0
13959,2017,8,4,19,16253.0
13960,2017,8,4,20,15625.0
13961,2017,8,4,21,15087.0
13962,2017,8,4,22,14657.0
13963,2017,8,4,23,13866.0
13964,2017,8,5,0,12732.0
13965,2017,8,5,1,11870.0
13966,2017,8,5,2,11339.0
13967,2017,8,5,3,10838.0
13968,2017,8,5,4,10639.0
13969,2017,8,5,5,10637.0
13970,2017,8,5,6,10795.0
13971,2017,8,5,7,10906.0
13972,2017,8,5,8,11201.0
13973,2017,8,5,9,11930.0
13974,2017,8,5,10,12620.0
13975,2017,8,5,11,13131.0
13976,2017,8,5,12,13508.0
13977,2017,8,5,13,13864.0
13978,2017,8,5,14,14088.0
13979,2017,8,5,15,14389.0
13980,2017,8,5,16,14661.0
13981,2017,8,5,17,15080.0
13982,2017,8,5,18,15180.0
13983,2017,8,5,19,14924.0
13984,2017,8,5,20,14400.0
13985,2017,8,5,21,14006.0
13986,2017,8,5,22,13855.0
13987,2017,8,5,23,12977.0
13988,2017,8,6,0,12181.0
13989,2017,8,6,1,11255.0
13990,2017,8,6,2,10746.0
13991,2017,8,6,3,10503.0
13992,2017,8,6,4,10231.0
13993,2017,8,6,5,10214.0
13994,2017,8,6,6,10267.0
13995,2017,8,6,7,10341.0
13996,2017,8,6,8,10611.0
13997,2017,8,6,9,11208.0
13998,2017,8,6,10,11750.0
13999,2017,8,6,11,12276.0
14000,2017,8,6,12,12732.0
14001,2017,8,6,13,13239.0
14002,2017,8,6,14,13621.0
14003,2017,8,6,15,13963.0
14004,2017,8,6,16,14139.0
14005,2017,8,6,17,14264.0
14006,2017,8,6,18,14330.0
14007,2017,8,6,19,14301.0
14008,2017,8,6,20,14115.0
14009,2017,8,6,21,14114.0
14010,2017,8,6,22,13991.0
14011,2017,8,6,23,13345.0
14012,2017,8,7,0,12477.0
14013,2017,8,7,1,11912.0
14014,2017,8,7,2,11497.0
14015,2017,8,7,3,11301.0
14016,2017,8,7,4,11215.0
14017,2017,8,7,5,11456.0
14018,2017,8,7,6,11984.0
14019,2017,8,7,7,12966.0
14020,2017,8,7,8,13566.0
14021,2017,8,7,9,13951.0
14022,2017,8,7,10,14427.0
14023,2017,8,7,11,14909.0
14024,2017,8,7,12,15285.0
14025,2017,8,7,13,15622.0
14026,2017,8,7,14,15979.0
14027,2017,8,7,15,16126.0
14028,2017,8,7,16,16245.0
14029,2017,8,7,17,16196.0
14030,2017,8,7,18,16176.0
14031,2017,8,7,19,16023.0
14032,2017,8,7,20,15749.0
14033,2017,8,7,21,15534.0
14034,2017,8,7,22,15324.0
14035,2017,8,7,23,14390.0
14036,2017,8,8,0,13335.0
14037,2017,8,8,1,12550.0
14038,2017,8,8,2,11990.0
14039,2017,8,8,3,11744.0
14040,2017,8,8,4,11473.0
14041,2017,8,8,5,11594.0
14042,2017,8,8,6,12122.0
14043,2017,8,8,7,12864.0
14044,2017,8,8,8,13448.0
14045,2017,8,8,9,14044.0
14046,2017,8,8,10,14547.0
14047,2017,8,8,11,15226.0
14048,2017,8,8,12,15654.0
14049,2017,8,8,13,16073.0
14050,2017,8,8,14,16730.0
14051,2017,8,8,15,16997.0
14052,2017,8,8,16,17358.0
14053,2017,8,8,17,17537.0
14054,2017,8,8,18,17585.0
14055,2017,8,8,19,17512.0
14056,2017,8,8,20,16818.0
14057,2017,8,8,21,16325.0
14058,2017,8,8,22,15886.0
14059,2017,8,8,23,14638.0
14060,2017,8,9,0,13399.0
14061,2017,8,9,1,12463.0
14062,2017,8,9,2,11866.0
14063,2017,8,9,3,11500.0
14064,2017,8,9,4,11259.0
14065,2017,8,9,5,11439.0
14066,2017,8,9,6,11841.0
14067,2017,8,9,7,12679.0
14068,2017,8,9,8,13188.0
14069,2017,8,9,9,13725.0
14070,2017,8,9,10,14356.0
14071,2017,8,9,11,15157.0
14072,2017,8,9,12,15795.0
14073,2017,8,9,13,16469.0
14074,2017,8,9,14,17175.0
14075,2017,8,9,15,17625.0
14076,2017,8,9,16,18047.0
14077,2017,8,9,17,18322.0
14078,2017,8,9,18,18392.0
14079,2017,8,9,19,18171.0
14080,2017,8,9,20,17463.0
14081,2017,8,9,21,16880.0
14082,2017,8,9,22,16420.0
14083,2017,8,9,23,15175.0
14084,2017,8,10,0,13847.0
14085,2017,8,10,1,12831.0
14086,2017,8,10,2,12198.0
14087,2017,8,10,3,11740.0
14088,2017,8,10,4,11543.0
14089,2017,8,10,5,11567.0
14090,2017,8,10,6,12168.0
14091,2017,8,10,7,13006.0
14092,2017,8,10,8,13523.0
14093,2017,8,10,9,14145.0
14094,2017,8,10,10,14832.0
14095,2017,8,10,11,15575.0
14096,2017,8,10,12,16128.0
14097,2017,8,10,13,16636.0
14098,2017,8,10,14,17078.0
14099,2017,8,10,15,17385.0
14100,2017,8,10,16,17378.0
14101,2017,8,10,17,17589.0
14102,2017,8,10,18,17629.0
14103,2017,8,10,19,17436.0
14104,2017,8,10,20,17046.0
14105,2017,8,10,21,16801.0
14106,2017,8,10,22,16529.0
14107,2017,8,10,23,15353.0
14108,2017,8,11,0,14213.0
14109,2017,8,11,1,13232.0
14110,2017,8,11,2,12597.0
14111,2017,8,11,3,12199.0
14112,2017,8,11,4,12066.0
14113,2017,8,11,5,12187.0
14114,2017,8,11,6,12625.0
14115,2017,8,11,7,13620.0
14116,2017,8,11,8,14141.0
14117,2017,8,11,9,14814.0
14118,2017,8,11,10,15376.0
14119,2017,8,11,11,16211.0
14120,2017,8,11,12,16953.0
14121,2017,8,11,13,17617.0
14122,2017,8,11,14,18135.0
14123,2017,8,11,15,18304.0
14124,2017,8,11,16,18119.0
14125,2017,8,11,17,17825.0
14126,2017,8,11,18,17551.0
14127,2017,8,11,19,17046.0
14128,2017,8,11,20,16377.0
14129,2017,8,11,21,16157.0
14130,2017,8,11,22,15918.0
14131,2017,8,11,23,14869.0
14132,2017,8,12,0,13806.0
14133,2017,8,12,1,12794.0
14134,2017,8,12,2,12206.0
14135,2017,8,12,3,11783.0
14136,2017,8,12,4,11465.0
14137,2017,8,12,5,11461.0
14138,2017,8,12,6,11563.0
14139,2017,8,12,7,11803.0
14140,2017,8,12,8,12081.0
14141,2017,8,12,9,12800.0
14142,2017,8,12,10,13693.0
14143,2017,8,12,11,14398.0
14144,2017,8,12,12,15047.0
14145,2017,8,12,13,15620.0
14146,2017,8,12,14,16055.0
14147,2017,8,12,15,16290.0
14148,2017,8,12,16,16430.0
14149,2017,8,12,17,16591.0
14150,2017,8,12,18,16553.0
14151,2017,8,12,19,16277.0
14152,2017,8,12,20,15753.0
14153,2017,8,12,21,15200.0
14154,2017,8,12,22,14841.0
14155,2017,8,12,23,13926.0
14156,2017,8,13,0,12862.0
14157,2017,8,13,1,12039.0
14158,2017,8,13,2,11367.0
14159,2017,8,13,3,10957.0
14160,2017,8,13,4,10778.0
14161,2017,8,13,5,10669.0
14162,2017,8,13,6,10627.0
14163,2017,8,13,7,10702.0
14164,2017,8,13,8,11017.0
14165,2017,8,13,9,11713.0
14166,2017,8,13,10,12546.0
14167,2017,8,13,11,13266.0
14168,2017,8,13,12,13987.0
14169,2017,8,13,13,14719.0
14170,2017,8,13,14,15342.0
14171,2017,8,13,15,15803.0
14172,2017,8,13,16,16183.0
14173,2017,8,13,17,16664.0
14174,2017,8,13,18,16869.0
14175,2017,8,13,19,16717.0
14176,2017,8,13,20,16200.0
14177,2017,8,13,21,15875.0
14178,2017,8,13,22,15472.0
14179,2017,8,13,23,14427.0
14180,2017,8,14,0,13463.0
14181,2017,8,14,1,12627.0
14182,2017,8,14,2,12118.0
14183,2017,8,14,3,11721.0
14184,2017,8,14,4,11485.0
14185,2017,8,14,5,11703.0
14186,2017,8,14,6,12183.0
14187,2017,8,14,7,13257.0
14188,2017,8,14,8,13922.0
14189,2017,8,14,9,14577.0
14190,2017,8,14,10,15063.0
14191,2017,8,14,11,15712.0
14192,2017,8,14,12,16440.0
14193,2017,8,14,13,17087.0
14194,2017,8,14,14,17749.0
14195,2017,8,14,15,18215.0
14196,2017,8,14,16,18429.0
14197,2017,8,14,17,18620.0
14198,2017,8,14,18,18706.0
14199,2017,8,14,19,18414.0
14200,2017,8,14,20,17869.0
14201,2017,8,14,21,17722.0
14202,2017,8,14,22,17288.0
14203,2017,8,14,23,16045.0
14204,2017,8,15,0,14734.0
14205,2017,8,15,1,13767.0
14206,2017,8,15,2,13138.0
14207,2017,8,15,3,12718.0
14208,2017,8,15,4,12511.0
14209,2017,8,15,5,12570.0
14210,2017,8,15,6,13086.0
14211,2017,8,15,7,14052.0
14212,2017,8,15,8,14501.0
14213,2017,8,15,9,15185.0
14214,2017,8,15,10,16024.0
14215,2017,8,15,11,17005.0
14216,2017,8,15,12,17751.0
14217,2017,8,15,13,18463.0
14218,2017,8,15,14,19148.0
14219,2017,8,15,15,19377.0
14220,2017,8,15,16,19491.0
14221,2017,8,15,17,19986.0
14222,2017,8,15,18,20221.0
14223,2017,8,15,19,19979.0
14224,2017,8,15,20,19443.0
14225,2017,8,15,21,18914.0
14226,2017,8,15,22,18291.0
14227,2017,8,15,23,16774.0
14228,2017,8,16,0,15396.0
14229,2017,8,16,1,14210.0
14230,2017,8,16,2,13315.0
14231,2017,8,16,3,12880.0
14232,2017,8,16,4,12463.0
14233,2017,8,16,5,12571.0
14234,2017,8,16,6,13010.0
14235,2017,8,16,7,13958.0
14236,2017,8,16,8,14423.0
14237,2017,8,16,9,15135.0
14238,2017,8,16,10,16090.0
14239,2017,8,16,11,17211.0
14240,2017,8,16,12,18210.0
14241,2017,8,16,13,19054.0
14242,2017,8,16,14,19918.0
14243,2017,8,16,15,20464.0
14244,2017,8,16,16,20809.0
14245,2017,8,16,17,20945.0
14246,2017,8,16,18,20822.0
14247,2017,8,16,19,20483.0
14248,2017,8,16,20,20043.0
14249,2017,8,16,21,19517.0
14250,2017,8,16,22,18931.0
14251,2017,8,16,23,17520.0
14252,2017,8,17,0,16075.0
14253,2017,8,17,1,14877.0
14254,2017,8,17,2,13997.0
14255,2017,8,17,3,13478.0
14256,2017,8,17,4,13228.0
14257,2017,8,17,5,13286.0
14258,2017,8,17,6,13746.0
14259,2017,8,17,7,14842.0
14260,2017,8,17,8,15508.0
14261,2017,8,17,9,16290.0
14262,2017,8,17,10,17077.0
14263,2017,8,17,11,18175.0
14264,2017,8,17,12,19150.0
14265,2017,8,17,13,19981.0
14266,2017,8,17,14,20685.0
14267,2017,8,17,15,20918.0
14268,2017,8,17,16,20760.0
14269,2017,8,17,17,20795.0
14270,2017,8,17,18,20452.0
14271,2017,8,17,19,19983.0
14272,2017,8,17,20,19288.0
14273,2017,8,17,21,18945.0
14274,2017,8,17,22,18470.0
14275,2017,8,17,23,17203.0
14276,2017,8,18,0,15850.0
14277,2017,8,18,1,14910.0
14278,2017,8,18,2,14131.0
14279,2017,8,18,3,13650.0
14280,2017,8,18,4,13353.0
14281,2017,8,18,5,13355.0
14282,2017,8,18,6,13976.0
14283,2017,8,18,7,15138.0
14284,2017,8,18,8,15654.0
14285,2017,8,18,9,16351.0
14286,2017,8,18,10,17107.0
14287,2017,8,18,11,17947.0
14288,2017,8,18,12,18474.0
14289,2017,8,18,13,18921.0
14290,2017,8,18,14,19519.0
14291,2017,8,18,15,19801.0
14292,2017,8,18,16,19847.0
14293,2017,8,18,17,19765.0
14294,2017,8,18,18,19524.0
14295,2017,8,18,19,18980.0
14296,2017,8,18,20,18179.0
14297,2017,8,18,21,17481.0
14298,2017,8,18,22,16964.0
14299,2017,8,18,23,15695.0
14300,2017,8,19,0,14457.0
14301,2017,8,19,1,13355.0
14302,2017,8,19,2,12667.0
14303,2017,8,19,3,12149.0
14304,2017,8,19,4,11769.0
14305,2017,8,19,5,11612.0
14306,2017,8,19,6,11721.0
14307,2017,8,19,7,11989.0
14308,2017,8,19,8,12133.0
14309,2017,8,19,9,13071.0
14310,2017,8,19,10,14042.0
14311,2017,8,19,11,15121.0
14312,2017,8,19,12,15996.0
14313,2017,8,19,13,16848.0
14314,2017,8,19,14,17440.0
14315,2017,8,19,15,17904.0
14316,2017,8,19,16,18133.0
14317,2017,8,19,17,18293.0
14318,2017,8,19,18,18224.0
14319,2017,8,19,19,17879.0
14320,2017,8,19,20,17082.0
14321,2017,8,19,21,16464.0
14322,2017,8,19,22,15916.0
14323,2017,8,19,23,14800.0
14324,2017,8,20,0,13544.0
14325,2017,8,20,1,12503.0
14326,2017,8,20,2,11949.0
14327,2017,8,20,3,11468.0
14328,2017,8,20,4,11159.0
14329,2017,8,20,5,10903.0
14330,2017,8,20,6,10987.0
14331,2017,8,20,7,11160.0
14332,2017,8,20,8,11314.0
14333,2017,8,20,9,12250.0
14334,2017,8,20,10,13353.0
14335,2017,8,20,11,14414.0
14336,2017,8,20,12,15501.0
14337,2017,8,20,13,16574.0
14338,2017,8,20,14,17491.0
14339,2017,8,20,15,18094.0
14340,2017,8,20,16,18635.0
14341,2017,8,20,17,19069.0
14342,2017,8,20,18,19249.0
14343,2017,8,20,19,19118.0
14344,2017,8,20,20,18559.0
14345,2017,8,20,21,18218.0
14346,2017,8,20,22,17667.0
14347,2017,8,20,23,16385.0
14348,2017,8,21,0,15049.0
14349,2017,8,21,1,14085.0
14350,2017,8,21,2,13379.0
14351,2017,8,21,3,12951.0
14352,2017,8,21,4,12767.0
14353,2017,8,21,5,12838.0
14354,2017,8,21,6,13439.0
14355,2017,8,21,7,14513.0
14356,2017,8,21,8,15227.0
14357,2017,8,21,9,15949.0
14358,2017,8,21,10,17046.0
14359,2017,8,21,11,18274.0
14360,2017,8,21,12,19486.0
14361,2017,8,21,13,20403.0
14362,2017,8,21,14,21035.0
14363,2017,8,21,15,20089.0
14364,2017,8,21,16,20216.0
14365,2017,8,21,17,20785.0
14366,2017,8,21,18,20893.0
14367,2017,8,21,19,20626.0
14368,2017,8,21,20,19957.0
14369,2017,8,21,21,19714.0
14370,2017,8,21,22,18885.0
14371,2017,8,21,23,17478.0
14372,2017,8,22,0,15959.0
14373,2017,8,22,1,14823.0
14374,2017,8,22,2,14168.0
14375,2017,8,22,3,13579.0
14376,2017,8,22,4,13405.0
14377,2017,8,22,5,13462.0
14378,2017,8,22,6,14012.0
14379,2017,8,22,7,15147.0
14380,2017,8,22,8,15745.0
14381,2017,8,22,9,16317.0
14382,2017,8,22,10,17164.0
14383,2017,8,22,11,18105.0
14384,2017,8,22,12,18904.0
14385,2017,8,22,13,19552.0
14386,2017,8,22,14,19775.0
14387,2017,8,22,15,19839.0
14388,2017,8,22,16,19464.0
14389,2017,8,22,17,19363.0
14390,2017,8,22,18,19316.0
14391,2017,8,22,19,18995.0
14392,2017,8,22,20,18415.0
14393,2017,8,22,21,18194.0
14394,2017,8,22,22,17582.0
14395,2017,8,22,23,16062.0
14396,2017,8,23,0,14515.0
14397,2017,8,23,1,13727.0
14398,2017,8,23,2,13067.0
14399,2017,8,23,3,12632.0
14400,2017,8,23,4,12236.0
14401,2017,8,23,5,12336.0
14402,2017,8,23,6,12930.0
14403,2017,8,23,7,13918.0
14404,2017,8,23,8,14400.0
14405,2017,8,23,9,14840.0
14406,2017,8,23,10,15376.0
14407,2017,8,23,11,16032.0
14408,2017,8,23,12,16610.0
14409,2017,8,23,13,17006.0
14410,2017,8,23,14,17461.0
14411,2017,8,23,15,17688.0
14412,2017,8,23,16,17822.0
14413,2017,8,23,17,18046.0
14414,2017,8,23,18,17856.0
14415,2017,8,23,19,17546.0
14416,2017,8,23,20,16912.0
14417,2017,8,23,21,16627.0
14418,2017,8,23,22,16028.0
14419,2017,8,23,23,14647.0
14420,2017,8,24,0,13485.0
14421,2017,8,24,1,12469.0
14422,2017,8,24,2,11943.0
14423,2017,8,24,3,11657.0
14424,2017,8,24,4,11439.0
14425,2017,8,24,5,11558.0
14426,2017,8,24,6,12191.0
14427,2017,8,24,7,13315.0
14428,2017,8,24,8,13701.0
14429,2017,8,24,9,14124.0
14430,2017,8,24,10,14550.0
14431,2017,8,24,11,15071.0
14432,2017,8,24,12,15362.0
14433,2017,8,24,13,15870.0
14434,2017,8,24,14,16191.0
14435,2017,8,24,15,16150.0
14436,2017,8,24,16,16317.0
14437,2017,8,24,17,16375.0
14438,2017,8,24,18,16236.0
14439,2017,8,24,19,15903.0
14440,2017,8,24,20,15488.0
14441,2017,8,24,21,15426.0
14442,2017,8,24,22,14945.0
14443,2017,8,24,23,13942.0
14444,2017,8,25,0,12712.0
14445,2017,8,25,1,11938.0
14446,2017,8,25,2,11583.0
14447,2017,8,25,3,11295.0
14448,2017,8,25,4,11060.0
14449,2017,8,25,5,11206.0
14450,2017,8,25,6,11693.0
14451,2017,8,25,7,12910.0
14452,2017,8,25,8,13211.0
14453,2017,8,25,9,13765.0
14454,2017,8,25,10,14175.0
14455,2017,8,25,11,14634.0
14456,2017,8,25,12,14957.0
14457,2017,8,25,13,15309.0
14458,2017,8,25,14,15514.0
14459,2017,8,25,15,15730.0
14460,2017,8,25,16,15875.0
14461,2017,8,25,17,15968.0
14462,2017,8,25,18,15806.0
14463,2017,8,25,19,15292.0
14464,2017,8,25,20,14714.0
14465,2017,8,25,21,14608.0
14466,2017,8,25,22,14310.0
14467,2017,8,25,23,13449.0
14468,2017,8,26,0,12414.0
14469,2017,8,26,1,11645.0
14470,2017,8,26,2,11149.0
14471,2017,8,26,3,10858.0
14472,2017,8,26,4,10653.0
14473,2017,8,26,5,10576.0
14474,2017,8,26,6,10818.0
14475,2017,8,26,7,11091.0
14476,2017,8,26,8,11188.0
14477,2017,8,26,9,11773.0
14478,2017,8,26,10,12580.0
14479,2017,8,26,11,13025.0
14480,2017,8,26,12,13360.0
14481,2017,8,26,13,13617.0
14482,2017,8,26,14,13998.0
14483,2017,8,26,15,14361.0
14484,2017,8,26,16,14618.0
14485,2017,8,26,17,14920.0
14486,2017,8,26,18,15026.0
14487,2017,8,26,19,14756.0
14488,2017,8,26,20,14232.0
14489,2017,8,26,21,14065.0
14490,2017,8,26,22,13678.0
14491,2017,8,26,23,12786.0
14492,2017,8,27,0,11972.0
14493,2017,8,27,1,11339.0
14494,2017,8,27,2,10899.0
14495,2017,8,27,3,10580.0
14496,2017,8,27,4,10345.0
14497,2017,8,27,5,10267.0
14498,2017,8,27,6,10344.0
14499,2017,8,27,7,10571.0
14500,2017,8,27,8,10622.0
14501,2017,8,27,9,11243.0
14502,2017,8,27,10,11833.0
14503,2017,8,27,11,12361.0
14504,2017,8,27,12,12872.0
14505,2017,8,27,13,13456.0
14506,2017,8,27,14,13906.0
14507,2017,8,27,15,14317.0
14508,2017,8,27,16,14753.0
14509,2017,8,27,17,15217.0
14510,2017,8,27,18,15535.0
14511,2017,8,27,19,15412.0
14512,2017,8,27,20,15084.0
14513,2017,8,27,21,15155.0
14514,2017,8,27,22,14775.0
14515,2017,8,27,23,13791.0
14516,2017,8,28,0,12830.0
14517,2017,8,28,1,11989.0
14518,2017,8,28,2,11507.0
14519,2017,8,28,3,11305.0
14520,2017,8,28,4,11275.0
14521,2017,8,28,5,11403.0
14522,2017,8,28,6,12168.0
14523,2017,8,28,7,13381.0
14524,2017,8,28,8,14030.0
14525,2017,8,28,9,14318.0
14526,2017,8,28,10,14620.0
14527,2017,8,28,11,15133.0
14528,2017,8,28,12,15549.0
14529,2017,8,28,13,15870.0
14530,2017,8,28,14,16210.0
14531,2017,8,28,15,16332.0
14532,2017,8,28,16,16262.0
14533,2017,8,28,17,16163.0
14534,2017,8,28,18,16082.0
14535,2017,8,28,19,15802.0
14536,2017,8,28,20,15677.0
14537,2017,8,28,21,15866.0
14538,2017,8,28,22,15323.0
14539,2017,8,28,23,14252.0
14540,2017,8,29,0,13284.0
14541,2017,8,29,1,12495.0
14542,2017,8,29,2,12009.0
14543,2017,8,29,3,11762.0
14544,2017,8,29,4,11666.0
14545,2017,8,29,5,11737.0
14546,2017,8,29,6,12296.0
14547,2017,8,29,7,13538.0
14548,2017,8,29,8,14056.0
14549,2017,8,29,9,14231.0
14550,2017,8,29,10,14588.0
14551,2017,8,29,11,15146.0
14552,2017,8,29,12,15435.0
14553,2017,8,29,13,15837.0
14554,2017,8,29,14,16255.0
14555,2017,8,29,15,16579.0
14556,2017,8,29,16,16761.0
14557,2017,8,29,17,16925.0
14558,2017,8,29,18,16897.0
14559,2017,8,29,19,16706.0
14560,2017,8,29,20,16263.0
14561,2017,8,29,21,16361.0
14562,2017,8,29,22,15769.0
14563,2017,8,29,23,14558.0
14564,2017,8,30,0,13401.0
14565,2017,8,30,1,12494.0
14566,2017,8,30,2,11949.0
14567,2017,8,30,3,11619.0
14568,2017,8,30,4,11489.0
14569,2017,8,30,5,11583.0
14570,2017,8,30,6,12164.0
14571,2017,8,30,7,13347.0
14572,2017,8,30,8,13796.0
14573,2017,8,30,9,14034.0
14574,2017,8,30,10,14433.0
14575,2017,8,30,11,14974.0
14576,2017,8,30,12,15516.0
14577,2017,8,30,13,16086.0
14578,2017,8,30,14,16733.0
14579,2017,8,30,15,17175.0
14580,2017,8,30,16,17491.0
14581,2017,8,30,17,17757.0
14582,2017,8,30,18,17772.0
14583,2017,8,30,19,17415.0
14584,2017,8,30,20,17069.0
14585,2017,8,30,21,16891.0
14586,2017,8,30,22,16387.0
14587,2017,8,30,23,14982.0
14588,2017,8,31,0,13754.0
14589,2017,8,31,1,12791.0
14590,2017,8,31,2,12232.0
14591,2017,8,31,3,11875.0
14592,2017,8,31,4,11655.0
14593,2017,8,31,5,11698.0
14594,2017,8,31,6,12394.0
14595,2017,8,31,7,13497.0
14596,2017,8,31,8,14019.0
14597,2017,8,31,9,14337.0
14598,2017,8,31,10,14716.0
14599,2017,8,31,11,15365.0
14600,2017,8,31,12,15800.0
14601,2017,8,31,13,16330.0
14602,2017,8,31,14,16600.0
14603,2017,8,31,15,16882.0
14604,2017,8,31,16,16928.0
14605,2017,8,31,17,16934.0
14606,2017,8,31,18,16788.0
14607,2017,8,31,19,16398.0
14608,2017,8,31,20,16038.0
14609,2017,8,31,21,16062.0
14610,2017,8,31,22,15423.0
14611,2017,8,31,23,14242.0
14612,2017,9,1,0,13214.0
14613,2017,9,1,1,12372.0
14614,2017,9,1,2,11819.0
14615,2017,9,1,3,11506.0
14616,2017,9,1,4,11437.0
14617,2017,9,1,5,11493.0
14618,2017,9,1,6,12034.0
14619,2017,9,1,7,13150.0
14620,2017,9,1,8,13524.0
14621,2017,9,1,9,13826.0
14622,2017,9,1,10,14040.0
14623,2017,9,1,11,14233.0
14624,2017,9,1,12,14230.0
14625,2017,9,1,13,14338.0
14626,2017,9,1,14,14314.0
14627,2017,9,1,15,14058.0
14628,2017,9,1,16,13888.0
14629,2017,9,1,17,13796.0
14630,2017,9,1,18,13663.0
14631,2017,9,1,19,13432.0
14632,2017,9,1,20,13271.0
14633,2017,9,1,21,13503.0
14634,2017,9,1,22,13255.0
14635,2017,9,1,23,12512.0
14636,2017,9,2,0,11676.0
14637,2017,9,2,1,10974.0
14638,2017,9,2,2,10545.0
14639,2017,9,2,3,10309.0
14640,2017,9,2,4,10212.0
14641,2017,9,2,5,10162.0
14642,2017,9,2,6,10369.0
14643,2017,9,2,7,10709.0
14644,2017,9,2,8,10832.0
14645,2017,9,2,9,11294.0
14646,2017,9,2,10,11780.0
14647,2017,9,2,11,12123.0
14648,2017,9,2,12,12229.0
14649,2017,9,2,13,12274.0
14650,2017,9,2,14,12302.0
14651,2017,9,2,15,12260.0
14652,2017,9,2,16,12204.0
14653,2017,9,2,17,12202.0
14654,2017,9,2,18,12242.0
14655,2017,9,2,19,12173.0
14656,2017,9,2,20,12190.0
14657,2017,9,2,21,12427.0
14658,2017,9,2,22,12268.0
14659,2017,9,2,23,11791.0
14660,2017,9,3,0,11143.0
14661,2017,9,3,1,10632.0
14662,2017,9,3,2,10225.0
14663,2017,9,3,3,9951.0
14664,2017,9,3,4,9884.0
14665,2017,9,3,5,9861.0
14666,2017,9,3,6,9976.0
14667,2017,9,3,7,10129.0
14668,2017,9,3,8,10344.0
14669,2017,9,3,9,10762.0
14670,2017,9,3,10,11332.0
14671,2017,9,3,11,11761.0
14672,2017,9,3,12,12064.0
14673,2017,9,3,13,12378.0
14674,2017,9,3,14,12769.0
14675,2017,9,3,15,12991.0
14676,2017,9,3,16,13313.0
14677,2017,9,3,17,13573.0
14678,2017,9,3,18,13727.0
14679,2017,9,3,19,13552.0
14680,2017,9,3,20,13268.0
14681,2017,9,3,21,13270.0
14682,2017,9,3,22,12863.0
14683,2017,9,3,23,11998.0
14684,2017,9,4,0,11443.0
14685,2017,9,4,1,10754.0
14686,2017,9,4,2,10328.0
14687,2017,9,4,3,10050.0
14688,2017,9,4,4,9931.0
14689,2017,9,4,5,9846.0
14690,2017,9,4,6,9940.0
14691,2017,9,4,7,10067.0
14692,2017,9,4,8,10266.0
14693,2017,9,4,9,10904.0
14694,2017,9,4,10,11577.0
14695,2017,9,4,11,12301.0
14696,2017,9,4,12,13106.0
14697,2017,9,4,13,13743.0
14698,2017,9,4,14,14379.0
14699,2017,9,4,15,15021.0
14700,2017,9,4,16,15541.0
14701,2017,9,4,17,15998.0
14702,2017,9,4,18,16115.0
14703,2017,9,4,19,16090.0
14704,2017,9,4,20,15850.0
14705,2017,9,4,21,16017.0
14706,2017,9,4,22,15201.0
14707,2017,9,4,23,14074.0
14708,2017,9,5,0,13064.0
14709,2017,9,5,1,12279.0
14710,2017,9,5,2,11782.0
14711,2017,9,5,3,11509.0
14712,2017,9,5,4,11309.0
14713,2017,9,5,5,11473.0
14714,2017,9,5,6,12176.0
14715,2017,9,5,7,13353.0
14716,2017,9,5,8,14037.0
14717,2017,9,5,9,14308.0
14718,2017,9,5,10,14662.0
14719,2017,9,5,11,15123.0
14720,2017,9,5,12,15398.0
14721,2017,9,5,13,15683.0
14722,2017,9,5,14,15987.0
14723,2017,9,5,15,16022.0
14724,2017,9,5,16,15882.0
14725,2017,9,5,17,15770.0
14726,2017,9,5,18,15519.0
14727,2017,9,5,19,15229.0
14728,2017,9,5,20,15086.0
14729,2017,9,5,21,15067.0
14730,2017,9,5,22,14487.0
14731,2017,9,5,23,13456.0
14732,2017,9,6,0,12564.0
14733,2017,9,6,1,11750.0
14734,2017,9,6,2,11318.0
14735,2017,9,6,3,11053.0
14736,2017,9,6,4,10878.0
14737,2017,9,6,5,11014.0
14738,2017,9,6,6,11507.0
14739,2017,9,6,7,12659.0
14740,2017,9,6,8,13201.0
14741,2017,9,6,9,13448.0
14742,2017,9,6,10,13789.0
14743,2017,9,6,11,14016.0
14744,2017,9,6,12,14114.0
14745,2017,9,6,13,14272.0
14746,2017,9,6,14,14261.0
14747,2017,9,6,15,14189.0
14748,2017,9,6,16,14006.0
14749,2017,9,6,17,14048.0
14750,2017,9,6,18,13934.0
14751,2017,9,6,19,13935.0
14752,2017,9,6,20,13781.0
14753,2017,9,6,21,14128.0
14754,2017,9,6,22,13805.0
14755,2017,9,6,23,12893.0
14756,2017,9,7,0,12065.0
14757,2017,9,7,1,11524.0
14758,2017,9,7,2,11123.0
14759,2017,9,7,3,10955.0
14760,2017,9,7,4,10900.0
14761,2017,9,7,5,11082.0
14762,2017,9,7,6,11748.0
14763,2017,9,7,7,12970.0
14764,2017,9,7,8,13413.0
14765,2017,9,7,9,13673.0
14766,2017,9,7,10,13802.0
14767,2017,9,7,11,14066.0
14768,2017,9,7,12,14099.0
14769,2017,9,7,13,14245.0
14770,2017,9,7,14,14089.0
14771,2017,9,7,15,14074.0
14772,2017,9,7,16,13952.0
14773,2017,9,7,17,13971.0
14774,2017,9,7,18,13765.0
14775,2017,9,7,19,13667.0
14776,2017,9,7,20,13714.0
14777,2017,9,7,21,14255.0
14778,2017,9,7,22,13710.0
14779,2017,9,7,23,12908.0
14780,2017,9,8,0,12072.0
14781,2017,9,8,1,11445.0
14782,2017,9,8,2,11039.0
14783,2017,9,8,3,10877.0
14784,2017,9,8,4,10774.0
14785,2017,9,8,5,10963.0
14786,2017,9,8,6,11678.0
14787,2017,9,8,7,12807.0
14788,2017,9,8,8,13361.0
14789,2017,9,8,9,13703.0
14790,2017,9,8,10,13836.0
14791,2017,9,8,11,14135.0
14792,2017,9,8,12,14133.0
14793,2017,9,8,13,14217.0
14794,2017,9,8,14,14354.0
14795,2017,9,8,15,14253.0
14796,2017,9,8,16,14066.0
14797,2017,9,8,17,13966.0
14798,2017,9,8,18,13837.0
14799,2017,9,8,19,13574.0
14800,2017,9,8,20,13236.0
14801,2017,9,8,21,13593.0
14802,2017,9,8,22,13145.0
14803,2017,9,8,23,12608.0
14804,2017,9,9,0,11826.0
14805,2017,9,9,1,11038.0
14806,2017,9,9,2,10672.0
14807,2017,9,9,3,10491.0
14808,2017,9,9,4,10208.0
14809,2017,9,9,5,10349.0
14810,2017,9,9,6,10588.0
14811,2017,9,9,7,11018.0
14812,2017,9,9,8,11234.0
14813,2017,9,9,9,11769.0
14814,2017,9,9,10,12246.0
14815,2017,9,9,11,12482.0
14816,2017,9,9,12,12598.0
14817,2017,9,9,13,12727.0
14818,2017,9,9,14,12778.0
14819,2017,9,9,15,12715.0
14820,2017,9,9,16,12781.0
14821,2017,9,9,17,12853.0
14822,2017,9,9,18,12963.0
14823,2017,9,9,19,12815.0
14824,2017,9,9,20,12625.0
14825,2017,9,9,21,12759.0
14826,2017,9,9,22,12456.0
14827,2017,9,9,23,11711.0
14828,2017,9,10,0,10968.0
14829,2017,9,10,1,10431.0
14830,2017,9,10,2,10146.0
14831,2017,9,10,3,9942.0
14832,2017,9,10,4,9801.0
14833,2017,9,10,5,9830.0
14834,2017,9,10,6,9951.0
14835,2017,9,10,7,10278.0
14836,2017,9,10,8,10559.0
14837,2017,9,10,9,11144.0
14838,2017,9,10,10,11523.0
14839,2017,9,10,11,11671.0
14840,2017,9,10,12,11824.0
14841,2017,9,10,13,11968.0
14842,2017,9,10,14,12104.0
14843,2017,9,10,15,12179.0
14844,2017,9,10,16,12388.0
14845,2017,9,10,17,12564.0
14846,2017,9,10,18,12632.0
14847,2017,9,10,19,12785.0
14848,2017,9,10,20,12866.0
14849,2017,9,10,21,13240.0
14850,2017,9,10,22,12754.0
14851,2017,9,10,23,11948.0
14852,2017,9,11,0,11254.0
14853,2017,9,11,1,10773.0
14854,2017,9,11,2,10597.0
14855,2017,9,11,3,10486.0
14856,2017,9,11,4,10426.0
14857,2017,9,11,5,10753.0
14858,2017,9,11,6,11469.0
14859,2017,9,11,7,12708.0
14860,2017,9,11,8,13318.0
14861,2017,9,11,9,13470.0
14862,2017,9,11,10,13776.0
14863,2017,9,11,11,14064.0
14864,2017,9,11,12,14165.0
14865,2017,9,11,13,14262.0
14866,2017,9,11,14,14421.0
14867,2017,9,11,15,14458.0
14868,2017,9,11,16,14228.0
14869,2017,9,11,17,14225.0
14870,2017,9,11,18,14110.0
14871,2017,9,11,19,14106.0
14872,2017,9,11,20,14308.0
14873,2017,9,11,21,14550.0
14874,2017,9,11,22,13959.0
14875,2017,9,11,23,13073.0
14876,2017,9,12,0,12090.0
14877,2017,9,12,1,11543.0
14878,2017,9,12,2,11152.0
14879,2017,9,12,3,10897.0
14880,2017,9,12,4,10843.0
14881,2017,9,12,5,11097.0
14882,2017,9,12,6,11748.0
14883,2017,9,12,7,13091.0
14884,2017,9,12,8,13684.0
14885,2017,9,12,9,13798.0
14886,2017,9,12,10,14010.0
14887,2017,9,12,11,14232.0
14888,2017,9,12,12,14439.0
14889,2017,9,12,13,14538.0
14890,2017,9,12,14,14555.0
14891,2017,9,12,15,14713.0
14892,2017,9,12,16,14681.0
14893,2017,9,12,17,14778.0
14894,2017,9,12,18,14701.0
14895,2017,9,12,19,14547.0
14896,2017,9,12,20,14661.0
14897,2017,9,12,21,14964.0
14898,2017,9,12,22,14445.0
14899,2017,9,12,23,13615.0
14900,2017,9,13,0,12695.0
14901,2017,9,13,1,12078.0
14902,2017,9,13,2,11427.0
14903,2017,9,13,3,11154.0
14904,2017,9,13,4,11048.0
14905,2017,9,13,5,11204.0
14906,2017,9,13,6,11912.0
14907,2017,9,13,7,13082.0
14908,2017,9,13,8,13629.0
14909,2017,9,13,9,13866.0
14910,2017,9,13,10,14252.0
14911,2017,9,13,11,14606.0
14912,2017,9,13,12,14872.0
14913,2017,9,13,13,15058.0
14914,2017,9,13,14,15273.0
14915,2017,9,13,15,15220.0
14916,2017,9,13,16,15055.0
14917,2017,9,13,17,14979.0
14918,2017,9,13,18,14919.0
14919,2017,9,13,19,14884.0
14920,2017,9,13,20,14993.0
14921,2017,9,13,21,15047.0
14922,2017,9,13,22,14534.0
14923,2017,9,13,23,13577.0
14924,2017,9,14,0,12646.0
14925,2017,9,14,1,11937.0
14926,2017,9,14,2,11539.0
14927,2017,9,14,3,11267.0
14928,2017,9,14,4,11143.0
14929,2017,9,14,5,11347.0
14930,2017,9,14,6,12053.0
14931,2017,9,14,7,13248.0
14932,2017,9,14,8,13851.0
14933,2017,9,14,9,14116.0
14934,2017,9,14,10,14155.0
14935,2017,9,14,11,14457.0
14936,2017,9,14,12,14685.0
14937,2017,9,14,13,14912.0
14938,2017,9,14,14,15126.0
14939,2017,9,14,15,15156.0
14940,2017,9,14,16,15050.0
14941,2017,9,14,17,15040.0
14942,2017,9,14,18,14947.0
14943,2017,9,14,19,14859.0
14944,2017,9,14,20,14965.0
14945,2017,9,14,21,15150.0
14946,2017,9,14,22,14559.0
14947,2017,9,14,23,13632.0
14948,2017,9,15,0,12749.0
14949,2017,9,15,1,11934.0
14950,2017,9,15,2,11541.0
14951,2017,9,15,3,11317.0
14952,2017,9,15,4,11102.0
14953,2017,9,15,5,11237.0
14954,2017,9,15,6,11858.0
14955,2017,9,15,7,13028.0
14956,2017,9,15,8,13498.0
14957,2017,9,15,9,13774.0
14958,2017,9,15,10,14176.0
14959,2017,9,15,11,14531.0
14960,2017,9,15,12,14918.0
14961,2017,9,15,13,15318.0
14962,2017,9,15,14,15681.0
14963,2017,9,15,15,15836.0
14964,2017,9,15,16,15800.0
14965,2017,9,15,17,15930.0
14966,2017,9,15,18,15764.0
14967,2017,9,15,19,15381.0
14968,2017,9,15,20,14996.0
14969,2017,9,15,21,15045.0
14970,2017,9,15,22,14497.0
14971,2017,9,15,23,13637.0
14972,2017,9,16,0,12764.0
14973,2017,9,16,1,11934.0
14974,2017,9,16,2,11351.0
14975,2017,9,16,3,11060.0
14976,2017,9,16,4,10831.0
14977,2017,9,16,5,10837.0
14978,2017,9,16,6,10905.0
14979,2017,9,16,7,11293.0
14980,2017,9,16,8,11586.0
14981,2017,9,16,9,12130.0
14982,2017,9,16,10,12808.0
14983,2017,9,16,11,13488.0
14984,2017,9,16,12,13908.0
14985,2017,9,16,13,14507.0
14986,2017,9,16,14,14880.0
14987,2017,9,16,15,15264.0
14988,2017,9,16,16,15445.0
14989,2017,9,16,17,15621.0
14990,2017,9,16,18,15606.0
14991,2017,9,16,19,15256.0
14992,2017,9,16,20,14887.0
14993,2017,9,16,21,14927.0
14994,2017,9,16,22,14260.0
14995,2017,9,16,23,13379.0
14996,2017,9,17,0,12382.0
14997,2017,9,17,1,11597.0
14998,2017,9,17,2,11017.0
14999,2017,9,17,3,10615.0
15000,2017,9,17,4,10378.0
15001,2017,9,17,5,10251.0
15002,2017,9,17,6,10344.0
15003,2017,9,17,7,10667.0
15004,2017,9,17,8,10825.0
15005,2017,9,17,9,11344.0
15006,2017,9,17,10,12140.0
15007,2017,9,17,11,12875.0
15008,2017,9,17,12,13590.0
15009,2017,9,17,13,14234.0
15010,2017,9,17,14,15014.0
15011,2017,9,17,15,15474.0
15012,2017,9,17,16,15935.0
15013,2017,9,17,17,16202.0
15014,2017,9,17,18,16381.0
15015,2017,9,17,19,16108.0
15016,2017,9,17,20,15866.0
15017,2017,9,17,21,15850.0
15018,2017,9,17,22,14980.0
15019,2017,9,17,23,13858.0
15020,2017,9,18,0,12848.0
15021,2017,9,18,1,12190.0
15022,2017,9,18,2,11682.0
15023,2017,9,18,3,11391.0
15024,2017,9,18,4,11307.0
15025,2017,9,18,5,11421.0
15026,2017,9,18,6,12143.0
15027,2017,9,18,7,13349.0
15028,2017,9,18,8,14045.0
15029,2017,9,18,9,14366.0
15030,2017,9,18,10,14802.0
15031,2017,9,18,11,15439.0
15032,2017,9,18,12,15909.0
15033,2017,9,18,13,16554.0
15034,2017,9,18,14,17119.0
15035,2017,9,18,15,17572.0
15036,2017,9,18,16,17731.0
15037,2017,9,18,17,17788.0
15038,2017,9,18,18,17711.0
15039,2017,9,18,19,17287.0
15040,2017,9,18,20,16987.0
15041,2017,9,18,21,16956.0
15042,2017,9,18,22,16006.0
15043,2017,9,18,23,14740.0
15044,2017,9,19,0,13486.0
15045,2017,9,19,1,12634.0
15046,2017,9,19,2,12103.0
15047,2017,9,19,3,11727.0
15048,2017,9,19,4,11602.0
15049,2017,9,19,5,11746.0
15050,2017,9,19,6,12432.0
15051,2017,9,19,7,13772.0
15052,2017,9,19,8,14451.0
15053,2017,9,19,9,14473.0
15054,2017,9,19,10,14910.0
15055,2017,9,19,11,15335.0
15056,2017,9,19,12,15850.0
15057,2017,9,19,13,16310.0
15058,2017,9,19,14,16704.0
15059,2017,9,19,15,16860.0
15060,2017,9,19,16,16990.0
15061,2017,9,19,17,17098.0
15062,2017,9,19,18,17133.0
15063,2017,9,19,19,16821.0
15064,2017,9,19,20,16671.0
15065,2017,9,19,21,16677.0
15066,2017,9,19,22,15738.0
15067,2017,9,19,23,14646.0
15068,2017,9,20,0,13564.0
15069,2017,9,20,1,12686.0
15070,2017,9,20,2,12111.0
15071,2017,9,20,3,11785.0
15072,2017,9,20,4,11658.0
15073,2017,9,20,5,11717.0
15074,2017,9,20,6,12399.0
15075,2017,9,20,7,13703.0
15076,2017,9,20,8,14388.0
15077,2017,9,20,9,14526.0
15078,2017,9,20,10,14976.0
15079,2017,9,20,11,15731.0
15080,2017,9,20,12,16434.0
15081,2017,9,20,13,17191.0
15082,2017,9,20,14,17961.0
15083,2017,9,20,15,18612.0
15084,2017,9,20,16,18668.0
15085,2017,9,20,17,18787.0
15086,2017,9,20,18,18698.0
15087,2017,9,20,19,18285.0
15088,2017,9,20,20,17896.0
15089,2017,9,20,21,17740.0
15090,2017,9,20,22,16665.0
15091,2017,9,20,23,15396.0
15092,2017,9,21,0,14212.0
15093,2017,9,21,1,13217.0
15094,2017,9,21,2,12537.0
15095,2017,9,21,3,12047.0
15096,2017,9,21,4,11816.0
15097,2017,9,21,5,11908.0
15098,2017,9,21,6,12522.0
15099,2017,9,21,7,13773.0
15100,2017,9,21,8,14333.0
15101,2017,9,21,9,14738.0
15102,2017,9,21,10,15363.0
15103,2017,9,21,11,16350.0
15104,2017,9,21,12,17368.0
15105,2017,9,21,13,18293.0
15106,2017,9,21,14,19170.0
15107,2017,9,21,15,19791.0
15108,2017,9,21,16,20129.0
15109,2017,9,21,17,20190.0
15110,2017,9,21,18,20022.0
15111,2017,9,21,19,19464.0
15112,2017,9,21,20,18922.0
15113,2017,9,21,21,18704.0
15114,2017,9,21,22,17550.0
15115,2017,9,21,23,16069.0
15116,2017,9,22,0,14636.0
15117,2017,9,22,1,13677.0
15118,2017,9,22,2,12889.0
15119,2017,9,22,3,12314.0
15120,2017,9,22,4,12042.0
15121,2017,9,22,5,12117.0
15122,2017,9,22,6,12677.0
15123,2017,9,22,7,13969.0
15124,2017,9,22,8,14494.0
15125,2017,9,22,9,14822.0
15126,2017,9,22,10,15477.0
15127,2017,9,22,11,16540.0
15128,2017,9,22,12,17559.0
15129,2017,9,22,13,18514.0
15130,2017,9,22,14,19382.0
15131,2017,9,22,15,19791.0
15132,2017,9,22,16,19979.0
15133,2017,9,22,17,19995.0
15134,2017,9,22,18,19675.0
15135,2017,9,22,19,18930.0
15136,2017,9,22,20,18174.0
15137,2017,9,22,21,17657.0
15138,2017,9,22,22,16613.0
15139,2017,9,22,23,15347.0
15140,2017,9,23,0,14002.0
15141,2017,9,23,1,12981.0
15142,2017,9,23,2,12221.0
15143,2017,9,23,3,11749.0
15144,2017,9,23,4,11524.0
15145,2017,9,23,5,11335.0
15146,2017,9,23,6,11386.0
15147,2017,9,23,7,11731.0
15148,2017,9,23,8,12030.0
15149,2017,9,23,9,12780.0
15150,2017,9,23,10,13712.0
15151,2017,9,23,11,14755.0
15152,2017,9,23,12,15816.0
15153,2017,9,23,13,16745.0
15154,2017,9,23,14,17537.0
15155,2017,9,23,15,18207.0
15156,2017,9,23,16,18713.0
15157,2017,9,23,17,18889.0
15158,2017,9,23,18,18761.0
15159,2017,9,23,19,18196.0
15160,2017,9,23,20,17251.0
15161,2017,9,23,21,16699.0
15162,2017,9,23,22,15610.0
15163,2017,9,23,23,14487.0
15164,2017,9,24,0,13242.0
15165,2017,9,24,1,12272.0
15166,2017,9,24,2,11610.0
15167,2017,9,24,3,11083.0
15168,2017,9,24,4,10866.0
15169,2017,9,24,5,10611.0
15170,2017,9,24,6,10688.0
15171,2017,9,24,7,10931.0
15172,2017,9,24,8,11141.0
15173,2017,9,24,9,11717.0
15174,2017,9,24,10,12765.0
15175,2017,9,24,11,13681.0
15176,2017,9,24,12,14775.0
15177,2017,9,24,13,15876.0
15178,2017,9,24,14,16605.0
15179,2017,9,24,15,17444.0
15180,2017,9,24,16,18036.0
15181,2017,9,24,17,18434.0
15182,2017,9,24,18,18548.0
15183,2017,9,24,19,18091.0
15184,2017,9,24,20,17563.0
15185,2017,9,24,21,17225.0
15186,2017,9,24,22,16074.0
15187,2017,9,24,23,14695.0
15188,2017,9,25,0,13664.0
15189,2017,9,25,1,12779.0
15190,2017,9,25,2,12262.0
15191,2017,9,25,3,11870.0
15192,2017,9,25,4,11639.0
15193,2017,9,25,5,11845.0
15194,2017,9,25,6,12408.0
15195,2017,9,25,7,13742.0
15196,2017,9,25,8,14343.0
15197,2017,9,25,9,14622.0
15198,2017,9,25,10,15302.0
15199,2017,9,25,11,16255.0
15200,2017,9,25,12,17175.0
15201,2017,9,25,13,18304.0
15202,2017,9,25,14,19102.0
15203,2017,9,25,15,19687.0
15204,2017,9,25,16,19890.0
15205,2017,9,25,17,20046.0
15206,2017,9,25,18,19867.0
15207,2017,9,25,19,19333.0
15208,2017,9,25,20,18860.0
15209,2017,9,25,21,18431.0
15210,2017,9,25,22,17166.0
15211,2017,9,25,23,15681.0
15212,2017,9,26,0,14190.0
15213,2017,9,26,1,13232.0
15214,2017,9,26,2,12547.0
15215,2017,9,26,3,12079.0
15216,2017,9,26,4,11819.0
15217,2017,9,26,5,11834.0
15218,2017,9,26,6,12407.0
15219,2017,9,26,7,13739.0
15220,2017,9,26,8,14276.0
15221,2017,9,26,9,14663.0
15222,2017,9,26,10,15357.0
15223,2017,9,26,11,16247.0
15224,2017,9,26,12,17256.0
15225,2017,9,26,13,18307.0
15226,2017,9,26,14,19303.0
15227,2017,9,26,15,20077.0
15228,2017,9,26,16,20432.0
15229,2017,9,26,17,20554.0
15230,2017,9,26,18,20393.0
15231,2017,9,26,19,19796.0
15232,2017,9,26,20,19211.0
15233,2017,9,26,21,18698.0
15234,2017,9,26,22,17410.0
15235,2017,9,26,23,15904.0
15236,2017,9,27,0,14583.0
15237,2017,9,27,1,13586.0
15238,2017,9,27,2,12815.0
15239,2017,9,27,3,12472.0
15240,2017,9,27,4,12076.0
15241,2017,9,27,5,12216.0
15242,2017,9,27,6,12868.0
15243,2017,9,27,7,13963.0
15244,2017,9,27,8,14490.0
15245,2017,9,27,9,14797.0
15246,2017,9,27,10,15341.0
15247,2017,9,27,11,16159.0
15248,2017,9,27,12,17080.0
15249,2017,9,27,13,17975.0
15250,2017,9,27,14,18706.0
15251,2017,9,27,15,19112.0
15252,2017,9,27,16,19263.0
15253,2017,9,27,17,19380.0
15254,2017,9,27,18,19037.0
15255,2017,9,27,19,18390.0
15256,2017,9,27,20,17968.0
15257,2017,9,27,21,17750.0
15258,2017,9,27,22,16480.0
15259,2017,9,27,23,15132.0
15260,2017,9,28,0,13794.0
15261,2017,9,28,1,12873.0
15262,2017,9,28,2,12195.0
15263,2017,9,28,3,11828.0
15264,2017,9,28,4,11555.0
15265,2017,9,28,5,11697.0
15266,2017,9,28,6,12214.0
15267,2017,9,28,7,13448.0
15268,2017,9,28,8,13916.0
15269,2017,9,28,9,14004.0
15270,2017,9,28,10,14446.0
15271,2017,9,28,11,14842.0
15272,2017,9,28,12,15243.0
15273,2017,9,28,13,15605.0
15274,2017,9,28,14,15898.0
15275,2017,9,28,15,15977.0
15276,2017,9,28,16,16077.0
15277,2017,9,28,17,16044.0
15278,2017,9,28,18,15977.0
15279,2017,9,28,19,15549.0
15280,2017,9,28,20,15278.0
15281,2017,9,28,21,15213.0
15282,2017,9,28,22,14468.0
15283,2017,9,28,23,13386.0
15284,2017,9,29,0,12374.0
15285,2017,9,29,1,11610.0
15286,2017,9,29,2,11285.0
15287,2017,9,29,3,11027.0
15288,2017,9,29,4,10859.0
15289,2017,9,29,5,11106.0
15290,2017,9,29,6,11663.0
15291,2017,9,29,7,12786.0
15292,2017,9,29,8,13348.0
15293,2017,9,29,9,13385.0
15294,2017,9,29,10,13626.0
15295,2017,9,29,11,13960.0
15296,2017,9,29,12,14135.0
15297,2017,9,29,13,14281.0
15298,2017,9,29,14,14585.0
15299,2017,9,29,15,14674.0
15300,2017,9,29,16,14702.0
15301,2017,9,29,17,14680.0
15302,2017,9,29,18,14451.0
15303,2017,9,29,19,13978.0
15304,2017,9,29,20,13882.0
15305,2017,9,29,21,13914.0
15306,2017,9,29,22,13323.0
15307,2017,9,29,23,12566.0
15308,2017,9,30,0,11666.0
15309,2017,9,30,1,11013.0
15310,2017,9,30,2,10545.0
15311,2017,9,30,3,10233.0
15312,2017,9,30,4,10196.0
15313,2017,9,30,5,10261.0
15314,2017,9,30,6,10478.0
15315,2017,9,30,7,10864.0
15316,2017,9,30,8,11159.0
15317,2017,9,30,9,11594.0
15318,2017,9,30,10,12034.0
15319,2017,9,30,11,12198.0
15320,2017,9,30,12,12193.0
15321,2017,9,30,13,12194.0
15322,2017,9,30,14,12418.0
15323,2017,9,30,15,12421.0
15324,2017,9,30,16,12472.0
15325,2017,9,30,17,12567.0
15326,2017,9,30,18,12583.0
15327,2017,9,30,19,12368.0
15328,2017,9,30,20,12478.0
15329,2017,9,30,21,12464.0
15330,2017,9,30,22,12050.0
15331,2017,9,30,23,11507.0
15332,2017,10,1,0,10948.0
15333,2017,10,1,1,10460.0
15334,2017,10,1,2,10060.0
15335,2017,10,1,3,9960.0
15336,2017,10,1,4,9835.0
15337,2017,10,1,5,9849.0
15338,2017,10,1,6,9994.0
15339,2017,10,1,7,10395.0
15340,2017,10,1,8,10727.0
15341,2017,10,1,9,11304.0
15342,2017,10,1,10,11530.0
15343,2017,10,1,11,11502.0
15344,2017,10,1,12,11716.0
15345,2017,10,1,13,11876.0
15346,2017,10,1,14,11870.0
15347,2017,10,1,15,11892.0
15348,2017,10,1,16,11984.0
15349,2017,10,1,17,12197.0
15350,2017,10,1,18,12410.0
15351,2017,10,1,19,12390.0
15352,2017,10,1,20,12842.0
15353,2017,10,1,21,12989.0
15354,2017,10,1,22,12510.0
15355,2017,10,1,23,11862.0
15356,2017,10,2,0,11267.0
15357,2017,10,2,1,10902.0
15358,2017,10,2,2,10658.0
15359,2017,10,2,3,10555.0
15360,2017,10,2,4,10529.0
15361,2017,10,2,5,10820.0
15362,2017,10,2,6,11475.0
15363,2017,10,2,7,12793.0
15364,2017,10,2,8,13567.0
15365,2017,10,2,9,13593.0
15366,2017,10,2,10,13757.0
15367,2017,10,2,11,13899.0
15368,2017,10,2,12,13976.0
15369,2017,10,2,13,14173.0
15370,2017,10,2,14,14363.0
15371,2017,10,2,15,14567.0
15372,2017,10,2,16,14515.0
15373,2017,10,2,17,14687.0
15374,2017,10,2,18,14794.0
15375,2017,10,2,19,14697.0
15376,2017,10,2,20,14841.0
15377,2017,10,2,21,14683.0
15378,2017,10,2,22,14013.0
15379,2017,10,2,23,13064.0
15380,2017,10,3,0,12205.0
15381,2017,10,3,1,11599.0
15382,2017,10,3,2,11173.0
15383,2017,10,3,3,10983.0
15384,2017,10,3,4,10943.0
15385,2017,10,3,5,11117.0
15386,2017,10,3,6,11729.0
15387,2017,10,3,7,13055.0
15388,2017,10,3,8,13750.0
15389,2017,10,3,9,13844.0
15390,2017,10,3,10,13860.0
15391,2017,10,3,11,14275.0
15392,2017,10,3,12,14399.0
15393,2017,10,3,13,14816.0
15394,2017,10,3,14,15016.0
15395,2017,10,3,15,15421.0
15396,2017,10,3,16,15713.0
15397,2017,10,3,17,15945.0
15398,2017,10,3,18,15820.0
15399,2017,10,3,19,15693.0
15400,2017,10,3,20,15725.0
15401,2017,10,3,21,15647.0
15402,2017,10,3,22,14809.0
15403,2017,10,3,23,13802.0
15404,2017,10,4,0,12818.0
15405,2017,10,4,1,11971.0
15406,2017,10,4,2,11524.0
15407,2017,10,4,3,11365.0
15408,2017,10,4,4,11254.0
15409,2017,10,4,5,11505.0
15410,2017,10,4,6,12113.0
15411,2017,10,4,7,13518.0
15412,2017,10,4,8,14130.0
15413,2017,10,4,9,14328.0
15414,2017,10,4,10,14567.0
15415,2017,10,4,11,14740.0
15416,2017,10,4,12,15088.0
15417,2017,10,4,13,15290.0
15418,2017,10,4,14,15838.0
15419,2017,10,4,15,15895.0
15420,2017,10,4,16,16087.0
15421,2017,10,4,17,16160.0
15422,2017,10,4,18,16158.0
15423,2017,10,4,19,15835.0
15424,2017,10,4,20,16146.0
15425,2017,10,4,21,15778.0
15426,2017,10,4,22,15084.0
15427,2017,10,4,23,14018.0
15428,2017,10,5,0,12982.0
15429,2017,10,5,1,12266.0
15430,2017,10,5,2,11744.0
15431,2017,10,5,3,11463.0
15432,2017,10,5,4,11392.0
15433,2017,10,5,5,11527.0
15434,2017,10,5,6,12189.0
15435,2017,10,5,7,13509.0
15436,2017,10,5,8,14237.0
15437,2017,10,5,9,14283.0
15438,2017,10,5,10,14500.0
15439,2017,10,5,11,14814.0
15440,2017,10,5,12,14859.0
15441,2017,10,5,13,15086.0
15442,2017,10,5,14,15245.0
15443,2017,10,5,15,15330.0
15444,2017,10,5,16,15399.0
15445,2017,10,5,17,15448.0
15446,2017,10,5,18,15401.0
15447,2017,10,5,19,15104.0
15448,2017,10,5,20,15477.0
15449,2017,10,5,21,15263.0
15450,2017,10,5,22,14598.0
15451,2017,10,5,23,13587.0
15452,2017,10,6,0,12598.0
15453,2017,10,6,1,11865.0
15454,2017,10,6,2,11485.0
15455,2017,10,6,3,11062.0
15456,2017,10,6,4,11126.0
15457,2017,10,6,5,11275.0
15458,2017,10,6,6,11907.0
15459,2017,10,6,7,13213.0
15460,2017,10,6,8,13978.0
15461,2017,10,6,9,14091.0
15462,2017,10,6,10,14319.0
15463,2017,10,6,11,14611.0
15464,2017,10,6,12,14695.0
15465,2017,10,6,13,14889.0
15466,2017,10,6,14,15221.0
15467,2017,10,6,15,15187.0
15468,2017,10,6,16,15239.0
15469,2017,10,6,17,15263.0
15470,2017,10,6,18,15122.0
15471,2017,10,6,19,14810.0
15472,2017,10,6,20,14832.0
15473,2017,10,6,21,14561.0
15474,2017,10,6,22,13968.0
15475,2017,10,6,23,13227.0
15476,2017,10,7,0,12331.0
15477,2017,10,7,1,11585.0
15478,2017,10,7,2,10980.0
15479,2017,10,7,3,10723.0
15480,2017,10,7,4,10522.0
15481,2017,10,7,5,10475.0
15482,2017,10,7,6,10609.0
15483,2017,10,7,7,11057.0
15484,2017,10,7,8,11581.0
15485,2017,10,7,9,12010.0
15486,2017,10,7,10,12746.0
15487,2017,10,7,11,13325.0
15488,2017,10,7,12,13837.0
15489,2017,10,7,13,14316.0
15490,2017,10,7,14,14755.0
15491,2017,10,7,15,15141.0
15492,2017,10,7,16,15395.0
15493,2017,10,7,17,15451.0
15494,2017,10,7,18,15456.0
15495,2017,10,7,19,15184.0
15496,2017,10,7,20,15380.0
15497,2017,10,7,21,15056.0
15498,2017,10,7,22,14317.0
15499,2017,10,7,23,13646.0
15500,2017,10,8,0,12906.0
15501,2017,10,8,1,12027.0
15502,2017,10,8,2,11493.0
15503,2017,10,8,3,11209.0
15504,2017,10,8,4,10892.0
15505,2017,10,8,5,10616.0
15506,2017,10,8,6,10740.0
15507,2017,10,8,7,10939.0
15508,2017,10,8,8,11203.0
15509,2017,10,8,9,11558.0
15510,2017,10,8,10,12099.0
15511,2017,10,8,11,12435.0
15512,2017,10,8,12,12817.0
15513,2017,10,8,13,13143.0
15514,2017,10,8,14,13413.0
15515,2017,10,8,15,13453.0
15516,2017,10,8,16,13542.0
15517,2017,10,8,17,13622.0
15518,2017,10,8,18,13813.0
15519,2017,10,8,19,14033.0
15520,2017,10,8,20,14488.0
15521,2017,10,8,21,14329.0
15522,2017,10,8,22,13889.0
15523,2017,10,8,23,13230.0
15524,2017,10,9,0,12643.0
15525,2017,10,9,1,12092.0
15526,2017,10,9,2,11654.0
15527,2017,10,9,3,11411.0
15528,2017,10,9,4,11504.0
15529,2017,10,9,5,11713.0
15530,2017,10,9,6,12332.0
15531,2017,10,9,7,13597.0
15532,2017,10,9,8,14568.0
15533,2017,10,9,9,14769.0
15534,2017,10,9,10,15044.0
15535,2017,10,9,11,15411.0
15536,2017,10,9,12,15823.0
15537,2017,10,9,13,16109.0
15538,2017,10,9,14,16428.0
15539,2017,10,9,15,16661.0
15540,2017,10,9,16,16746.0
15541,2017,10,9,17,16944.0
15542,2017,10,9,18,16875.0
15543,2017,10,9,19,16580.0
15544,2017,10,9,20,16754.0
15545,2017,10,9,21,16421.0
15546,2017,10,9,22,15436.0
15547,2017,10,9,23,14325.0
15548,2017,10,10,0,13330.0
15549,2017,10,10,1,12481.0
15550,2017,10,10,2,12031.0
15551,2017,10,10,3,11718.0
15552,2017,10,10,4,11588.0
15553,2017,10,10,5,11645.0
15554,2017,10,10,6,12349.0
15555,2017,10,10,7,13501.0
15556,2017,10,10,8,14335.0
15557,2017,10,10,9,14378.0
15558,2017,10,10,10,14640.0
15559,2017,10,10,11,15142.0
15560,2017,10,10,12,15597.0
15561,2017,10,10,13,16095.0
15562,2017,10,10,14,16613.0
15563,2017,10,10,15,16783.0
15564,2017,10,10,16,16912.0
15565,2017,10,10,17,16793.0
15566,2017,10,10,18,16514.0
15567,2017,10,10,19,16396.0
15568,2017,10,10,20,16616.0
15569,2017,10,10,21,16327.0
15570,2017,10,10,22,15546.0
15571,2017,10,10,23,14436.0
15572,2017,10,11,0,13348.0
15573,2017,10,11,1,12611.0
15574,2017,10,11,2,12208.0
15575,2017,10,11,3,11722.0
15576,2017,10,11,4,11635.0
15577,2017,10,11,5,11746.0
15578,2017,10,11,6,12326.0
15579,2017,10,11,7,13493.0
15580,2017,10,11,8,14298.0
15581,2017,10,11,9,14395.0
15582,2017,10,11,10,14662.0
15583,2017,10,11,11,15080.0
15584,2017,10,11,12,15405.0
15585,2017,10,11,13,15779.0
15586,2017,10,11,14,16130.0
15587,2017,10,11,15,16309.0
15588,2017,10,11,16,16295.0
15589,2017,10,11,17,16397.0
15590,2017,10,11,18,15980.0
15591,2017,10,11,19,15661.0
15592,2017,10,11,20,15731.0
15593,2017,10,11,21,15284.0
15594,2017,10,11,22,14524.0
15595,2017,10,11,23,13587.0
15596,2017,10,12,0,12532.0
15597,2017,10,12,1,11774.0
15598,2017,10,12,2,11406.0
15599,2017,10,12,3,11073.0
15600,2017,10,12,4,10989.0
15601,2017,10,12,5,11220.0
15602,2017,10,12,6,11809.0
15603,2017,10,12,7,12999.0
15604,2017,10,12,8,13841.0
15605,2017,10,12,9,13858.0
15606,2017,10,12,10,14094.0
15607,2017,10,12,11,14262.0
15608,2017,10,12,12,14359.0
15609,2017,10,12,13,14468.0
15610,2017,10,12,14,14620.0
15611,2017,10,12,15,14588.0
15612,2017,10,12,16,14399.0
15613,2017,10,12,17,14394.0
15614,2017,10,12,18,14331.0
15615,2017,10,12,19,14331.0
15616,2017,10,12,20,14732.0
15617,2017,10,12,21,14606.0
15618,2017,10,12,22,13975.0
15619,2017,10,12,23,13030.0
15620,2017,10,13,0,12147.0
15621,2017,10,13,1,11608.0
15622,2017,10,13,2,11095.0
15623,2017,10,13,3,10887.0
15624,2017,10,13,4,10845.0
15625,2017,10,13,5,10919.0
15626,2017,10,13,6,11541.0
15627,2017,10,13,7,12714.0
15628,2017,10,13,8,13413.0
15629,2017,10,13,9,13564.0
15630,2017,10,13,10,13835.0
15631,2017,10,13,11,14031.0
15632,2017,10,13,12,14215.0
15633,2017,10,13,13,14372.0
15634,2017,10,13,14,14634.0
15635,2017,10,13,15,14712.0
15636,2017,10,13,16,14795.0
15637,2017,10,13,17,14907.0
15638,2017,10,13,18,14654.0
15639,2017,10,13,19,14284.0
15640,2017,10,13,20,14346.0
15641,2017,10,13,21,14058.0
15642,2017,10,13,22,13484.0
15643,2017,10,13,23,12811.0
15644,2017,10,14,0,11963.0
15645,2017,10,14,1,11230.0
15646,2017,10,14,2,10718.0
15647,2017,10,14,3,10469.0
15648,2017,10,14,4,10361.0
15649,2017,10,14,5,10368.0
15650,2017,10,14,6,10607.0
15651,2017,10,14,7,11032.0
15652,2017,10,14,8,11444.0
15653,2017,10,14,9,11868.0
15654,2017,10,14,10,12341.0
15655,2017,10,14,11,12726.0
15656,2017,10,14,12,12929.0
15657,2017,10,14,13,13235.0
15658,2017,10,14,14,13530.0
15659,2017,10,14,15,13813.0
15660,2017,10,14,16,14160.0
15661,2017,10,14,17,14279.0
15662,2017,10,14,18,14396.0
15663,2017,10,14,19,14100.0
15664,2017,10,14,20,14165.0
15665,2017,10,14,21,13744.0
15666,2017,10,14,22,13322.0
15667,2017,10,14,23,12571.0
15668,2017,10,15,0,11840.0
15669,2017,10,15,1,11168.0
15670,2017,10,15,2,10807.0
15671,2017,10,15,3,10565.0
15672,2017,10,15,4,10380.0
15673,2017,10,15,5,10320.0
15674,2017,10,15,6,10510.0
15675,2017,10,15,7,10793.0
15676,2017,10,15,8,11225.0
15677,2017,10,15,9,11698.0
15678,2017,10,15,10,12280.0
15679,2017,10,15,11,12550.0
15680,2017,10,15,12,12923.0
15681,2017,10,15,13,13257.0
15682,2017,10,15,14,13449.0
15683,2017,10,15,15,13508.0
15684,2017,10,15,16,13593.0
15685,2017,10,15,17,13567.0
15686,2017,10,15,18,13608.0
15687,2017,10,15,19,13576.0
15688,2017,10,15,20,13956.0
15689,2017,10,15,21,13611.0
15690,2017,10,15,22,13043.0
15691,2017,10,15,23,12282.0
15692,2017,10,16,0,11638.0
15693,2017,10,16,1,11131.0
15694,2017,10,16,2,10849.0
15695,2017,10,16,3,10589.0
15696,2017,10,16,4,10591.0
15697,2017,10,16,5,10837.0
15698,2017,10,16,6,11447.0
15699,2017,10,16,7,12704.0
15700,2017,10,16,8,13576.0
15701,2017,10,16,9,13618.0
15702,2017,10,16,10,13833.0
15703,2017,10,16,11,14057.0
15704,2017,10,16,12,14147.0
15705,2017,10,16,13,14123.0
15706,2017,10,16,14,14164.0
15707,2017,10,16,15,14036.0
15708,2017,10,16,16,13830.0
15709,2017,10,16,17,13762.0
15710,2017,10,16,18,13711.0
15711,2017,10,16,19,13767.0
15712,2017,10,16,20,14458.0
15713,2017,10,16,21,14283.0
15714,2017,10,16,22,13849.0
15715,2017,10,16,23,13040.0
15716,2017,10,17,0,12300.0
15717,2017,10,17,1,11852.0
15718,2017,10,17,2,11584.0
15719,2017,10,17,3,11431.0
15720,2017,10,17,4,11432.0
15721,2017,10,17,5,11772.0
15722,2017,10,17,6,12598.0
15723,2017,10,17,7,13948.0
15724,2017,10,17,8,14682.0
15725,2017,10,17,9,14622.0
15726,2017,10,17,10,14524.0
15727,2017,10,17,11,14404.0
15728,2017,10,17,12,14269.0
15729,2017,10,17,13,14225.0
15730,2017,10,17,14,14107.0
15731,2017,10,17,15,13917.0
15732,2017,10,17,16,13807.0
15733,2017,10,17,17,13783.0
15734,2017,10,17,18,13755.0
15735,2017,10,17,19,13931.0
15736,2017,10,17,20,14447.0
15737,2017,10,17,21,14394.0
15738,2017,10,17,22,13873.0
15739,2017,10,17,23,13117.0
15740,2017,10,18,0,12404.0
15741,2017,10,18,1,11949.0
15742,2017,10,18,2,11705.0
15743,2017,10,18,3,11622.0
15744,2017,10,18,4,11646.0
15745,2017,10,18,5,11943.0
15746,2017,10,18,6,12737.0
15747,2017,10,18,7,14087.0
15748,2017,10,18,8,14885.0
15749,2017,10,18,9,14823.0
15750,2017,10,18,10,14644.0
15751,2017,10,18,11,14617.0
15752,2017,10,18,12,14357.0
15753,2017,10,18,13,14306.0
15754,2017,10,18,14,14320.0
15755,2017,10,18,15,14093.0
15756,2017,10,18,16,14100.0
15757,2017,10,18,17,13917.0
15758,2017,10,18,18,13934.0
15759,2017,10,18,19,13952.0
15760,2017,10,18,20,14423.0
15761,2017,10,18,21,14230.0
15762,2017,10,18,22,13671.0
15763,2017,10,18,23,12851.0
15764,2017,10,19,0,12115.0
15765,2017,10,19,1,11537.0
15766,2017,10,19,2,11257.0
15767,2017,10,19,3,11194.0
15768,2017,10,19,4,11249.0
15769,2017,10,19,5,11585.0
15770,2017,10,19,6,12340.0
15771,2017,10,19,7,13690.0
15772,2017,10,19,8,14497.0
15773,2017,10,19,9,14409.0
15774,2017,10,19,10,14313.0
15775,2017,10,19,11,14187.0
15776,2017,10,19,12,14015.0
15777,2017,10,19,13,14033.0
15778,2017,10,19,14,14198.0
15779,2017,10,19,15,14073.0
15780,2017,10,19,16,14053.0
15781,2017,10,19,17,13973.0
15782,2017,10,19,18,13863.0
15783,2017,10,19,19,13844.0
15784,2017,10,19,20,14390.0
15785,2017,10,19,21,14182.0
15786,2017,10,19,22,13606.0
15787,2017,10,19,23,12856.0
15788,2017,10,20,0,11964.0
15789,2017,10,20,1,11430.0
15790,2017,10,20,2,11193.0
15791,2017,10,20,3,11157.0
15792,2017,10,20,4,11099.0
15793,2017,10,20,5,11349.0
15794,2017,10,20,6,11943.0
15795,2017,10,20,7,13309.0
15796,2017,10,20,8,14079.0
15797,2017,10,20,9,14011.0
15798,2017,10,20,10,14095.0
15799,2017,10,20,11,14082.0
15800,2017,10,20,12,14031.0
15801,2017,10,20,13,14066.0
15802,2017,10,20,14,14242.0
15803,2017,10,20,15,14177.0
15804,2017,10,20,16,14107.0
15805,2017,10,20,17,14123.0
15806,2017,10,20,18,13902.0
15807,2017,10,20,19,13716.0
15808,2017,10,20,20,13887.0
15809,2017,10,20,21,13630.0
15810,2017,10,20,22,13062.0
15811,2017,10,20,23,12496.0
15812,2017,10,21,0,11716.0
15813,2017,10,21,1,11089.0
15814,2017,10,21,2,10736.0
15815,2017,10,21,3,10564.0
15816,2017,10,21,4,10474.0
15817,2017,10,21,5,10607.0
15818,2017,10,21,6,10930.0
15819,2017,10,21,7,11433.0
15820,2017,10,21,8,12014.0
15821,2017,10,21,9,12227.0
15822,2017,10,21,10,12599.0
15823,2017,10,21,11,12697.0
15824,2017,10,21,12,12640.0
15825,2017,10,21,13,12645.0
15826,2017,10,21,14,12667.0
15827,2017,10,21,15,12625.0
15828,2017,10,21,16,12582.0
15829,2017,10,21,17,12592.0
15830,2017,10,21,18,12569.0
15831,2017,10,21,19,12549.0
15832,2017,10,21,20,12926.0
15833,2017,10,21,21,12657.0
15834,2017,10,21,22,12215.0
15835,2017,10,21,23,11655.0
15836,2017,10,22,0,11108.0
15837,2017,10,22,1,10563.0
15838,2017,10,22,2,10218.0
15839,2017,10,22,3,9964.0
15840,2017,10,22,4,9956.0
15841,2017,10,22,5,9949.0
15842,2017,10,22,6,10126.0
15843,2017,10,22,7,10461.0
15844,2017,10,22,8,10924.0
15845,2017,10,22,9,11431.0
15846,2017,10,22,10,11752.0
15847,2017,10,22,11,11930.0
15848,2017,10,22,12,12026.0
15849,2017,10,22,13,12154.0
15850,2017,10,22,14,12373.0
15851,2017,10,22,15,12549.0
15852,2017,10,22,16,12707.0
15853,2017,10,22,17,12843.0
15854,2017,10,22,18,12815.0
15855,2017,10,22,19,13117.0
15856,2017,10,22,20,13492.0
15857,2017,10,22,21,13300.0
15858,2017,10,22,22,12617.0
15859,2017,10,22,23,12018.0
15860,2017,10,23,0,11393.0
15861,2017,10,23,1,10962.0
15862,2017,10,23,2,10556.0
15863,2017,10,23,3,10493.0
15864,2017,10,23,4,10392.0
15865,2017,10,23,5,10653.0
15866,2017,10,23,6,11388.0
15867,2017,10,23,7,12659.0
15868,2017,10,23,8,13600.0
15869,2017,10,23,9,13718.0
15870,2017,10,23,10,13962.0
15871,2017,10,23,11,14245.0
15872,2017,10,23,12,14371.0
15873,2017,10,23,13,14374.0
15874,2017,10,23,14,14487.0
15875,2017,10,23,15,14423.0
15876,2017,10,23,16,14197.0
15877,2017,10,23,17,14071.0
15878,2017,10,23,18,14086.0
15879,2017,10,23,19,14331.0
15880,2017,10,23,20,14465.0
15881,2017,10,23,21,14138.0
15882,2017,10,23,22,13446.0
15883,2017,10,23,23,12723.0
15884,2017,10,24,0,11858.0
15885,2017,10,24,1,11384.0
15886,2017,10,24,2,10996.0
15887,2017,10,24,3,10841.0
15888,2017,10,24,4,10800.0
15889,2017,10,24,5,11003.0
15890,2017,10,24,6,11680.0
15891,2017,10,24,7,12947.0
15892,2017,10,24,8,13720.0
15893,2017,10,24,9,13931.0
15894,2017,10,24,10,13964.0
15895,2017,10,24,11,13891.0
15896,2017,10,24,12,13967.0
15897,2017,10,24,13,13988.0
15898,2017,10,24,14,13922.0
15899,2017,10,24,15,13794.0
15900,2017,10,24,16,13609.0
15901,2017,10,24,17,13639.0
15902,2017,10,24,18,13667.0
15903,2017,10,24,19,14011.0
15904,2017,10,24,20,14549.0
15905,2017,10,24,21,14363.0
15906,2017,10,24,22,13853.0
15907,2017,10,24,23,13068.0
15908,2017,10,25,0,12295.0
15909,2017,10,25,1,11809.0
15910,2017,10,25,2,11495.0
15911,2017,10,25,3,11373.0
15912,2017,10,25,4,11352.0
15913,2017,10,25,5,11596.0
15914,2017,10,25,6,12349.0
15915,2017,10,25,7,13709.0
15916,2017,10,25,8,14521.0
15917,2017,10,25,9,14472.0
15918,2017,10,25,10,14398.0
15919,2017,10,25,11,14345.0
15920,2017,10,25,12,14182.0
15921,2017,10,25,13,14137.0
15922,2017,10,25,14,14118.0
15923,2017,10,25,15,13961.0
15924,2017,10,25,16,13855.0
15925,2017,10,25,17,13940.0
15926,2017,10,25,18,14031.0
15927,2017,10,25,19,14486.0
15928,2017,10,25,20,14945.0
15929,2017,10,25,21,14844.0
15930,2017,10,25,22,14432.0
15931,2017,10,25,23,13679.0
15932,2017,10,26,0,12913.0
15933,2017,10,26,1,12444.0
15934,2017,10,26,2,12210.0
15935,2017,10,26,3,12084.0
15936,2017,10,26,4,12210.0
15937,2017,10,26,5,12539.0
15938,2017,10,26,6,13383.0
15939,2017,10,26,7,14802.0
15940,2017,10,26,8,15666.0
15941,2017,10,26,9,15527.0
15942,2017,10,26,10,15368.0
15943,2017,10,26,11,14918.0
15944,2017,10,26,12,14535.0
15945,2017,10,26,13,14203.0
15946,2017,10,26,14,14074.0
15947,2017,10,26,15,13793.0
15948,2017,10,26,16,13543.0
15949,2017,10,26,17,13508.0
15950,2017,10,26,18,13495.0
15951,2017,10,26,19,13802.0
15952,2017,10,26,20,14500.0
15953,2017,10,26,21,14463.0
15954,2017,10,26,22,14140.0
15955,2017,10,26,23,13547.0
15956,2017,10,27,0,12881.0
15957,2017,10,27,1,12388.0
15958,2017,10,27,2,12223.0
15959,2017,10,27,3,12091.0
15960,2017,10,27,4,12017.0
15961,2017,10,27,5,12333.0
15962,2017,10,27,6,13074.0
15963,2017,10,27,7,14335.0
15964,2017,10,27,8,15222.0
15965,2017,10,27,9,15056.0
15966,2017,10,27,10,14785.0
15967,2017,10,27,11,14560.0
15968,2017,10,27,12,14196.0
15969,2017,10,27,13,13902.0
15970,2017,10,27,14,13756.0
15971,2017,10,27,15,13626.0
15972,2017,10,27,16,13622.0
15973,2017,10,27,17,13450.0
15974,2017,10,27,18,13429.0
15975,2017,10,27,19,13588.0
15976,2017,10,27,20,13779.0
15977,2017,10,27,21,13426.0
15978,2017,10,27,22,13095.0
15979,2017,10,27,23,12664.0
15980,2017,10,28,0,12001.0
15981,2017,10,28,1,11478.0
15982,2017,10,28,2,11139.0
15983,2017,10,28,3,10997.0
15984,2017,10,28,4,11022.0
15985,2017,10,28,5,11030.0
15986,2017,10,28,6,11397.0
15987,2017,10,28,7,11859.0
15988,2017,10,28,8,12523.0
15989,2017,10,28,9,13004.0
15990,2017,10,28,10,13351.0
15991,2017,10,28,11,13677.0
15992,2017,10,28,12,13741.0
15993,2017,10,28,13,13610.0
15994,2017,10,28,14,13505.0
15995,2017,10,28,15,13368.0
15996,2017,10,28,16,13296.0
15997,2017,10,28,17,13319.0
15998,2017,10,28,18,13472.0
15999,2017,10,28,19,13704.0
16000,2017,10,28,20,13945.0
16001,2017,10,28,21,13700.0
16002,2017,10,28,22,13336.0
16003,2017,10,28,23,12898.0
16004,2017,10,29,0,12369.0
16005,2017,10,29,1,11940.0
16006,2017,10,29,2,11581.0
16007,2017,10,29,3,11479.0
16008,2017,10,29,4,11455.0
16009,2017,10,29,5,11536.0
16010,2017,10,29,6,11636.0
16011,2017,10,29,7,12088.0
16012,2017,10,29,8,12480.0
16013,2017,10,29,9,13029.0
16014,2017,10,29,10,13481.0
16015,2017,10,29,11,13554.0
16016,2017,10,29,12,13676.0
16017,2017,10,29,13,13741.0
16018,2017,10,29,14,13632.0
16019,2017,10,29,15,13539.0
16020,2017,10,29,16,13660.0
16021,2017,10,29,17,13778.0
16022,2017,10,29,18,14042.0
16023,2017,10,29,19,14445.0
16024,2017,10,29,20,14960.0
16025,2017,10,29,21,14848.0
16026,2017,10,29,22,14375.0
16027,2017,10,29,23,13926.0
16028,2017,10,30,0,13427.0
16029,2017,10,30,1,13092.0
16030,2017,10,30,2,12953.0
16031,2017,10,30,3,12920.0
16032,2017,10,30,4,12963.0
16033,2017,10,30,5,13328.0
16034,2017,10,30,6,14102.0
16035,2017,10,30,7,15629.0
16036,2017,10,30,8,16476.0
16037,2017,10,30,9,16518.0
16038,2017,10,30,10,16295.0
16039,2017,10,30,11,16230.0
16040,2017,10,30,12,15950.0
16041,2017,10,30,13,15671.0
16042,2017,10,30,14,15455.0
16043,2017,10,30,15,15302.0
16044,2017,10,30,16,15072.0
16045,2017,10,30,17,14989.0
16046,2017,10,30,18,15040.0
16047,2017,10,30,19,15442.0
16048,2017,10,30,20,15812.0
16049,2017,10,30,21,15732.0
16050,2017,10,30,22,15191.0
16051,2017,10,30,23,14438.0
16052,2017,10,31,0,13715.0
16053,2017,10,31,1,13261.0
16054,2017,10,31,2,13013.0
16055,2017,10,31,3,12819.0
16056,2017,10,31,4,12978.0
16057,2017,10,31,5,13278.0
16058,2017,10,31,6,14046.0
16059,2017,10,31,7,15452.0
16060,2017,10,31,8,16212.0
16061,2017,10,31,9,16114.0
16062,2017,10,31,10,15860.0
16063,2017,10,31,11,15623.0
16064,2017,10,31,12,15379.0
16065,2017,10,31,13,15134.0
16066,2017,10,31,14,14961.0
16067,2017,10,31,15,14602.0
16068,2017,10,31,16,14240.0
16069,2017,10,31,17,14121.0
16070,2017,10,31,18,14202.0
16071,2017,10,31,19,14477.0
16072,2017,10,31,20,14920.0
16073,2017,10,31,21,15181.0
16074,2017,10,31,22,14994.0
16075,2017,10,31,23,14310.0
16076,2017,11,1,0,13597.0
16077,2017,11,1,1,13194.0
16078,2017,11,1,2,12871.0
16079,2017,11,1,3,12728.0
16080,2017,11,1,4,12776.0
16081,2017,11,1,5,12925.0
16082,2017,11,1,6,13726.0
16083,2017,11,1,7,14841.0
16084,2017,11,1,8,15697.0
16085,2017,11,1,9,15699.0
16086,2017,11,1,10,15664.0
16087,2017,11,1,11,15634.0
16088,2017,11,1,12,15412.0
16089,2017,11,1,13,15278.0
16090,2017,11,1,14,15084.0
16091,2017,11,1,15,14883.0
16092,2017,11,1,16,14668.0
16093,2017,11,1,17,14739.0
16094,2017,11,1,18,14769.0
16095,2017,11,1,19,15095.0
16096,2017,11,1,20,15373.0
16097,2017,11,1,21,15072.0
16098,2017,11,1,22,14654.0
16099,2017,11,1,23,13811.0
16100,2017,11,2,0,12855.0
16101,2017,11,2,1,12224.0
16102,2017,11,2,2,11914.0
16103,2017,11,2,3,11773.0
16104,2017,11,2,4,11668.0
16105,2017,11,2,5,11883.0
16106,2017,11,2,6,12651.0
16107,2017,11,2,7,13891.0
16108,2017,11,2,8,14654.0
16109,2017,11,2,9,14630.0
16110,2017,11,2,10,14627.0
16111,2017,11,2,11,14545.0
16112,2017,11,2,12,14346.0
16113,2017,11,2,13,14268.0
16114,2017,11,2,14,14255.0
16115,2017,11,2,15,14066.0
16116,2017,11,2,16,13980.0
16117,2017,11,2,17,13958.0
16118,2017,11,2,18,13899.0
16119,2017,11,2,19,14363.0
16120,2017,11,2,20,14649.0
16121,2017,11,2,21,14388.0
16122,2017,11,2,22,13872.0
16123,2017,11,2,23,13082.0
16124,2017,11,3,0,12300.0
16125,2017,11,3,1,11766.0
16126,2017,11,3,2,11448.0
16127,2017,11,3,3,11257.0
16128,2017,11,3,4,11192.0
16129,2017,11,3,5,11478.0
16130,2017,11,3,6,12061.0
16131,2017,11,3,7,13249.0
16132,2017,11,3,8,14295.0
16133,2017,11,3,9,14278.0
16134,2017,11,3,10,14273.0
16135,2017,11,3,11,14219.0
16136,2017,11,3,12,14057.0
16137,2017,11,3,13,14061.0
16138,2017,11,3,14,14031.0
16139,2017,11,3,15,13791.0
16140,2017,11,3,16,13646.0
16141,2017,11,3,17,13475.0
16142,2017,11,3,18,13407.0
16143,2017,11,3,19,13639.0
16144,2017,11,3,20,13930.0
16145,2017,11,3,21,13735.0
16146,2017,11,3,22,13459.0
16147,2017,11,3,23,12789.0
16148,2017,11,4,0,12140.0
16149,2017,11,4,1,11587.0
16150,2017,11,4,2,11296.0
16151,2017,11,4,3,11100.0
16152,2017,11,4,4,10984.0
16153,2017,11,4,5,11155.0
16154,2017,11,4,6,11465.0
16155,2017,11,4,7,11890.0
16156,2017,11,4,8,12397.0
16157,2017,11,4,9,12802.0
16158,2017,11,4,10,13121.0
16159,2017,11,4,11,13272.0
16160,2017,11,4,12,13207.0
16161,2017,11,4,13,12951.0
16162,2017,11,4,14,12907.0
16163,2017,11,4,15,12725.0
16164,2017,11,4,16,12585.0
16165,2017,11,4,17,12618.0
16166,2017,11,4,18,12712.0
16167,2017,11,4,19,12983.0
16168,2017,11,4,20,13135.0
16169,2017,11,4,21,12871.0
16170,2017,11,4,22,12343.0
16171,2017,11,4,23,11982.0
16172,2017,11,5,0,11424.0
16173,2017,11,5,1,10936.0
16174,2017,11,5,2,10596.0
16175,2017,11,5,2,10446.0
16176,2017,11,5,3,10291.0
16177,2017,11,5,4,10270.0
16178,2017,11,5,5,10355.0
16179,2017,11,5,6,10531.0
16180,2017,11,5,7,10970.0
16181,2017,11,5,8,11424.0
16182,2017,11,5,9,12029.0
16183,2017,11,5,10,12388.0
16184,2017,11,5,11,12409.0
16185,2017,11,5,12,12509.0
16186,2017,11,5,13,12614.0
16187,2017,11,5,14,12526.0
16188,2017,11,5,15,12525.0
16189,2017,11,5,16,12406.0
16190,2017,11,5,17,12581.0
16191,2017,11,5,18,13192.0
16192,2017,11,5,19,13452.0
16193,2017,11,5,20,13325.0
16194,2017,11,5,21,13059.0
16195,2017,11,5,22,12576.0
16196,2017,11,5,23,11985.0
16197,2017,11,6,0,11441.0
16198,2017,11,6,1,11071.0
16199,2017,11,6,2,10917.0
16200,2017,11,6,3,10822.0
16201,2017,11,6,4,10837.0
16202,2017,11,6,5,11000.0
16203,2017,11,6,6,11765.0
16204,2017,11,6,7,13074.0
16205,2017,11,6,8,13821.0
16206,2017,11,6,9,13957.0
16207,2017,11,6,10,14107.0
16208,2017,11,6,11,14260.0
16209,2017,11,6,12,14232.0
16210,2017,11,6,13,14223.0
16211,2017,11,6,14,14123.0
16212,2017,11,6,15,14082.0
16213,2017,11,6,16,13995.0
16214,2017,11,6,17,14088.0
16215,2017,11,6,18,14596.0
16216,2017,11,6,19,14941.0
16217,2017,11,6,20,14753.0
16218,2017,11,6,21,14455.0
16219,2017,11,6,22,13855.0
16220,2017,11,6,23,13164.0
16221,2017,11,7,0,12498.0
16222,2017,11,7,1,12002.0
16223,2017,11,7,2,11745.0
16224,2017,11,7,3,11656.0
16225,2017,11,7,4,11769.0
16226,2017,11,7,5,11970.0
16227,2017,11,7,6,12727.0
16228,2017,11,7,7,14096.0
16229,2017,11,7,8,14733.0
16230,2017,11,7,9,14891.0
16231,2017,11,7,10,14919.0
16232,2017,11,7,11,15020.0
16233,2017,11,7,12,14884.0
16234,2017,11,7,13,14880.0
16235,2017,11,7,14,14729.0
16236,2017,11,7,15,14727.0
16237,2017,11,7,16,14593.0
16238,2017,11,7,17,14741.0
16239,2017,11,7,18,15174.0
16240,2017,11,7,19,15695.0
16241,2017,11,7,20,15539.0
16242,2017,11,7,21,15322.0
16243,2017,11,7,22,14773.0
16244,2017,11,7,23,13959.0
16245,2017,11,8,0,13295.0
16246,2017,11,8,1,12975.0
16247,2017,11,8,2,12727.0
16248,2017,11,8,3,12675.0
16249,2017,11,8,4,12752.0
16250,2017,11,8,5,12955.0
16251,2017,11,8,6,13931.0
16252,2017,11,8,7,15202.0
16253,2017,11,8,8,15673.0
16254,2017,11,8,9,15589.0
16255,2017,11,8,10,15399.0
16256,2017,11,8,11,15318.0
16257,2017,11,8,12,15164.0
16258,2017,11,8,13,15107.0
16259,2017,11,8,14,14966.0
16260,2017,11,8,15,14820.0
16261,2017,11,8,16,14656.0
16262,2017,11,8,17,14819.0
16263,2017,11,8,18,15457.0
16264,2017,11,8,19,15860.0
16265,2017,11,8,20,15808.0
16266,2017,11,8,21,15630.0
16267,2017,11,8,22,15180.0
16268,2017,11,8,23,14508.0
16269,2017,11,9,0,13820.0
16270,2017,11,9,1,13401.0
16271,2017,11,9,2,13033.0
16272,2017,11,9,3,13036.0
16273,2017,11,9,4,13032.0
16274,2017,11,9,5,13390.0
16275,2017,11,9,6,14128.0
16276,2017,11,9,7,15502.0
16277,2017,11,9,8,16060.0
16278,2017,11,9,9,15773.0
16279,2017,11,9,10,15570.0
16280,2017,11,9,11,15340.0
16281,2017,11,9,12,15109.0
16282,2017,11,9,13,14823.0
16283,2017,11,9,14,14803.0
16284,2017,11,9,15,14542.0
16285,2017,11,9,16,14440.0
16286,2017,11,9,17,14516.0
16287,2017,11,9,18,15137.0
16288,2017,11,9,19,15682.0
16289,2017,11,9,20,15682.0
16290,2017,11,9,21,15590.0
16291,2017,11,9,22,15180.0
16292,2017,11,9,23,14533.0
16293,2017,11,10,0,13926.0
16294,2017,11,10,1,13588.0
16295,2017,11,10,2,13454.0
16296,2017,11,10,3,13473.0
16297,2017,11,10,4,13479.0
16298,2017,11,10,5,13914.0
16299,2017,11,10,6,14601.0
16300,2017,11,10,7,15859.0
16301,2017,11,10,8,16505.0
16302,2017,11,10,9,16399.0
16303,2017,11,10,10,16220.0
16304,2017,11,10,11,16056.0
16305,2017,11,10,12,15811.0
16306,2017,11,10,13,15594.0
16307,2017,11,10,14,15315.0
16308,2017,11,10,15,15130.0
16309,2017,11,10,16,15104.0
16310,2017,11,10,17,15289.0
16311,2017,11,10,18,16071.0
16312,2017,11,10,19,16547.0
16313,2017,11,10,20,16516.0
16314,2017,11,10,21,16533.0
16315,2017,11,10,22,16256.0
16316,2017,11,10,23,15855.0
16317,2017,11,11,0,15334.0
16318,2017,11,11,1,14906.0
16319,2017,11,11,2,14707.0
16320,2017,11,11,3,14651.0
16321,2017,11,11,4,14649.0
16322,2017,11,11,5,14866.0
16323,2017,11,11,6,15312.0
16324,2017,11,11,7,15839.0
16325,2017,11,11,8,16195.0
16326,2017,11,11,9,16416.0
16327,2017,11,11,10,16395.0
16328,2017,11,11,11,15973.0
16329,2017,11,11,12,15529.0
16330,2017,11,11,13,14845.0
16331,2017,11,11,14,14420.0
16332,2017,11,11,15,14166.0
16333,2017,11,11,16,14096.0
16334,2017,11,11,17,14403.0
16335,2017,11,11,18,15092.0
16336,2017,11,11,19,15456.0
16337,2017,11,11,20,15502.0
16338,2017,11,11,21,15268.0
16339,2017,11,11,22,15002.0
16340,2017,11,11,23,14549.0
16341,2017,11,12,0,14058.0
16342,2017,11,12,1,13660.0
16343,2017,11,12,2,13455.0
16344,2017,11,12,3,13277.0
16345,2017,11,12,4,13330.0
16346,2017,11,12,5,13282.0
16347,2017,11,12,6,13572.0
16348,2017,11,12,7,13869.0
16349,2017,11,12,8,14277.0
16350,2017,11,12,9,14604.0
16351,2017,11,12,10,14706.0
16352,2017,11,12,11,14372.0
16353,2017,11,12,12,14101.0
16354,2017,11,12,13,13901.0
16355,2017,11,12,14,13764.0
16356,2017,11,12,15,13688.0
16357,2017,11,12,16,13644.0
16358,2017,11,12,17,13957.0
16359,2017,11,12,18,14644.0
16360,2017,11,12,19,14906.0
16361,2017,11,12,20,14789.0
16362,2017,11,12,21,14621.0
16363,2017,11,12,22,14119.0
16364,2017,11,12,23,13643.0
16365,2017,11,13,0,13081.0
16366,2017,11,13,1,12628.0
16367,2017,11,13,2,12578.0
16368,2017,11,13,3,12510.0
16369,2017,11,13,4,12639.0
16370,2017,11,13,5,13081.0
16371,2017,11,13,6,13870.0
16372,2017,11,13,7,15199.0
16373,2017,11,13,8,15967.0
16374,2017,11,13,9,16007.0
16375,2017,11,13,10,16019.0
16376,2017,11,13,11,16102.0
16377,2017,11,13,12,15966.0
16378,2017,11,13,13,15761.0
16379,2017,11,13,14,15840.0
16380,2017,11,13,15,15720.0
16381,2017,11,13,16,15644.0
16382,2017,11,13,17,15808.0
16383,2017,11,13,18,16427.0
16384,2017,11,13,19,16510.0
16385,2017,11,13,20,16445.0
16386,2017,11,13,21,16211.0
16387,2017,11,13,22,15595.0
16388,2017,11,13,23,14884.0
16389,2017,11,14,0,14230.0
16390,2017,11,14,1,13746.0
16391,2017,11,14,2,13482.0
16392,2017,11,14,3,13410.0
16393,2017,11,14,4,13483.0
16394,2017,11,14,5,13821.0
16395,2017,11,14,6,14527.0
16396,2017,11,14,7,15726.0
16397,2017,11,14,8,16375.0
16398,2017,11,14,9,16251.0
16399,2017,11,14,10,16049.0
16400,2017,11,14,11,15750.0
16401,2017,11,14,12,15399.0
16402,2017,11,14,13,15195.0
16403,2017,11,14,14,15116.0
16404,2017,11,14,15,14735.0
16405,2017,11,14,16,14566.0
16406,2017,11,14,17,14821.0
16407,2017,11,14,18,15729.0
16408,2017,11,14,19,16262.0
16409,2017,11,14,20,16299.0
16410,2017,11,14,21,16238.0
16411,2017,11,14,22,15933.0
16412,2017,11,14,23,15306.0
16413,2017,11,15,0,14735.0
16414,2017,11,15,1,14359.0
16415,2017,11,15,2,14235.0
16416,2017,11,15,3,14142.0
16417,2017,11,15,4,14347.0
16418,2017,11,15,5,14649.0
16419,2017,11,15,6,15400.0
16420,2017,11,15,7,16788.0
16421,2017,11,15,8,17126.0
16422,2017,11,15,9,17010.0
16423,2017,11,15,10,16634.0
16424,2017,11,15,11,16328.0
16425,2017,11,15,12,15947.0
16426,2017,11,15,13,15638.0
16427,2017,11,15,14,15474.0
16428,2017,11,15,15,15179.0
16429,2017,11,15,16,15107.0
16430,2017,11,15,17,15318.0
16431,2017,11,15,18,16060.0
16432,2017,11,15,19,16154.0
16433,2017,11,15,20,15974.0
16434,2017,11,15,21,15628.0
16435,2017,11,15,22,15152.0
16436,2017,11,15,23,14243.0
16437,2017,11,16,0,13598.0
16438,2017,11,16,1,13160.0
16439,2017,11,16,2,12864.0
16440,2017,11,16,3,12732.0
16441,2017,11,16,4,12732.0
16442,2017,11,16,5,13105.0
16443,2017,11,16,6,13837.0
16444,2017,11,16,7,15289.0
16445,2017,11,16,8,15886.0
16446,2017,11,16,9,15882.0
16447,2017,11,16,10,15890.0
16448,2017,11,16,11,15833.0
16449,2017,11,16,12,15659.0
16450,2017,11,16,13,15517.0
16451,2017,11,16,14,15465.0
16452,2017,11,16,15,15243.0
16453,2017,11,16,16,15205.0
16454,2017,11,16,17,15502.0
16455,2017,11,16,18,15985.0
16456,2017,11,16,19,16324.0
16457,2017,11,16,20,16257.0
16458,2017,11,16,21,16100.0
16459,2017,11,16,22,15664.0
16460,2017,11,16,23,14806.0
16461,2017,11,17,0,14173.0
16462,2017,11,17,1,13768.0
16463,2017,11,17,2,13483.0
16464,2017,11,17,3,13405.0
16465,2017,11,17,4,13440.0
16466,2017,11,17,5,13716.0
16467,2017,11,17,6,14628.0
16468,2017,11,17,7,15951.0
16469,2017,11,17,8,16658.0
16470,2017,11,17,9,16589.0
16471,2017,11,17,10,16241.0
16472,2017,11,17,11,15837.0
16473,2017,11,17,12,15319.0
16474,2017,11,17,13,14936.0
16475,2017,11,17,14,14675.0
16476,2017,11,17,15,14372.0
16477,2017,11,17,16,14189.0
16478,2017,11,17,17,14409.0
16479,2017,11,17,18,15127.0
16480,2017,11,17,19,15392.0
16481,2017,11,17,20,15349.0
16482,2017,11,17,21,15325.0
16483,2017,11,17,22,14986.0
16484,2017,11,17,23,14534.0
16485,2017,11,18,0,13874.0
16486,2017,11,18,1,13300.0
16487,2017,11,18,2,12947.0
16488,2017,11,18,3,12712.0
16489,2017,11,18,4,12597.0
16490,2017,11,18,5,12549.0
16491,2017,11,18,6,12828.0
16492,2017,11,18,7,13281.0
16493,2017,11,18,8,13690.0
16494,2017,11,18,9,14002.0
16495,2017,11,18,10,14243.0
16496,2017,11,18,11,14246.0
16497,2017,11,18,12,14176.0
16498,2017,11,18,13,13977.0
16499,2017,11,18,14,13648.0
16500,2017,11,18,15,13457.0
16501,2017,11,18,16,13444.0
16502,2017,11,18,17,13572.0
16503,2017,11,18,18,14144.0
16504,2017,11,18,19,14066.0
16505,2017,11,18,20,13917.0
16506,2017,11,18,21,13625.0
16507,2017,11,18,22,13191.0
16508,2017,11,18,23,12753.0
16509,2017,11,19,0,12197.0
16510,2017,11,19,1,11796.0
16511,2017,11,19,2,11636.0
16512,2017,11,19,3,11571.0
16513,2017,11,19,4,11643.0
16514,2017,11,19,5,11721.0
16515,2017,11,19,6,12055.0
16516,2017,11,19,7,12571.0
16517,2017,11,19,8,13184.0
16518,2017,11,19,9,13801.0
16519,2017,11,19,10,14202.0
16520,2017,11,19,11,14251.0
16521,2017,11,19,12,14311.0
16522,2017,11,19,13,14363.0
16523,2017,11,19,14,14408.0
16524,2017,11,19,15,14420.0
16525,2017,11,19,16,14470.0
16526,2017,11,19,17,14935.0
16527,2017,11,19,18,15630.0
16528,2017,11,19,19,15875.0
16529,2017,11,19,20,15917.0
16530,2017,11,19,21,15906.0
16531,2017,11,19,22,15419.0
16532,2017,11,19,23,14947.0
16533,2017,11,20,0,14421.0
16534,2017,11,20,1,14079.0
16535,2017,11,20,2,14068.0
16536,2017,11,20,3,14101.0
16537,2017,11,20,4,14328.0
16538,2017,11,20,5,14802.0
16539,2017,11,20,6,15672.0
16540,2017,11,20,7,17007.0
16541,2017,11,20,8,17727.0
16542,2017,11,20,9,17522.0
16543,2017,11,20,10,16937.0
16544,2017,11,20,11,16550.0
16545,2017,11,20,12,15965.0
16546,2017,11,20,13,15603.0
16547,2017,11,20,14,15252.0
16548,2017,11,20,15,14926.0
16549,2017,11,20,16,14787.0
16550,2017,11,20,17,14994.0
16551,2017,11,20,18,15979.0
16552,2017,11,20,19,16491.0
16553,2017,11,20,20,16566.0
16554,2017,11,20,21,16459.0
16555,2017,11,20,22,16260.0
16556,2017,11,20,23,15608.0
16557,2017,11,21,0,15042.0
16558,2017,11,21,1,14525.0
16559,2017,11,21,2,14379.0
16560,2017,11,21,3,14447.0
16561,2017,11,21,4,14471.0
16562,2017,11,21,5,14804.0
16563,2017,11,21,6,15610.0
16564,2017,11,21,7,16906.0
16565,2017,11,21,8,17429.0
16566,2017,11,21,9,17115.0
16567,2017,11,21,10,16596.0
16568,2017,11,21,11,16177.0
16569,2017,11,21,12,15585.0
16570,2017,11,21,13,15105.0
16571,2017,11,21,14,14839.0
16572,2017,11,21,15,14571.0
16573,2017,11,21,16,14406.0
16574,2017,11,21,17,14568.0
16575,2017,11,21,18,15237.0
16576,2017,11,21,19,15514.0
16577,2017,11,21,20,15350.0
16578,2017,11,21,21,15240.0
16579,2017,11,21,22,14845.0
16580,2017,11,21,23,14201.0
16581,2017,11,22,0,13488.0
16582,2017,11,22,1,13084.0
16583,2017,11,22,2,12782.0
16584,2017,11,22,3,12709.0
16585,2017,11,22,4,12787.0
16586,2017,11,22,5,13046.0
16587,2017,11,22,6,13831.0
16588,2017,11,22,7,14809.0
16589,2017,11,22,8,15580.0
16590,2017,11,22,9,15723.0
16591,2017,11,22,10,15895.0
16592,2017,11,22,11,15854.0
16593,2017,11,22,12,15759.0
16594,2017,11,22,13,15517.0
16595,2017,11,22,14,15399.0
16596,2017,11,22,15,15114.0
16597,2017,11,22,16,14938.0
16598,2017,11,22,17,15090.0
16599,2017,11,22,18,15840.0
16600,2017,11,22,19,16138.0
16601,2017,11,22,20,16156.0
16602,2017,11,22,21,16077.0
16603,2017,11,22,22,15816.0
16604,2017,11,22,23,15212.0
16605,2017,11,23,0,14506.0
16606,2017,11,23,1,14071.0
16607,2017,11,23,2,13904.0
16608,2017,11,23,3,13922.0
16609,2017,11,23,4,13930.0
16610,2017,11,23,5,14107.0
16611,2017,11,23,6,14498.0
16612,2017,11,23,7,15052.0
16613,2017,11,23,8,15535.0
16614,2017,11,23,9,15912.0
16615,2017,11,23,10,15887.0
16616,2017,11,23,11,15598.0
16617,2017,11,23,12,15048.0
16618,2017,11,23,13,14118.0
16619,2017,11,23,14,13161.0
16620,2017,11,23,15,12602.0
16621,2017,11,23,16,12320.0
16622,2017,11,23,17,12244.0
16623,2017,11,23,18,13002.0
16624,2017,11,23,19,13388.0
16625,2017,11,23,20,13685.0
16626,2017,11,23,21,13822.0
16627,2017,11,23,22,13901.0
16628,2017,11,23,23,13712.0
16629,2017,11,24,0,13508.0
16630,2017,11,24,1,13298.0
16631,2017,11,24,2,13216.0
16632,2017,11,24,3,13344.0
16633,2017,11,24,4,13448.0
16634,2017,11,24,5,13765.0
16635,2017,11,24,6,14230.0
16636,2017,11,24,7,14787.0
16637,2017,11,24,8,15126.0
16638,2017,11,24,9,15147.0
16639,2017,11,24,10,14670.0
16640,2017,11,24,11,14158.0
16641,2017,11,24,12,13549.0
16642,2017,11,24,13,13051.0
16643,2017,11,24,14,12620.0
16644,2017,11,24,15,12386.0
16645,2017,11,24,16,12339.0
16646,2017,11,24,17,12544.0
16647,2017,11,24,18,13410.0
16648,2017,11,24,19,13701.0
16649,2017,11,24,20,13793.0
16650,2017,11,24,21,13825.0
16651,2017,11,24,22,13653.0
16652,2017,11,24,23,13283.0
16653,2017,11,25,0,12761.0
16654,2017,11,25,1,12448.0
16655,2017,11,25,2,12330.0
16656,2017,11,25,3,12263.0
16657,2017,11,25,4,12169.0
16658,2017,11,25,5,12300.0
16659,2017,11,25,6,12529.0
16660,2017,11,25,7,12970.0
16661,2017,11,25,8,13400.0
16662,2017,11,25,9,13590.0
16663,2017,11,25,10,13629.0
16664,2017,11,25,11,13463.0
16665,2017,11,25,12,13195.0
16666,2017,11,25,13,12870.0
16667,2017,11,25,14,12553.0
16668,2017,11,25,15,12344.0
16669,2017,11,25,16,12205.0
16670,2017,11,25,17,12411.0
16671,2017,11,25,18,13145.0
16672,2017,11,25,19,13554.0
16673,2017,11,25,20,13712.0
16674,2017,11,25,21,13765.0
16675,2017,11,25,22,13544.0
16676,2017,11,25,23,13254.0
16677,2017,11,26,0,12840.0
16678,2017,11,26,1,12422.0
16679,2017,11,26,2,12308.0
16680,2017,11,26,3,12406.0
16681,2017,11,26,4,12420.0
16682,2017,11,26,5,12605.0
16683,2017,11,26,6,13051.0
16684,2017,11,26,7,13619.0
16685,2017,11,26,8,14186.0
16686,2017,11,26,9,14432.0
16687,2017,11,26,10,14181.0
16688,2017,11,26,11,13771.0
16689,2017,11,26,12,13484.0
16690,2017,11,26,13,13408.0
16691,2017,11,26,14,13128.0
16692,2017,11,26,15,12951.0
16693,2017,11,26,16,12968.0
16694,2017,11,26,17,13348.0
16695,2017,11,26,18,14541.0
16696,2017,11,26,19,15138.0
16697,2017,11,26,20,15366.0
16698,2017,11,26,21,15404.0
16699,2017,11,26,22,15171.0
16700,2017,11,26,23,14703.0
16701,2017,11,27,0,14199.0
16702,2017,11,27,1,13987.0
16703,2017,11,27,2,13931.0
16704,2017,11,27,3,13912.0
16705,2017,11,27,4,14051.0
16706,2017,11,27,5,14510.0
16707,2017,11,27,6,15447.0
16708,2017,11,27,7,16698.0
16709,2017,11,27,8,17421.0
16710,2017,11,27,9,17157.0
16711,2017,11,27,10,16612.0
16712,2017,11,27,11,16196.0
16713,2017,11,27,12,15584.0
16714,2017,11,27,13,15260.0
16715,2017,11,27,14,14831.0
16716,2017,11,27,15,14557.0
16717,2017,11,27,16,14390.0
16718,2017,11,27,17,14492.0
16719,2017,11,27,18,15565.0
16720,2017,11,27,19,16039.0
16721,2017,11,27,20,16202.0
16722,2017,11,27,21,16083.0
16723,2017,11,27,22,15639.0
16724,2017,11,27,23,14921.0
16725,2017,11,28,0,14213.0
16726,2017,11,28,1,13884.0
16727,2017,11,28,2,13701.0
16728,2017,11,28,3,13719.0
16729,2017,11,28,4,13818.0
16730,2017,11,28,5,14160.0
16731,2017,11,28,6,15026.0
16732,2017,11,28,7,16408.0
16733,2017,11,28,8,17091.0
16734,2017,11,28,9,16815.0
16735,2017,11,28,10,16162.0
16736,2017,11,28,11,15515.0
16737,2017,11,28,12,15008.0
16738,2017,11,28,13,14817.0
16739,2017,11,28,14,14556.0
16740,2017,11,28,15,14315.0
16741,2017,11,28,16,14038.0
16742,2017,11,28,17,14210.0
16743,2017,11,28,18,15050.0
16744,2017,11,28,19,15568.0
16745,2017,11,28,20,15518.0
16746,2017,11,28,21,15516.0
16747,2017,11,28,22,15137.0
16748,2017,11,28,23,14444.0
16749,2017,11,29,0,13682.0
16750,2017,11,29,1,13469.0
16751,2017,11,29,2,13267.0
16752,2017,11,29,3,13173.0
16753,2017,11,29,4,13284.0
16754,2017,11,29,5,13539.0
16755,2017,11,29,6,14428.0
16756,2017,11,29,7,15853.0
16757,2017,11,29,8,16443.0
16758,2017,11,29,9,16103.0
16759,2017,11,29,10,15633.0
16760,2017,11,29,11,15158.0
16761,2017,11,29,12,14663.0
16762,2017,11,29,13,14487.0
16763,2017,11,29,14,14246.0
16764,2017,11,29,15,14086.0
16765,2017,11,29,16,13952.0
16766,2017,11,29,17,14158.0
16767,2017,11,29,18,15015.0
16768,2017,11,29,19,15470.0
16769,2017,11,29,20,15503.0
16770,2017,11,29,21,15503.0
16771,2017,11,29,22,15194.0
16772,2017,11,29,23,14358.0
16773,2017,11,30,0,13776.0
16774,2017,11,30,1,13472.0
16775,2017,11,30,2,13144.0
16776,2017,11,30,3,12939.0
16777,2017,11,30,4,13055.0
16778,2017,11,30,5,13418.0
16779,2017,11,30,6,14136.0
16780,2017,11,30,7,15658.0
16781,2017,11,30,8,16268.0
16782,2017,11,30,9,16193.0
16783,2017,11,30,10,15717.0
16784,2017,11,30,11,15473.0
16785,2017,11,30,12,15216.0
16786,2017,11,30,13,14875.0
16787,2017,11,30,14,14639.0
16788,2017,11,30,15,14569.0
16789,2017,11,30,16,14389.0
16790,2017,11,30,17,14639.0
16791,2017,11,30,18,15264.0
16792,2017,11,30,19,15506.0
16793,2017,11,30,20,15496.0
16794,2017,11,30,21,15311.0
16795,2017,11,30,22,14978.0
16796,2017,11,30,23,14402.0
16797,2017,12,1,0,13483.0
16798,2017,12,1,1,13125.0
16799,2017,12,1,2,12878.0
16800,2017,12,1,3,12955.0
16801,2017,12,1,4,13042.0
16802,2017,12,1,5,13404.0
16803,2017,12,1,6,14354.0
16804,2017,12,1,7,15788.0
16805,2017,12,1,8,16366.0
16806,2017,12,1,9,16274.0
16807,2017,12,1,10,15937.0
16808,2017,12,1,11,15532.0
16809,2017,12,1,12,14986.0
16810,2017,12,1,13,14605.0
16811,2017,12,1,14,14324.0
16812,2017,12,1,15,14005.0
16813,2017,12,1,16,13917.0
16814,2017,12,1,17,14062.0
16815,2017,12,1,18,15020.0
16816,2017,12,1,19,15218.0
16817,2017,12,1,20,15276.0
16818,2017,12,1,21,15457.0
16819,2017,12,1,22,15321.0
16820,2017,12,1,23,14882.0
16821,2017,12,2,0,14248.0
16822,2017,12,2,1,13756.0
16823,2017,12,2,2,13564.0
16824,2017,12,2,3,13525.0
16825,2017,12,2,4,13529.0
16826,2017,12,2,5,13699.0
16827,2017,12,2,6,13986.0
16828,2017,12,2,7,14432.0
16829,2017,12,2,8,15055.0
16830,2017,12,2,9,15355.0
16831,2017,12,2,10,15231.0
16832,2017,12,2,11,14950.0
16833,2017,12,2,12,14522.0
16834,2017,12,2,13,14052.0
16835,2017,12,2,14,13585.0
16836,2017,12,2,15,13172.0
16837,2017,12,2,16,13041.0
16838,2017,12,2,17,13392.0
16839,2017,12,2,18,14377.0
16840,2017,12,2,19,14666.0
16841,2017,12,2,20,14723.0
16842,2017,12,2,21,14679.0
16843,2017,12,2,22,14345.0
16844,2017,12,2,23,14033.0
16845,2017,12,3,0,13485.0
16846,2017,12,3,1,13070.0
16847,2017,12,3,2,12778.0
16848,2017,12,3,3,12695.0
16849,2017,12,3,4,12725.0
16850,2017,12,3,5,12937.0
16851,2017,12,3,6,13282.0
16852,2017,12,3,7,13697.0
16853,2017,12,3,8,14290.0
16854,2017,12,3,9,14629.0
16855,2017,12,3,10,14377.0
16856,2017,12,3,11,13922.0
16857,2017,12,3,12,13434.0
16858,2017,12,3,13,13184.0
16859,2017,12,3,14,12842.0
16860,2017,12,3,15,12584.0
16861,2017,12,3,16,12534.0
16862,2017,12,3,17,12956.0
16863,2017,12,3,18,14232.0
16864,2017,12,3,19,14817.0
16865,2017,12,3,20,15002.0
16866,2017,12,3,21,15021.0
16867,2017,12,3,22,14779.0
16868,2017,12,3,23,14297.0
16869,2017,12,4,0,13927.0
16870,2017,12,4,1,13722.0
16871,2017,12,4,2,13605.0
16872,2017,12,4,3,13644.0
16873,2017,12,4,4,13807.0
16874,2017,12,4,5,14262.0
16875,2017,12,4,6,15112.0
16876,2017,12,4,7,16656.0
16877,2017,12,4,8,17321.0
16878,2017,12,4,9,17074.0
16879,2017,12,4,10,16585.0
16880,2017,12,4,11,16085.0
16881,2017,12,4,12,15449.0
16882,2017,12,4,13,15068.0
16883,2017,12,4,14,14787.0
16884,2017,12,4,15,14634.0
16885,2017,12,4,16,14416.0
16886,2017,12,4,17,14586.0
16887,2017,12,4,18,15572.0
16888,2017,12,4,19,15929.0
16889,2017,12,4,20,15858.0
16890,2017,12,4,21,15760.0
16891,2017,12,4,22,15188.0
16892,2017,12,4,23,14321.0
16893,2017,12,5,0,13522.0
16894,2017,12,5,1,12998.0
16895,2017,12,5,2,12546.0
16896,2017,12,5,3,12393.0
16897,2017,12,5,4,12348.0
16898,2017,12,5,5,12752.0
16899,2017,12,5,6,13436.0
16900,2017,12,5,7,14675.0
16901,2017,12,5,8,15452.0
16902,2017,12,5,9,15355.0
16903,2017,12,5,10,15268.0
16904,2017,12,5,11,15239.0
16905,2017,12,5,12,15126.0
16906,2017,12,5,13,15027.0
16907,2017,12,5,14,15019.0
16908,2017,12,5,15,15105.0
16909,2017,12,5,16,15051.0
16910,2017,12,5,17,15511.0
16911,2017,12,5,18,16187.0
16912,2017,12,5,19,16356.0
16913,2017,12,5,20,16357.0
16914,2017,12,5,21,16191.0
16915,2017,12,5,22,15817.0
16916,2017,12,5,23,15123.0
16917,2017,12,6,0,14264.0
16918,2017,12,6,1,13772.0
16919,2017,12,6,2,13628.0
16920,2017,12,6,3,13730.0
16921,2017,12,6,4,13815.0
16922,2017,12,6,5,14224.0
16923,2017,12,6,6,15186.0
16924,2017,12,6,7,16500.0
16925,2017,12,6,8,17373.0
16926,2017,12,6,9,17330.0
16927,2017,12,6,10,17009.0
16928,2017,12,6,11,16761.0
16929,2017,12,6,12,16463.0
16930,2017,12,6,13,16216.0
16931,2017,12,6,14,16194.0
16932,2017,12,6,15,16060.0
16933,2017,12,6,16,15962.0
16934,2017,12,6,17,16284.0
16935,2017,12,6,18,17135.0
16936,2017,12,6,19,17493.0
16937,2017,12,6,20,17425.0
16938,2017,12,6,21,17273.0
16939,2017,12,6,22,16911.0
16940,2017,12,6,23,16083.0
16941,2017,12,7,0,15393.0
16942,2017,12,7,1,14867.0
16943,2017,12,7,2,14706.0
16944,2017,12,7,3,14597.0
16945,2017,12,7,4,14668.0
16946,2017,12,7,5,14942.0
16947,2017,12,7,6,15805.0
16948,2017,12,7,7,17191.0
16949,2017,12,7,8,17990.0
16950,2017,12,7,9,17827.0
16951,2017,12,7,10,17682.0
16952,2017,12,7,11,17382.0
16953,2017,12,7,12,16960.0
16954,2017,12,7,13,16699.0
16955,2017,12,7,14,16658.0
16956,2017,12,7,15,16528.0
16957,2017,12,7,16,16466.0
16958,2017,12,7,17,16787.0
16959,2017,12,7,18,17715.0
16960,2017,12,7,19,17949.0
16961,2017,12,7,20,18008.0
16962,2017,12,7,21,18034.0
16963,2017,12,7,22,17647.0
16964,2017,12,7,23,16817.0
16965,2017,12,8,0,16026.0
16966,2017,12,8,1,15483.0
16967,2017,12,8,2,15378.0
16968,2017,12,8,3,15295.0
16969,2017,12,8,4,15487.0
16970,2017,12,8,5,15767.0
16971,2017,12,8,6,16557.0
16972,2017,12,8,7,17906.0
16973,2017,12,8,8,18636.0
16974,2017,12,8,9,18386.0
16975,2017,12,8,10,18220.0
16976,2017,12,8,11,18147.0
16977,2017,12,8,12,18000.0
16978,2017,12,8,13,17737.0
16979,2017,12,8,14,17695.0
16980,2017,12,8,15,17396.0
16981,2017,12,8,16,17271.0
16982,2017,12,8,17,17448.0
16983,2017,12,8,18,18128.0
16984,2017,12,8,19,18227.0
16985,2017,12,8,20,18083.0
16986,2017,12,8,21,17849.0
16987,2017,12,8,22,17488.0
16988,2017,12,8,23,16831.0
16989,2017,12,9,0,16006.0
16990,2017,12,9,1,15394.0
16991,2017,12,9,2,15336.0
16992,2017,12,9,3,15159.0
16993,2017,12,9,4,15222.0
16994,2017,12,9,5,15397.0
16995,2017,12,9,6,15742.0
16996,2017,12,9,7,16299.0
16997,2017,12,9,8,16876.0
16998,2017,12,9,9,17312.0
16999,2017,12,9,10,17437.0
17000,2017,12,9,11,17245.0
17001,2017,12,9,12,17029.0
17002,2017,12,9,13,16562.0
17003,2017,12,9,14,16256.0
17004,2017,12,9,15,16196.0
17005,2017,12,9,16,16213.0
17006,2017,12,9,17,16483.0
17007,2017,12,9,18,17354.0
17008,2017,12,9,19,17531.0
17009,2017,12,9,20,17331.0
17010,2017,12,9,21,17107.0
17011,2017,12,9,22,16777.0
17012,2017,12,9,23,16230.0
17013,2017,12,10,0,15518.0
17014,2017,12,10,1,15095.0
17015,2017,12,10,2,14805.0
17016,2017,12,10,3,14637.0
17017,2017,12,10,4,14669.0
17018,2017,12,10,5,14671.0
17019,2017,12,10,6,14875.0
17020,2017,12,10,7,15244.0
17021,2017,12,10,8,15908.0
17022,2017,12,10,9,16330.0
17023,2017,12,10,10,16547.0
17024,2017,12,10,11,16426.0
17025,2017,12,10,12,16190.0
17026,2017,12,10,13,16001.0
17027,2017,12,10,14,15589.0
17028,2017,12,10,15,15487.0
17029,2017,12,10,16,15500.0
17030,2017,12,10,17,15813.0
17031,2017,12,10,18,16886.0
17032,2017,12,10,19,17214.0
17033,2017,12,10,20,17303.0
17034,2017,12,10,21,17203.0
17035,2017,12,10,22,16747.0
17036,2017,12,10,23,16044.0
17037,2017,12,11,0,15439.0
17038,2017,12,11,1,15010.0
17039,2017,12,11,2,14758.0
17040,2017,12,11,3,14761.0
17041,2017,12,11,4,14845.0
17042,2017,12,11,5,15294.0
17043,2017,12,11,6,16135.0
17044,2017,12,11,7,17603.0
17045,2017,12,11,8,18443.0
17046,2017,12,11,9,18294.0
17047,2017,12,11,10,17953.0
17048,2017,12,11,11,17570.0
17049,2017,12,11,12,17129.0
17050,2017,12,11,13,16756.0
17051,2017,12,11,14,16427.0
17052,2017,12,11,15,16237.0
17053,2017,12,11,16,16004.0
17054,2017,12,11,17,16295.0
17055,2017,12,11,18,17255.0
17056,2017,12,11,19,17670.0
17057,2017,12,11,20,17667.0
17058,2017,12,11,21,17493.0
17059,2017,12,11,22,17099.0
17060,2017,12,11,23,16306.0
17061,2017,12,12,0,15320.0
17062,2017,12,12,1,14844.0
17063,2017,12,12,2,14451.0
17064,2017,12,12,3,14344.0
17065,2017,12,12,4,14358.0
17066,2017,12,12,5,14629.0
17067,2017,12,12,6,15468.0
17068,2017,12,12,7,16896.0
17069,2017,12,12,8,17702.0
17070,2017,12,12,9,17756.0
17071,2017,12,12,10,17704.0
17072,2017,12,12,11,17811.0
17073,2017,12,12,12,17900.0
17074,2017,12,12,13,17836.0
17075,2017,12,12,14,17984.0
17076,2017,12,12,15,17991.0
17077,2017,12,12,16,18065.0
17078,2017,12,12,17,18494.0
17079,2017,12,12,18,19435.0
17080,2017,12,12,19,19762.0
17081,2017,12,12,20,19682.0
17082,2017,12,12,21,19547.0
17083,2017,12,12,22,19173.0
17084,2017,12,12,23,18424.0
17085,2017,12,13,0,17788.0
17086,2017,12,13,1,17310.0
17087,2017,12,13,2,17061.0
17088,2017,12,13,3,17022.0
17089,2017,12,13,4,17107.0
17090,2017,12,13,5,17383.0
17091,2017,12,13,6,18190.0
17092,2017,12,13,7,19301.0
17093,2017,12,13,8,19879.0
17094,2017,12,13,9,19715.0
17095,2017,12,13,10,19308.0
17096,2017,12,13,11,18929.0
17097,2017,12,13,12,18495.0
17098,2017,12,13,13,18188.0
17099,2017,12,13,14,17885.0
17100,2017,12,13,15,17605.0
17101,2017,12,13,16,17538.0
17102,2017,12,13,17,17819.0
17103,2017,12,13,18,18603.0
17104,2017,12,13,19,18789.0
17105,2017,12,13,20,18676.0
17106,2017,12,13,21,18482.0
17107,2017,12,13,22,17889.0
17108,2017,12,13,23,17040.0
17109,2017,12,14,0,16218.0
17110,2017,12,14,1,15577.0
17111,2017,12,14,2,15225.0
17112,2017,12,14,3,15106.0
17113,2017,12,14,4,15135.0
17114,2017,12,14,5,15487.0
17115,2017,12,14,6,16179.0
17116,2017,12,14,7,17470.0
17117,2017,12,14,8,18265.0
17118,2017,12,14,9,18180.0
17119,2017,12,14,10,18076.0
17120,2017,12,14,11,17796.0
17121,2017,12,14,12,17619.0
17122,2017,12,14,13,17300.0
17123,2017,12,14,14,17187.0
17124,2017,12,14,15,17023.0
17125,2017,12,14,16,16955.0
17126,2017,12,14,17,17341.0
17127,2017,12,14,18,18152.0
17128,2017,12,14,19,18570.0
17129,2017,12,14,20,18526.0
17130,2017,12,14,21,18509.0
17131,2017,12,14,22,18182.0
17132,2017,12,14,23,17478.0
17133,2017,12,15,0,16803.0
17134,2017,12,15,1,16308.0
17135,2017,12,15,2,16076.0
17136,2017,12,15,3,15884.0
17137,2017,12,15,4,15955.0
17138,2017,12,15,5,16310.0
17139,2017,12,15,6,17077.0
17140,2017,12,15,7,18286.0
17141,2017,12,15,8,18951.0
17142,2017,12,15,9,18647.0
17143,2017,12,15,10,18637.0
17144,2017,12,15,11,18572.0
17145,2017,12,15,12,18417.0
17146,2017,12,15,13,18141.0
17147,2017,12,15,14,17947.0
17148,2017,12,15,15,17905.0
17149,2017,12,15,16,17751.0
17150,2017,12,15,17,17924.0
17151,2017,12,15,18,18547.0
17152,2017,12,15,19,18621.0
17153,2017,12,15,20,18392.0
17154,2017,12,15,21,18180.0
17155,2017,12,15,22,17781.0
17156,2017,12,15,23,17179.0
17157,2017,12,16,0,16355.0
17158,2017,12,16,1,15754.0
17159,2017,12,16,2,15383.0
17160,2017,12,16,3,15161.0
17161,2017,12,16,4,15113.0
17162,2017,12,16,5,15187.0
17163,2017,12,16,6,15573.0
17164,2017,12,16,7,16151.0
17165,2017,12,16,8,16742.0
17166,2017,12,16,9,17046.0
17167,2017,12,16,10,16948.0
17168,2017,12,16,11,16452.0
17169,2017,12,16,12,15808.0
17170,2017,12,16,13,15236.0
17171,2017,12,16,14,14719.0
17172,2017,12,16,15,14316.0
17173,2017,12,16,16,14088.0
17174,2017,12,16,17,14470.0
17175,2017,12,16,18,15640.0
17176,2017,12,16,19,16001.0
17177,2017,12,16,20,16048.0
17178,2017,12,16,21,16024.0
17179,2017,12,16,22,15944.0
17180,2017,12,16,23,15524.0
17181,2017,12,17,0,14957.0
17182,2017,12,17,1,14495.0
17183,2017,12,17,2,14358.0
17184,2017,12,17,3,14328.0
17185,2017,12,17,4,14334.0
17186,2017,12,17,5,14447.0
17187,2017,12,17,6,14588.0
17188,2017,12,17,7,14972.0
17189,2017,12,17,8,15501.0
17190,2017,12,17,9,15840.0
17191,2017,12,17,10,16007.0
17192,2017,12,17,11,15692.0
17193,2017,12,17,12,15507.0
17194,2017,12,17,13,15425.0
17195,2017,12,17,14,15190.0
17196,2017,12,17,15,15024.0
17197,2017,12,17,16,15101.0
17198,2017,12,17,17,15273.0
17199,2017,12,17,18,15999.0
17200,2017,12,17,19,16341.0
17201,2017,12,17,20,16342.0
17202,2017,12,17,21,16162.0
17203,2017,12,17,22,15658.0
17204,2017,12,17,23,15005.0
17205,2017,12,18,0,14319.0
17206,2017,12,18,1,13972.0
17207,2017,12,18,2,13687.0
17208,2017,12,18,3,13528.0
17209,2017,12,18,4,13550.0
17210,2017,12,18,5,13970.0
17211,2017,12,18,6,14700.0
17212,2017,12,18,7,16077.0
17213,2017,12,18,8,16798.0
17214,2017,12,18,9,16733.0
17215,2017,12,18,10,16654.0
17216,2017,12,18,11,16582.0
17217,2017,12,18,12,16399.0
17218,2017,12,18,13,16204.0
17219,2017,12,18,14,15928.0
17220,2017,12,18,15,15684.0
17221,2017,12,18,16,15578.0
17222,2017,12,18,17,15771.0
17223,2017,12,18,18,16510.0
17224,2017,12,18,19,16755.0
17225,2017,12,18,20,16766.0
17226,2017,12,18,21,16519.0
17227,2017,12,18,22,16031.0
17228,2017,12,18,23,15188.0
17229,2017,12,19,0,14387.0
17230,2017,12,19,1,13709.0
17231,2017,12,19,2,13356.0
17232,2017,12,19,3,13206.0
17233,2017,12,19,4,13154.0
17234,2017,12,19,5,13405.0
17235,2017,12,19,6,14196.0
17236,2017,12,19,7,15531.0
17237,2017,12,19,8,16283.0
17238,2017,12,19,9,16261.0
17239,2017,12,19,10,15998.0
17240,2017,12,19,11,15697.0
17241,2017,12,19,12,15395.0
17242,2017,12,19,13,15065.0
17243,2017,12,19,14,14972.0
17244,2017,12,19,15,14690.0
17245,2017,12,19,16,14623.0
17246,2017,12,19,17,14860.0
17247,2017,12,19,18,15692.0
17248,2017,12,19,19,16101.0
17249,2017,12,19,20,16029.0
17250,2017,12,19,21,15994.0
17251,2017,12,19,22,15529.0
17252,2017,12,19,23,14783.0
17253,2017,12,20,0,13869.0
17254,2017,12,20,1,13376.0
17255,2017,12,20,2,13002.0
17256,2017,12,20,3,12834.0
17257,2017,12,20,4,12881.0
17258,2017,12,20,5,13076.0
17259,2017,12,20,6,13993.0
17260,2017,12,20,7,15193.0
17261,2017,12,20,8,16197.0
17262,2017,12,20,9,16122.0
17263,2017,12,20,10,16070.0
17264,2017,12,20,11,15838.0
17265,2017,12,20,12,15606.0
17266,2017,12,20,13,15353.0
17267,2017,12,20,14,15187.0
17268,2017,12,20,15,14973.0
17269,2017,12,20,16,14911.0
17270,2017,12,20,17,15179.0
17271,2017,12,20,18,16223.0
17272,2017,12,20,19,16647.0
17273,2017,12,20,20,16731.0
17274,2017,12,20,21,16680.0
17275,2017,12,20,22,16540.0
17276,2017,12,20,23,15816.0
17277,2017,12,21,0,15186.0
17278,2017,12,21,1,14729.0
17279,2017,12,21,2,14463.0
17280,2017,12,21,3,14456.0
17281,2017,12,21,4,14520.0
17282,2017,12,21,5,14931.0
17283,2017,12,21,6,15813.0
17284,2017,12,21,7,16953.0
17285,2017,12,21,8,17766.0
17286,2017,12,21,9,17796.0
17287,2017,12,21,10,17460.0
17288,2017,12,21,11,16874.0
17289,2017,12,21,12,16412.0
17290,2017,12,21,13,15907.0
17291,2017,12,21,14,15633.0
17292,2017,12,21,15,15261.0
17293,2017,12,21,16,15072.0
17294,2017,12,21,17,15291.0
17295,2017,12,21,18,16200.0
17296,2017,12,21,19,16442.0
17297,2017,12,21,20,16440.0
17298,2017,12,21,21,16275.0
17299,2017,12,21,22,15906.0
17300,2017,12,21,23,15199.0
17301,2017,12,22,0,14391.0
17302,2017,12,22,1,13770.0
17303,2017,12,22,2,13456.0
17304,2017,12,22,3,13303.0
17305,2017,12,22,4,13295.0
17306,2017,12,22,5,13525.0
17307,2017,12,22,6,14082.0
17308,2017,12,22,7,14907.0
17309,2017,12,22,8,15466.0
17310,2017,12,22,9,15637.0
17311,2017,12,22,10,15628.0
17312,2017,12,22,11,15549.0
17313,2017,12,22,12,15347.0
17314,2017,12,22,13,15020.0
17315,2017,12,22,14,14774.0
17316,2017,12,22,15,14504.0
17317,2017,12,22,16,14535.0
17318,2017,12,22,17,14675.0
17319,2017,12,22,18,15245.0
17320,2017,12,22,19,15222.0
17321,2017,12,22,20,14969.0
17322,2017,12,22,21,14876.0
17323,2017,12,22,22,14410.0
17324,2017,12,22,23,13824.0
17325,2017,12,23,0,13042.0
17326,2017,12,23,1,12507.0
17327,2017,12,23,2,12086.0
17328,2017,12,23,3,11917.0
17329,2017,12,23,4,11832.0
17330,2017,12,23,5,11914.0
17331,2017,12,23,6,12213.0
17332,2017,12,23,7,12570.0
17333,2017,12,23,8,13089.0
17334,2017,12,23,9,13621.0
17335,2017,12,23,10,13995.0
17336,2017,12,23,11,14316.0
17337,2017,12,23,12,14314.0
17338,2017,12,23,13,14601.0
17339,2017,12,23,14,14219.0
17340,2017,12,23,15,14092.0
17341,2017,12,23,16,14062.0
17342,2017,12,23,17,14221.0
17343,2017,12,23,18,14804.0
17344,2017,12,23,19,14911.0
17345,2017,12,23,20,14809.0
17346,2017,12,23,21,14765.0
17347,2017,12,23,22,14539.0
17348,2017,12,23,23,14070.0
17349,2017,12,24,0,13418.0
17350,2017,12,24,1,12925.0
17351,2017,12,24,2,12704.0
17352,2017,12,24,3,12466.0
17353,2017,12,24,4,12385.0
17354,2017,12,24,5,12481.0
17355,2017,12,24,6,12710.0
17356,2017,12,24,7,13087.0
17357,2017,12,24,8,13673.0
17358,2017,12,24,9,14237.0
17359,2017,12,24,10,14541.0
17360,2017,12,24,11,14497.0
17361,2017,12,24,12,14337.0
17362,2017,12,24,13,14213.0
17363,2017,12,24,14,14061.0
17364,2017,12,24,15,13946.0
17365,2017,12,24,16,13891.0
17366,2017,12,24,17,14074.0
17367,2017,12,24,18,14615.0
17368,2017,12,24,19,14658.0
17369,2017,12,24,20,14457.0
17370,2017,12,24,21,14403.0
17371,2017,12,24,22,14331.0
17372,2017,12,24,23,14145.0
17373,2017,12,25,0,13892.0
17374,2017,12,25,1,13699.0
17375,2017,12,25,2,13613.0
17376,2017,12,25,3,13633.0
17377,2017,12,25,4,13806.0
17378,2017,12,25,5,14055.0
17379,2017,12,25,6,14387.0
17380,2017,12,25,7,14910.0
17381,2017,12,25,8,15521.0
17382,2017,12,25,9,15892.0
17383,2017,12,25,10,16041.0
17384,2017,12,25,11,15934.0
17385,2017,12,25,12,15643.0
17386,2017,12,25,13,15208.0
17387,2017,12,25,14,14833.0
17388,2017,12,25,15,14657.0
17389,2017,12,25,16,14690.0
17390,2017,12,25,17,14967.0
17391,2017,12,25,18,15847.0
17392,2017,12,25,19,16228.0
17393,2017,12,25,20,16305.0
17394,2017,12,25,21,16291.0
17395,2017,12,25,22,16187.0
17396,2017,12,25,23,15868.0
17397,2017,12,26,0,15456.0
17398,2017,12,26,1,15157.0
17399,2017,12,26,2,14880.0
17400,2017,12,26,3,14790.0
17401,2017,12,26,4,14833.0
17402,2017,12,26,5,15109.0
17403,2017,12,26,6,15598.0
17404,2017,12,26,7,16313.0
17405,2017,12,26,8,16992.0
17406,2017,12,26,9,17347.0
17407,2017,12,26,10,17706.0
17408,2017,12,26,11,17611.0
17409,2017,12,26,12,17324.0
17410,2017,12,26,13,17132.0
17411,2017,12,26,14,16818.0
17412,2017,12,26,15,16711.0
17413,2017,12,26,16,16568.0
17414,2017,12,26,17,16997.0
17415,2017,12,26,18,17870.0
17416,2017,12,26,19,18210.0
17417,2017,12,26,20,18194.0
17418,2017,12,26,21,18099.0
17419,2017,12,26,22,17721.0
17420,2017,12,26,23,17277.0
17421,2017,12,27,0,16735.0
17422,2017,12,27,1,16443.0
17423,2017,12,27,2,16299.0
17424,2017,12,27,3,16334.0
17425,2017,12,27,4,16497.0
17426,2017,12,27,5,16813.0
17427,2017,12,27,6,17507.0
17428,2017,12,27,7,18449.0
17429,2017,12,27,8,19213.0
17430,2017,12,27,9,19424.0
17431,2017,12,27,10,19305.0
17432,2017,12,27,11,19081.0
17433,2017,12,27,12,18763.0
17434,2017,12,27,13,18444.0
17435,2017,12,27,14,18156.0
17436,2017,12,27,15,17948.0
17437,2017,12,27,16,17868.0
17438,2017,12,27,17,18241.0
17439,2017,12,27,18,19342.0
17440,2017,12,27,19,19907.0
17441,2017,12,27,20,19960.0
17442,2017,12,27,21,19963.0
17443,2017,12,27,22,19743.0
17444,2017,12,27,23,19228.0
17445,2017,12,28,0,18796.0
17446,2017,12,28,1,18572.0
17447,2017,12,28,2,18457.0
17448,2017,12,28,3,18436.0
17449,2017,12,28,4,18615.0
17450,2017,12,28,5,18897.0
17451,2017,12,28,6,19394.0
17452,2017,12,28,7,20246.0
17453,2017,12,28,8,20677.0
17454,2017,12,28,9,20846.0
17455,2017,12,28,10,20683.0
17456,2017,12,28,11,20419.0
17457,2017,12,28,12,19891.0
17458,2017,12,28,13,19411.0
17459,2017,12,28,14,19048.0
17460,2017,12,28,15,18635.0
17461,2017,12,28,16,18318.0
17462,2017,12,28,17,18601.0
17463,2017,12,28,18,19453.0
17464,2017,12,28,19,19911.0
17465,2017,12,28,20,19991.0
17466,2017,12,28,21,19858.0
17467,2017,12,28,22,19459.0
17468,2017,12,28,23,18897.0
17469,2017,12,29,0,18204.0
17470,2017,12,29,1,17799.0
17471,2017,12,29,2,17511.0
17472,2017,12,29,3,17319.0
17473,2017,12,29,4,17280.0
17474,2017,12,29,5,17404.0
17475,2017,12,29,6,17730.0
17476,2017,12,29,7,18515.0
17477,2017,12,29,8,19167.0
17478,2017,12,29,9,19175.0
17479,2017,12,29,10,19128.0
17480,2017,12,29,11,18723.0
17481,2017,12,29,12,18395.0
17482,2017,12,29,13,17881.0
17483,2017,12,29,14,17516.0
17484,2017,12,29,15,17365.0
17485,2017,12,29,16,17346.0
17486,2017,12,29,17,17680.0
17487,2017,12,29,18,18425.0
17488,2017,12,29,19,18704.0
17489,2017,12,29,20,18619.0
17490,2017,12,29,21,18491.0
17491,2017,12,29,22,18209.0
17492,2017,12,29,23,17635.0
17493,2017,12,30,0,16839.0
17494,2017,12,30,1,16387.0
17495,2017,12,30,2,16128.0
17496,2017,12,30,3,15980.0
17497,2017,12,30,4,15814.0
17498,2017,12,30,5,15695.0
17499,2017,12,30,6,16004.0
17500,2017,12,30,7,16339.0
17501,2017,12,30,8,16786.0
17502,2017,12,30,9,17182.0
17503,2017,12,30,10,17579.0
17504,2017,12,30,11,17689.0
17505,2017,12,30,12,17735.0
17506,2017,12,30,13,17523.0
17507,2017,12,30,14,17379.0
17508,2017,12,30,15,17280.0
17509,2017,12,30,16,17338.0
17510,2017,12,30,17,17663.0
17511,2017,12,30,18,18461.0
17512,2017,12,30,19,18815.0
17513,2017,12,30,20,18807.0
17514,2017,12,30,21,18713.0
17515,2017,12,30,22,18478.0
17516,2017,12,30,23,18150.0
17517,2017,12,31,0,17761.0
17518,2017,12,31,1,17422.0
17519,2017,12,31,2,17219.0
17520,2017,12,31,3,17313.0
17521,2017,12,31,4,17396.0
17522,2017,12,31,5,17512.0
17523,2017,12,31,6,17779.0
17524,2017,12,31,7,18166.0
17525,2017,12,31,8,18646.0
17526,2017,12,31,9,18954.0
17527,2017,12,31,10,19254.0
17528,2017,12,31,11,19026.0
17529,2017,12,31,12,18750.0
17530,2017,12,31,13,18370.0
17531,2017,12,31,14,17984.0
17532,2017,12,31,15,17803.0
17533,2017,12,31,16,17915.0
17534,2017,12,31,17,18287.0
17535,2017,12,31,18,19263.0
17536,2017,12,31,19,19608.0
17537,2017,12,31,20,19442.0
17538,2017,12,31,21,19323.0
17539,2017,12,31,22,19092.0
17540,2017,12,31,23,18877.0
17541,2018,1,1,0,18687.0
17542,2018,1,1,1,18508.0
17543,2018,1,1,2,18600.0
17544,2018,1,1,3,18571.0
17545,2018,1,1,4,18686.0
17546,2018,1,1,5,18912.0
17547,2018,1,1,6,19214.0
17548,2018,1,1,7,19585.0
17549,2018,1,1,8,19886.0
17550,2018,1,1,9,19933.0
17551,2018,1,1,10,19847.0
17552,2018,1,1,11,19710.0
17553,2018,1,1,12,19453.0
17554,2018,1,1,13,19049.0
17555,2018,1,1,14,18737.0
17556,2018,1,1,15,18619.0
17557,2018,1,1,16,18691.0
17558,2018,1,1,17,19109.0
17559,2018,1,1,18,20279.0
17560,2018,1,1,19,20925.0
17561,2018,1,1,20,21089.0
17562,2018,1,1,21,20999.0
17563,2018,1,1,22,20820.0
17564,2018,1,1,23,20415.0
17565,2018,1,2,0,19993.0
17566,2018,1,2,1,19670.0
17567,2018,1,2,2,19658.0
17568,2018,1,2,3,19797.0
17569,2018,1,2,4,19973.0
17570,2018,1,2,5,20335.0
17571,2018,1,2,6,21038.0
17572,2018,1,2,7,22060.0
17573,2018,1,2,10,22368.0
17574,2018,1,2,11,21995.0
17575,2018,1,2,12,21288.0
17576,2018,1,2,13,20698.0
17577,2018,1,2,14,20123.0
17578,2018,1,2,15,19648.0
17579,2018,1,2,16,19317.0
17580,2018,1,2,17,19658.0
17581,2018,1,2,18,20913.0
17582,2018,1,2,19,21725.0
17583,2018,1,2,20,21971.0
17584,2018,1,2,21,21942.0
17585,2018,1,2,22,21695.0
17586,2018,1,2,23,21230.0
17587,2018,1,3,0,20799.0
17588,2018,1,3,1,20473.0
17589,2018,1,3,2,20475.0
17590,2018,1,3,3,20368.0
17591,2018,1,3,4,20575.0
17592,2018,1,3,5,20917.0
17593,2018,1,3,6,21531.0
17594,2018,1,3,7,22385.0
17595,2018,1,3,10,22252.0
17596,2018,1,3,11,21755.0
17597,2018,1,3,12,20943.0
17598,2018,1,3,13,20206.0
17599,2018,1,3,14,19652.0
17600,2018,1,3,15,19245.0
17601,2018,1,3,16,19107.0
17602,2018,1,3,17,19428.0
17603,2018,1,3,18,20176.0
17604,2018,1,3,19,20676.0
17605,2018,1,3,20,20593.0
17606,2018,1,3,21,20484.0
17607,2018,1,3,22,20013.0
17608,2018,1,3,23,19254.0
17609,2018,1,4,0,18723.0
17610,2018,1,4,1,18193.0
17611,2018,1,4,2,18007.0
17612,2018,1,4,3,17926.0
17613,2018,1,4,4,18082.0
17614,2018,1,4,5,18446.0
17615,2018,1,4,6,19220.0
17616,2018,1,4,7,20497.0
17617,2018,1,4,8,21308.0
17618,2018,1,4,9,21387.0
17619,2018,1,4,10,21371.0
17620,2018,1,4,11,21200.0
17621,2018,1,4,12,21027.0
17622,2018,1,4,13,20927.0
17623,2018,1,4,14,20750.0
17624,2018,1,4,15,20616.0
17625,2018,1,4,16,20679.0
17626,2018,1,4,17,21052.0
17627,2018,1,4,18,21985.0
17628,2018,1,4,20,22391.0
17629,2018,1,4,21,22166.0
17630,2018,1,4,22,21800.0
17631,2018,1,4,23,21149.0
17632,2018,1,5,0,20513.0
17633,2018,1,5,1,20112.0
17634,2018,1,5,2,19774.0
17635,2018,1,5,3,19868.0
17636,2018,1,5,4,19884.0
17637,2018,1,5,5,20212.0
17638,2018,1,5,6,20824.0
17639,2018,1,5,7,21680.0
17640,2018,1,5,8,22406.0
17641,2018,1,5,10,22345.0
17642,2018,1,5,11,22081.0
17643,2018,1,5,12,21631.0
17644,2018,1,5,13,21247.0
17645,2018,1,5,14,20950.0
17646,2018,1,5,15,20632.0
17647,2018,1,5,16,20537.0
17648,2018,1,5,17,20750.0
17649,2018,1,5,18,21580.0
17650,2018,1,5,19,21946.0
17651,2018,1,5,20,21943.0
17652,2018,1,5,21,21863.0
17653,2018,1,5,22,21554.0
17654,2018,1,5,23,21216.0
17655,2018,1,6,0,20708.0
17656,2018,1,6,1,20365.0
17657,2018,1,6,2,20339.0
17658,2018,1,6,3,20316.0
17659,2018,1,6,4,20502.0
17660,2018,1,6,5,20688.0
17661,2018,1,6,6,21100.0
17662,2018,1,6,7,21631.0
17663,2018,1,6,8,22085.0
17664,2018,1,6,9,22256.0
17665,2018,1,6,10,22070.0
17666,2018,1,6,11,21477.0
17667,2018,1,6,12,20830.0
17668,2018,1,6,13,20115.0
17669,2018,1,6,14,19618.0
17670,2018,1,6,15,19381.0
17671,2018,1,6,16,19328.0
17672,2018,1,6,17,19618.0
17673,2018,1,6,18,20639.0
17674,2018,1,6,19,21388.0
17675,2018,1,6,20,21510.0
17676,2018,1,6,21,21653.0
17677,2018,1,6,22,21523.0
17678,2018,1,6,23,21208.0
17679,2018,1,7,0,20786.0
17680,2018,1,7,1,20553.0
17681,2018,1,7,2,20405.0
17682,2018,1,7,3,20559.0
17683,2018,1,7,4,20648.0
17684,2018,1,7,5,20798.0
17685,2018,1,7,6,21026.0
17686,2018,1,7,7,21376.0
17687,2018,1,7,8,21737.0
17688,2018,1,7,9,21815.0
17689,2018,1,7,10,21328.0
17690,2018,1,7,11,20516.0
17691,2018,1,7,12,19674.0
17692,2018,1,7,13,19031.0
17693,2018,1,7,14,18367.0
17694,2018,1,7,15,17910.0
17695,2018,1,7,16,17778.0
17696,2018,1,7,17,18079.0
17697,2018,1,7,18,18879.0
17698,2018,1,7,19,19267.0
17699,2018,1,7,20,19279.0
17700,2018,1,7,21,18992.0
17701,2018,1,7,22,18531.0
17702,2018,1,7,23,17947.0
17703,2018,1,8,0,17387.0
17704,2018,1,8,1,17030.0
17705,2018,1,8,2,16910.0
17706,2018,1,8,3,16883.0
17707,2018,1,8,4,16974.0
17708,2018,1,8,5,17213.0
17709,2018,1,8,6,17719.0
17710,2018,1,8,7,18692.0
17711,2018,1,8,8,19261.0
17712,2018,1,8,9,19345.0
17713,2018,1,8,10,19311.0
17714,2018,1,8,11,19280.0
17715,2018,1,8,12,19089.0
17716,2018,1,8,13,18918.0
17717,2018,1,8,14,18727.0
17718,2018,1,8,15,18492.0
17719,2018,1,8,16,18319.0
17720,2018,1,8,17,18398.0
17721,2018,1,8,18,18852.0
17722,2018,1,8,19,19035.0
17723,2018,1,8,20,18733.0
17724,2018,1,8,21,18378.0
17725,2018,1,8,22,17807.0
17726,2018,1,8,23,17016.0
17727,2018,1,9,0,16248.0
17728,2018,1,9,1,15782.0
17729,2018,1,9,2,15512.0
17730,2018,1,9,3,15346.0
17731,2018,1,9,4,15327.0
17732,2018,1,9,5,15600.0
17733,2018,1,9,6,16346.0
17734,2018,1,9,7,17530.0
17735,2018,1,9,8,18240.0
17736,2018,1,9,9,18002.0
17737,2018,1,9,10,17703.0
17738,2018,1,9,11,17458.0
17739,2018,1,9,12,17132.0
17740,2018,1,9,13,16852.0
17741,2018,1,9,14,16498.0
17742,2018,1,9,15,16106.0
17743,2018,1,9,16,15813.0
17744,2018,1,9,17,15956.0
17745,2018,1,9,18,16731.0
17746,2018,1,9,19,17483.0
17747,2018,1,9,20,17490.0
17748,2018,1,9,21,17469.0
17749,2018,1,9,22,17112.0
17750,2018,1,9,23,16482.0
17751,2018,1,10,0,15838.0
17752,2018,1,10,1,15248.0
17753,2018,1,10,2,15032.0
17754,2018,1,10,3,14902.0
17755,2018,1,10,4,15017.0
17756,2018,1,10,5,15294.0
17757,2018,1,10,6,15955.0
17758,2018,1,10,7,17181.0
17759,2018,1,10,8,17816.0
17760,2018,1,10,9,17655.0
17761,2018,1,10,10,17391.0
17762,2018,1,10,11,17090.0
17763,2018,1,10,12,16609.0
17764,2018,1,10,13,16210.0
17765,2018,1,10,14,15864.0
17766,2018,1,10,15,15443.0
17767,2018,1,10,16,15184.0
17768,2018,1,10,17,15304.0
17769,2018,1,10,18,15947.0
17770,2018,1,10,19,16303.0
17771,2018,1,10,20,16402.0
17772,2018,1,10,21,16228.0
17773,2018,1,10,22,15763.0
17774,2018,1,10,23,14996.0
17775,2018,1,11,0,14328.0
17776,2018,1,11,1,13763.0
17777,2018,1,11,2,13422.0
17778,2018,1,11,3,13326.0
17779,2018,1,11,4,13399.0
17780,2018,1,11,5,13576.0
17781,2018,1,11,6,14202.0
17782,2018,1,11,7,15574.0
17783,2018,1,11,8,16123.0
17784,2018,1,11,9,15923.0
17785,2018,1,11,10,15701.0
17786,2018,1,11,11,15582.0
17787,2018,1,11,12,15360.0
17788,2018,1,11,13,15143.0
17789,2018,1,11,14,15121.0
17790,2018,1,11,15,14947.0
17791,2018,1,11,16,14800.0
17792,2018,1,11,17,14999.0
17793,2018,1,11,18,15349.0
17794,2018,1,11,19,15654.0
17795,2018,1,11,20,15563.0
17796,2018,1,11,21,15484.0
17797,2018,1,11,22,14958.0
17798,2018,1,11,23,14158.0
17799,2018,1,12,0,13414.0
17800,2018,1,12,1,12914.0
17801,2018,1,12,2,12506.0
17802,2018,1,12,3,12327.0
17803,2018,1,12,4,12262.0
17804,2018,1,12,5,12463.0
17805,2018,1,12,6,13207.0
17806,2018,1,12,7,14388.0
17807,2018,1,12,8,15192.0
17808,2018,1,12,9,15380.0
17809,2018,1,12,10,15442.0
17810,2018,1,12,11,15697.0
17811,2018,1,12,12,15789.0
17812,2018,1,12,13,15849.0
17813,2018,1,12,14,16012.0
17814,2018,1,12,15,16029.0
17815,2018,1,12,16,16009.0
17816,2018,1,12,17,16169.0
17817,2018,1,12,18,16810.0
17818,2018,1,12,19,17070.0
17819,2018,1,12,20,17038.0
17820,2018,1,12,21,16848.0
17821,2018,1,12,22,16645.0
17822,2018,1,12,23,16173.0
17823,2018,1,13,0,15887.0
17824,2018,1,13,1,15605.0
17825,2018,1,13,2,15583.0
17826,2018,1,13,3,15518.0
17827,2018,1,13,4,15559.0
17828,2018,1,13,5,15792.0
17829,2018,1,13,6,16243.0
17830,2018,1,13,7,16816.0
17831,2018,1,13,8,17412.0
17832,2018,1,13,9,17964.0
17833,2018,1,13,10,18407.0
17834,2018,1,13,11,18439.0
17835,2018,1,13,12,18314.0
17836,2018,1,13,13,18158.0
17837,2018,1,13,14,17998.0
17838,2018,1,13,15,17867.0
17839,2018,1,13,16,17889.0
17840,2018,1,13,17,18162.0
17841,2018,1,13,18,18989.0
17842,2018,1,13,19,19442.0
17843,2018,1,13,20,19295.0
17844,2018,1,13,21,19272.0
17845,2018,1,13,22,18912.0
17846,2018,1,13,23,18600.0
17847,2018,1,14,0,18066.0
17848,2018,1,14,1,17815.0
17849,2018,1,14,2,17602.0
17850,2018,1,14,3,17642.0
17851,2018,1,14,4,17769.0
17852,2018,1,14,5,18006.0
17853,2018,1,14,6,18354.0
17854,2018,1,14,7,18838.0
17855,2018,1,14,8,19455.0
17856,2018,1,14,9,19727.0
17857,2018,1,14,10,19442.0
17858,2018,1,14,11,18866.0
17859,2018,1,14,12,18224.0
17860,2018,1,14,13,17738.0
17861,2018,1,14,14,17290.0
17862,2018,1,14,15,16994.0
17863,2018,1,14,16,17069.0
17864,2018,1,14,17,17523.0
17865,2018,1,14,18,18600.0
17866,2018,1,14,19,19325.0
17867,2018,1,14,20,19400.0
17868,2018,1,14,21,19398.0
17869,2018,1,14,22,19303.0
17870,2018,1,14,23,18916.0
17871,2018,1,15,0,18556.0
17872,2018,1,15,1,18506.0
17873,2018,1,15,2,18573.0
17874,2018,1,15,3,18535.0
17875,2018,1,15,4,18779.0
17876,2018,1,15,5,19091.0
17877,2018,1,15,6,19746.0
17878,2018,1,15,7,20570.0
17879,2018,1,15,8,21186.0
17880,2018,1,15,9,21241.0
17881,2018,1,15,10,21023.0
17882,2018,1,15,11,20524.0
17883,2018,1,15,12,20007.0
17884,2018,1,15,13,19442.0
17885,2018,1,15,14,19029.0
17886,2018,1,15,15,18614.0
17887,2018,1,15,16,18284.0
17888,2018,1,15,17,18353.0
17889,2018,1,15,18,18961.0
17890,2018,1,15,19,19494.0
17891,2018,1,15,20,19536.0
17892,2018,1,15,21,19367.0
17893,2018,1,15,22,18858.0
17894,2018,1,15,23,18097.0
17895,2018,1,16,0,17367.0
17896,2018,1,16,1,17094.0
17897,2018,1,16,2,16889.0
17898,2018,1,16,3,16969.0
17899,2018,1,16,4,17154.0
17900,2018,1,16,5,17504.0
17901,2018,1,16,6,18345.0
17902,2018,1,16,7,19434.0
17903,2018,1,16,8,20259.0
17904,2018,1,16,9,20310.0
17905,2018,1,16,10,20125.0
17906,2018,1,16,11,19930.0
17907,2018,1,16,12,19604.0
17908,2018,1,16,13,19492.0
17909,2018,1,16,14,19282.0
17910,2018,1,16,15,19088.0
17911,2018,1,16,16,18996.0
17912,2018,1,16,17,19351.0
17913,2018,1,16,18,20101.0
17914,2018,1,16,19,20641.0
17915,2018,1,16,20,20681.0
17916,2018,1,16,21,20478.0
17917,2018,1,16,22,20036.0
17918,2018,1,16,23,19419.0
17919,2018,1,17,0,18756.0
17920,2018,1,17,1,18527.0
17921,2018,1,17,2,18326.0
17922,2018,1,17,3,18351.0
17923,2018,1,17,4,18479.0
17924,2018,1,17,5,18843.0
17925,2018,1,17,6,19532.0
17926,2018,1,17,7,20650.0
17927,2018,1,17,8,21468.0
17928,2018,1,17,9,21608.0
17929,2018,1,17,10,21580.0
17930,2018,1,17,11,21373.0
17931,2018,1,17,12,20999.0
17932,2018,1,17,13,20682.0
17933,2018,1,17,14,20463.0
17934,2018,1,17,15,20126.0
17935,2018,1,17,16,19916.0
17936,2018,1,17,17,20102.0
17937,2018,1,17,18,20913.0
17938,2018,1,17,19,21618.0
17939,2018,1,17,20,21697.0
17940,2018,1,17,21,21610.0
17941,2018,1,17,22,21268.0
17942,2018,1,17,23,20632.0
17943,2018,1,18,0,20226.0
17944,2018,1,18,1,19843.0
17945,2018,1,18,2,19769.0
17946,2018,1,18,3,19756.0
17947,2018,1,18,4,19833.0
17948,2018,1,18,5,20131.0
17949,2018,1,18,6,20914.0
17950,2018,1,18,7,21990.0
17951,2018,1,18,9,22366.0
17952,2018,1,18,10,21698.0
17953,2018,1,18,11,20952.0
17954,2018,1,18,12,20165.0
17955,2018,1,18,13,19536.0
17956,2018,1,18,14,19035.0
17957,2018,1,18,15,18604.0
17958,2018,1,18,16,18181.0
17959,2018,1,18,17,18336.0
17960,2018,1,18,18,19190.0
17961,2018,1,18,19,19956.0
17962,2018,1,18,20,20087.0
17963,2018,1,18,21,19978.0
17964,2018,1,18,22,19539.0
17965,2018,1,18,23,18907.0
17966,2018,1,19,0,18370.0
17967,2018,1,19,1,17869.0
17968,2018,1,19,2,17824.0
17969,2018,1,19,3,17746.0
17970,2018,1,19,4,17877.0
17971,2018,1,19,5,18228.0
17972,2018,1,19,6,18926.0
17973,2018,1,19,7,20159.0
17974,2018,1,19,8,20925.0
17975,2018,1,19,9,20681.0
17976,2018,1,19,10,19812.0
17977,2018,1,19,11,19073.0
17978,2018,1,19,12,18308.0
17979,2018,1,19,13,17619.0
17980,2018,1,19,14,17147.0
17981,2018,1,19,15,16677.0
17982,2018,1,19,16,16302.0
17983,2018,1,19,17,16374.0
17984,2018,1,19,18,17050.0
17985,2018,1,19,19,17771.0
17986,2018,1,19,20,17806.0
17987,2018,1,19,21,17802.0
17988,2018,1,19,22,17570.0
17989,2018,1,19,23,17002.0
17990,2018,1,20,0,16416.0
17991,2018,1,20,1,15911.0
17992,2018,1,20,2,15610.0
17993,2018,1,20,3,15553.0
17994,2018,1,20,4,15407.0
17995,2018,1,20,5,15490.0
17996,2018,1,20,6,15676.0
17997,2018,1,20,7,16034.0
17998,2018,1,20,8,16321.0
17999,2018,1,20,9,16482.0
18000,2018,1,20,10,16292.0
18001,2018,1,20,11,15989.0
18002,2018,1,20,12,15371.0
18003,2018,1,20,13,14811.0
18004,2018,1,20,14,14399.0
18005,2018,1,20,15,14019.0
18006,2018,1,20,16,13785.0
18007,2018,1,20,17,13964.0
18008,2018,1,20,18,14699.0
18009,2018,1,20,19,15397.0
18010,2018,1,20,20,15276.0
18011,2018,1,20,21,15046.0
18012,2018,1,20,22,14737.0
18013,2018,1,20,23,14316.0
18014,2018,1,21,0,13809.0
18015,2018,1,21,1,13363.0
18016,2018,1,21,2,13258.0
18017,2018,1,21,3,13129.0
18018,2018,1,21,4,13076.0
18019,2018,1,21,5,13111.0
18020,2018,1,21,6,13274.0
18021,2018,1,21,7,13574.0
18022,2018,1,21,8,14044.0
18023,2018,1,21,9,14456.0
18024,2018,1,21,10,14547.0
18025,2018,1,21,11,14381.0
18026,2018,1,21,12,14246.0
18027,2018,1,21,13,14062.0
18028,2018,1,21,14,13839.0
18029,2018,1,21,15,13705.0
18030,2018,1,21,16,13606.0
18031,2018,1,21,17,13799.0
18032,2018,1,21,18,14329.0
18033,2018,1,21,19,14925.0
18034,2018,1,21,20,14862.0
18035,2018,1,21,21,14646.0
18036,2018,1,21,22,14241.0
18037,2018,1,21,23,13616.0
18038,2018,1,22,0,13121.0
18039,2018,1,22,1,12765.0
18040,2018,1,22,2,12514.0
18041,2018,1,22,3,12526.0
18042,2018,1,22,4,12717.0
18043,2018,1,22,5,13021.0
18044,2018,1,22,6,13907.0
18045,2018,1,22,7,15148.0
18046,2018,1,22,8,16007.0
18047,2018,1,22,9,15929.0
18048,2018,1,22,10,15777.0
18049,2018,1,22,11,15655.0
18050,2018,1,22,12,15298.0
18051,2018,1,22,13,15095.0
18052,2018,1,22,14,14938.0
18053,2018,1,22,15,14770.0
18054,2018,1,22,16,14574.0
18055,2018,1,22,17,14735.0
18056,2018,1,22,18,15107.0
18057,2018,1,22,19,15512.0
18058,2018,1,22,20,15473.0
18059,2018,1,22,21,15173.0
18060,2018,1,22,22,14660.0
18061,2018,1,22,23,13812.0
18062,2018,1,23,0,13124.0
18063,2018,1,23,1,12622.0
18064,2018,1,23,2,12430.0
18065,2018,1,23,3,12276.0
18066,2018,1,23,4,12305.0
18067,2018,1,23,5,12628.0
18068,2018,1,23,6,13398.0
18069,2018,1,23,7,14841.0
18070,2018,1,23,8,15642.0
18071,2018,1,23,9,15738.0
18072,2018,1,23,10,15714.0
18073,2018,1,23,11,15834.0
18074,2018,1,23,12,15808.0
18075,2018,1,23,13,15771.0
18076,2018,1,23,14,15790.0
18077,2018,1,23,15,15660.0
18078,2018,1,23,16,15709.0
18079,2018,1,23,17,15885.0
18080,2018,1,23,18,16444.0
18081,2018,1,23,19,16900.0
18082,2018,1,23,20,16887.0
18083,2018,1,23,21,16684.0
18084,2018,1,23,22,16281.0
18085,2018,1,23,23,15582.0
18086,2018,1,24,0,14816.0
18087,2018,1,24,1,14489.0
18088,2018,1,24,2,14290.0
18089,2018,1,24,3,14207.0
18090,2018,1,24,4,14261.0
18091,2018,1,24,5,14602.0
18092,2018,1,24,6,15464.0
18093,2018,1,24,7,16733.0
18094,2018,1,24,8,17413.0
18095,2018,1,24,9,17412.0
18096,2018,1,24,10,17265.0
18097,2018,1,24,11,17345.0
18098,2018,1,24,12,17241.0
18099,2018,1,24,13,17166.0
18100,2018,1,24,14,17176.0
18101,2018,1,24,15,17000.0
18102,2018,1,24,16,16969.0
18103,2018,1,24,17,17164.0
18104,2018,1,24,18,17742.0
18105,2018,1,24,19,18258.0
18106,2018,1,24,20,18223.0
18107,2018,1,24,21,18079.0
18108,2018,1,24,22,17624.0
18109,2018,1,24,23,16850.0
18110,2018,1,25,0,16198.0
18111,2018,1,25,1,15750.0
18112,2018,1,25,2,15586.0
18113,2018,1,25,3,15417.0
18114,2018,1,25,4,15501.0
18115,2018,1,25,5,15791.0
18116,2018,1,25,6,16533.0
18117,2018,1,25,7,17814.0
18118,2018,1,25,8,18727.0
18119,2018,1,25,9,18541.0
18120,2018,1,25,10,18122.0
18121,2018,1,25,11,17706.0
18122,2018,1,25,12,17227.0
18123,2018,1,25,13,16833.0
18124,2018,1,25,14,16490.0
18125,2018,1,25,15,16075.0
18126,2018,1,25,16,15836.0
18127,2018,1,25,17,15685.0
18128,2018,1,25,18,16447.0
18129,2018,1,25,19,17461.0
18130,2018,1,25,20,17701.0
18131,2018,1,25,21,17722.0
18132,2018,1,25,22,17373.0
18133,2018,1,25,23,16824.0
18134,2018,1,26,0,16192.0
18135,2018,1,26,1,15983.0
18136,2018,1,26,2,15848.0
18137,2018,1,26,3,15810.0
18138,2018,1,26,4,15966.0
18139,2018,1,26,5,16263.0
18140,2018,1,26,6,17099.0
18141,2018,1,26,7,18394.0
18142,2018,1,26,8,19124.0
18143,2018,1,26,9,18748.0
18144,2018,1,26,10,18173.0
18145,2018,1,26,11,17366.0
18146,2018,1,26,12,16488.0
18147,2018,1,26,13,15818.0
18148,2018,1,26,14,15477.0
18149,2018,1,26,15,15059.0
18150,2018,1,26,16,14796.0
18151,2018,1,26,17,14708.0
18152,2018,1,26,18,15131.0
18153,2018,1,26,19,15458.0
18154,2018,1,26,20,15846.0
18155,2018,1,26,21,15834.0
18156,2018,1,26,22,15671.0
18157,2018,1,26,23,15103.0
18158,2018,1,27,0,14527.0
18159,2018,1,27,1,14093.0
18160,2018,1,27,2,13977.0
18161,2018,1,27,3,13960.0
18162,2018,1,27,4,13898.0
18163,2018,1,27,5,14065.0
18164,2018,1,27,6,14289.0
18165,2018,1,27,7,14680.0
18166,2018,1,27,8,15141.0
18167,2018,1,27,9,15411.0
18168,2018,1,27,10,15590.0
18169,2018,1,27,11,15325.0
18170,2018,1,27,12,15130.0
18171,2018,1,27,13,14876.0
18172,2018,1,27,14,14541.0
18173,2018,1,27,15,14274.0
18174,2018,1,27,16,14146.0
18175,2018,1,27,17,14175.0
18176,2018,1,27,18,14498.0
18177,2018,1,27,19,14864.0
18178,2018,1,27,20,14735.0
18179,2018,1,27,21,14532.0
18180,2018,1,27,22,14148.0
18181,2018,1,27,23,13582.0
18182,2018,1,28,0,13085.0
18183,2018,1,28,1,12631.0
18184,2018,1,28,2,12457.0
18185,2018,1,28,3,12307.0
18186,2018,1,28,4,12297.0
18187,2018,1,28,5,12392.0
18188,2018,1,28,6,12626.0
18189,2018,1,28,7,12980.0
18190,2018,1,28,8,13508.0
18191,2018,1,28,9,14067.0
18192,2018,1,28,10,14275.0
18193,2018,1,28,11,14094.0
18194,2018,1,28,12,13778.0
18195,2018,1,28,13,13713.0
18196,2018,1,28,14,13481.0
18197,2018,1,28,15,13316.0
18198,2018,1,28,16,13256.0
18199,2018,1,28,17,13469.0
18200,2018,1,28,18,13998.0
18201,2018,1,28,19,14968.0
18202,2018,1,28,20,15170.0
18203,2018,1,28,21,15152.0
18204,2018,1,28,22,14867.0
18205,2018,1,28,23,14351.0
18206,2018,1,29,0,13987.0
18207,2018,1,29,1,13758.0
18208,2018,1,29,2,13635.0
18209,2018,1,29,3,13606.0
18210,2018,1,29,4,13864.0
18211,2018,1,29,5,14156.0
18212,2018,1,29,6,15100.0
18213,2018,1,29,7,16553.0
18214,2018,1,29,8,17342.0
18215,2018,1,29,9,17312.0
18216,2018,1,29,10,17316.0
18217,2018,1,29,11,17150.0
18218,2018,1,29,12,16858.0
18219,2018,1,29,13,16614.0
18220,2018,1,29,14,16497.0
18221,2018,1,29,15,16360.0
18222,2018,1,29,16,16198.0
18223,2018,1,29,17,16419.0
18224,2018,1,29,18,17014.0
18225,2018,1,29,19,17733.0
18226,2018,1,29,20,17902.0
18227,2018,1,29,21,17801.0
18228,2018,1,29,22,17450.0
18229,2018,1,29,23,16876.0
18230,2018,1,30,0,16187.0
18231,2018,1,30,1,15996.0
18232,2018,1,30,2,15855.0
18233,2018,1,30,3,15752.0
18234,2018,1,30,4,15929.0
18235,2018,1,30,5,16311.0
18236,2018,1,30,6,17162.0
18237,2018,1,30,7,18479.0
18238,2018,1,30,8,19404.0
18239,2018,1,30,9,19484.0
18240,2018,1,30,10,19381.0
18241,2018,1,30,11,19125.0
18242,2018,1,30,12,18692.0
18243,2018,1,30,13,18327.0
18244,2018,1,30,14,18131.0
18245,2018,1,30,15,17925.0
18246,2018,1,30,16,17772.0
18247,2018,1,30,17,17894.0
18248,2018,1,30,18,18529.0
18249,2018,1,30,19,19237.0
18250,2018,1,30,20,19421.0
18251,2018,1,30,21,19384.0
18252,2018,1,30,22,19086.0
18253,2018,1,30,23,18426.0
18254,2018,1,31,0,17873.0
18255,2018,1,31,1,17553.0
18256,2018,1,31,2,17371.0
18257,2018,1,31,3,17300.0
18258,2018,1,31,4,17234.0
18259,2018,1,31,5,17502.0
18260,2018,1,31,6,18260.0
18261,2018,1,31,7,19582.0
18262,2018,1,31,8,20261.0
18263,2018,1,31,9,19833.0
18264,2018,1,31,10,19382.0
18265,2018,1,31,11,18686.0
18266,2018,1,31,12,17945.0
18267,2018,1,31,13,17181.0
18268,2018,1,31,14,16827.0
18269,2018,1,31,15,16372.0
18270,2018,1,31,16,15982.0
18271,2018,1,31,17,15982.0
18272,2018,1,31,18,16447.0
18273,2018,1,31,19,17239.0
18274,2018,1,31,20,17315.0
18275,2018,1,31,21,17247.0
18276,2018,1,31,22,16800.0
18277,2018,1,31,23,16057.0
18278,2018,2,1,0,15317.0
18279,2018,2,1,1,14938.0
18280,2018,2,1,2,14678.0
18281,2018,2,1,3,14593.0
18282,2018,2,1,4,14633.0
18283,2018,2,1,5,14896.0
18284,2018,2,1,6,15564.0
18285,2018,2,1,7,16772.0
18286,2018,2,1,8,17297.0
18287,2018,2,1,9,17139.0
18288,2018,2,1,10,17002.0
18289,2018,2,1,11,16754.0
18290,2018,2,1,12,16554.0
18291,2018,2,1,13,16453.0
18292,2018,2,1,14,16465.0
18293,2018,2,1,15,16339.0
18294,2018,2,1,16,16337.0
18295,2018,2,1,17,16625.0
18296,2018,2,1,18,17089.0
18297,2018,2,1,19,17654.0
18298,2018,2,1,20,17753.0
18299,2018,2,1,21,17731.0
18300,2018,2,1,22,17484.0
18301,2018,2,1,23,16905.0
18302,2018,2,2,0,16252.0
18303,2018,2,2,1,16025.0
18304,2018,2,2,2,15876.0
18305,2018,2,2,3,15995.0
18306,2018,2,2,4,16212.0
18307,2018,2,2,5,16600.0
18308,2018,2,2,6,17567.0
18309,2018,2,2,7,18982.0
18310,2018,2,2,8,19931.0
18311,2018,2,2,9,19890.0
18312,2018,2,2,10,19766.0
18313,2018,2,2,11,19709.0
18314,2018,2,2,12,19541.0
18315,2018,2,2,13,19364.0
18316,2018,2,2,14,19071.0
18317,2018,2,2,15,18763.0
18318,2018,2,2,16,18515.0
18319,2018,2,2,17,18365.0
18320,2018,2,2,18,18929.0
18321,2018,2,2,19,19582.0
18322,2018,2,2,20,19811.0
18323,2018,2,2,21,19793.0
18324,2018,2,2,22,19741.0
18325,2018,2,2,23,19238.0
18326,2018,2,3,0,18776.0
18327,2018,2,3,1,18382.0
18328,2018,2,3,2,18271.0
18329,2018,2,3,3,18167.0
18330,2018,2,3,4,18126.0
18331,2018,2,3,5,18185.0
18332,2018,2,3,6,18399.0
18333,2018,2,3,7,18792.0
18334,2018,2,3,8,19323.0
18335,2018,2,3,9,19542.0
18336,2018,2,3,10,19220.0
18337,2018,2,3,11,18741.0
18338,2018,2,3,12,18184.0
18339,2018,2,3,13,17479.0
18340,2018,2,3,14,16965.0
18341,2018,2,3,15,16427.0
18342,2018,2,3,16,16308.0
18343,2018,2,3,17,16349.0
18344,2018,2,3,18,16789.0
18345,2018,2,3,19,17330.0
18346,2018,2,3,20,17325.0
18347,2018,2,3,21,17098.0
18348,2018,2,3,22,16633.0
18349,2018,2,3,23,15959.0
18350,2018,2,4,0,15362.0
18351,2018,2,4,1,14905.0
18352,2018,2,4,2,14550.0
18353,2018,2,4,3,14297.0
18354,2018,2,4,4,14186.0
18355,2018,2,4,5,14285.0
18356,2018,2,4,6,14681.0
18357,2018,2,4,7,15186.0
18358,2018,2,4,8,15735.0
18359,2018,2,4,9,16171.0
18360,2018,2,4,10,16468.0
18361,2018,2,4,11,16537.0
18362,2018,2,4,12,16626.0
18363,2018,2,4,13,16578.0
18364,2018,2,4,14,16462.0
18365,2018,2,4,15,16281.0
18366,2018,2,4,16,16195.0
18367,2018,2,4,17,16284.0
18368,2018,2,4,18,16738.0
18369,2018,2,4,19,16928.0
18370,2018,2,4,20,16744.0
18371,2018,2,4,21,16587.0
18372,2018,2,4,22,16436.0
18373,2018,2,4,23,16101.0
18374,2018,2,5,0,15870.0
18375,2018,2,5,1,15568.0
18376,2018,2,5,2,15498.0
18377,2018,2,5,3,15604.0
18378,2018,2,5,4,15825.0
18379,2018,2,5,5,16301.0
18380,2018,2,5,6,17307.0
18381,2018,2,5,7,18605.0
18382,2018,2,5,8,19501.0
18383,2018,2,5,9,19741.0
18384,2018,2,5,10,19421.0
18385,2018,2,5,11,19122.0
18386,2018,2,5,12,18649.0
18387,2018,2,5,13,18239.0
18388,2018,2,5,14,17724.0
18389,2018,2,5,15,17418.0
18390,2018,2,5,16,17314.0
18391,2018,2,5,17,17498.0
18392,2018,2,5,18,17893.0
18393,2018,2,5,19,18923.0
18394,2018,2,5,20,19127.0
18395,2018,2,5,21,19003.0
18396,2018,2,5,22,18617.0
18397,2018,2,5,23,17956.0
18398,2018,2,6,0,17338.0
18399,2018,2,6,1,16944.0
18400,2018,2,6,2,16798.0
18401,2018,2,6,3,16597.0
18402,2018,2,6,4,16633.0
18403,2018,2,6,5,16872.0
18404,2018,2,6,6,17609.0
18405,2018,2,6,7,18717.0
18406,2018,2,6,8,19116.0
18407,2018,2,6,9,18931.0
18408,2018,2,6,10,18640.0
18409,2018,2,6,11,18252.0
18410,2018,2,6,12,17865.0
18411,2018,2,6,13,17434.0
18412,2018,2,6,14,17197.0
18413,2018,2,6,15,16960.0
18414,2018,2,6,16,16890.0
18415,2018,2,6,17,16987.0
18416,2018,2,6,18,17433.0
18417,2018,2,6,19,18050.0
18418,2018,2,6,20,18048.0
18419,2018,2,6,21,17844.0
18420,2018,2,6,22,17426.0
18421,2018,2,6,23,16660.0
18422,2018,2,7,0,16089.0
18423,2018,2,7,1,15592.0
18424,2018,2,7,2,15431.0
18425,2018,2,7,3,15483.0
18426,2018,2,7,4,15597.0
18427,2018,2,7,5,15978.0
18428,2018,2,7,6,16642.0
18429,2018,2,7,7,17663.0
18430,2018,2,7,8,18370.0
18431,2018,2,7,9,18283.0
18432,2018,2,7,10,18324.0
18433,2018,2,7,11,18380.0
18434,2018,2,7,12,18247.0
18435,2018,2,7,13,18028.0
18436,2018,2,7,14,17947.0
18437,2018,2,7,15,17769.0
18438,2018,2,7,16,17604.0
18439,2018,2,7,17,17686.0
18440,2018,2,7,18,18077.0
18441,2018,2,7,19,18567.0
18442,2018,2,7,20,18646.0
18443,2018,2,7,21,18464.0
18444,2018,2,7,22,18002.0
18445,2018,2,7,23,17346.0
18446,2018,2,8,0,16845.0
18447,2018,2,8,1,16332.0
18448,2018,2,8,2,16159.0
18449,2018,2,8,3,16132.0
18450,2018,2,8,4,16271.0
18451,2018,2,8,5,16610.0
18452,2018,2,8,6,17464.0
18453,2018,2,8,7,18768.0
18454,2018,2,8,8,19520.0
18455,2018,2,8,9,19463.0
18456,2018,2,8,10,19171.0
18457,2018,2,8,11,18774.0
18458,2018,2,8,12,18304.0
18459,2018,2,8,13,17876.0
18460,2018,2,8,14,17447.0
18461,2018,2,8,15,17041.0
18462,2018,2,8,16,16731.0
18463,2018,2,8,17,16798.0
18464,2018,2,8,18,17286.0
18465,2018,2,8,19,18297.0
18466,2018,2,8,20,18659.0
18467,2018,2,8,21,18640.0
18468,2018,2,8,22,18410.0
18469,2018,2,8,23,17765.0
18470,2018,2,9,0,17177.0
18471,2018,2,9,1,16757.0
18472,2018,2,9,2,16490.0
18473,2018,2,9,3,16490.0
18474,2018,2,9,4,16519.0
18475,2018,2,9,5,16881.0
18476,2018,2,9,6,17548.0
18477,2018,2,9,7,18758.0
18478,2018,2,9,8,19245.0
18479,2018,2,9,9,19057.0
18480,2018,2,9,10,18570.0
18481,2018,2,9,11,18091.0
18482,2018,2,9,12,17422.0
18483,2018,2,9,13,16797.0
18484,2018,2,9,14,16336.0
18485,2018,2,9,15,15824.0
18486,2018,2,9,16,15350.0
18487,2018,2,9,17,15350.0
18488,2018,2,9,18,15638.0
18489,2018,2,9,19,16267.0
18490,2018,2,9,20,16271.0
18491,2018,2,9,21,16145.0
18492,2018,2,9,22,15900.0
18493,2018,2,9,23,15350.0
18494,2018,2,10,0,14770.0
18495,2018,2,10,1,14190.0
18496,2018,2,10,2,13816.0
18497,2018,2,10,3,13728.0
18498,2018,2,10,4,13610.0
18499,2018,2,10,5,13807.0
18500,2018,2,10,6,14047.0
18501,2018,2,10,7,14501.0
18502,2018,2,10,8,15002.0
18503,2018,2,10,9,15354.0
18504,2018,2,10,10,15683.0
18505,2018,2,10,11,15780.0
18506,2018,2,10,12,15651.0
18507,2018,2,10,13,15429.0
18508,2018,2,10,14,15330.0
18509,2018,2,10,15,15115.0
18510,2018,2,10,16,15060.0
18511,2018,2,10,17,15123.0
18512,2018,2,10,18,15416.0
18513,2018,2,10,19,15696.0
18514,2018,2,10,20,15559.0
18515,2018,2,10,21,15401.0
18516,2018,2,10,22,14999.0
18517,2018,2,10,23,14433.0
18518,2018,2,11,0,13904.0
18519,2018,2,11,1,13379.0
18520,2018,2,11,2,13126.0
18521,2018,2,11,3,12967.0
18522,2018,2,11,4,12892.0
18523,2018,2,11,5,12902.0
18524,2018,2,11,6,13056.0
18525,2018,2,11,7,13376.0
18526,2018,2,11,8,13777.0
18527,2018,2,11,9,14165.0
18528,2018,2,11,10,14431.0
18529,2018,2,11,11,14499.0
18530,2018,2,11,12,14311.0
18531,2018,2,11,13,14286.0
18532,2018,2,11,14,14155.0
18533,2018,2,11,15,14005.0
18534,2018,2,11,16,14045.0
18535,2018,2,11,17,14219.0
18536,2018,2,11,18,14674.0
18537,2018,2,11,19,15288.0
18538,2018,2,11,20,15380.0
18539,2018,2,11,21,15244.0
18540,2018,2,11,22,14856.0
18541,2018,2,11,23,14311.0
18542,2018,2,12,0,13917.0
18543,2018,2,12,1,13632.0
18544,2018,2,12,2,13546.0
18545,2018,2,12,3,13530.0
18546,2018,2,12,4,13794.0
18547,2018,2,12,5,14194.0
18548,2018,2,12,6,15135.0
18549,2018,2,12,7,16554.0
18550,2018,2,12,8,17314.0
18551,2018,2,12,9,17270.0
18552,2018,2,12,10,17248.0
18553,2018,2,12,11,17105.0
18554,2018,2,12,12,16895.0
18555,2018,2,12,13,16764.0
18556,2018,2,12,14,16424.0
18557,2018,2,12,15,16171.0
18558,2018,2,12,16,15826.0
18559,2018,2,12,17,15874.0
18560,2018,2,12,18,16323.0
18561,2018,2,12,19,17305.0
18562,2018,2,12,20,17713.0
18563,2018,2,12,21,17692.0
18564,2018,2,12,22,17339.0
18565,2018,2,12,23,16529.0
18566,2018,2,13,0,15956.0
18567,2018,2,13,1,15603.0
18568,2018,2,13,2,15447.0
18569,2018,2,13,3,15293.0
18570,2018,2,13,4,15334.0
18571,2018,2,13,5,15582.0
18572,2018,2,13,6,16483.0
18573,2018,2,13,7,17855.0
18574,2018,2,13,8,18435.0
18575,2018,2,13,9,18218.0
18576,2018,2,13,10,17926.0
18577,2018,2,13,11,17625.0
18578,2018,2,13,12,17181.0
18579,2018,2,13,13,16678.0
18580,2018,2,13,14,16346.0
18581,2018,2,13,15,16109.0
18582,2018,2,13,16,15930.0
18583,2018,2,13,17,15948.0
18584,2018,2,13,18,16281.0
18585,2018,2,13,19,16997.0
18586,2018,2,13,20,17200.0
18587,2018,2,13,21,17051.0
18588,2018,2,13,22,16552.0
18589,2018,2,13,23,15925.0
18590,2018,2,14,0,15221.0
18591,2018,2,14,1,14707.0
18592,2018,2,14,2,14522.0
18593,2018,2,14,3,14276.0
18594,2018,2,14,4,14239.0
18595,2018,2,14,5,14448.0
18596,2018,2,14,6,15157.0
18597,2018,2,14,7,16415.0
18598,2018,2,14,8,16879.0
18599,2018,2,14,9,16701.0
18600,2018,2,14,10,16387.0
18601,2018,2,14,11,16214.0
18602,2018,2,14,12,16000.0
18603,2018,2,14,13,15735.0
18604,2018,2,14,14,15566.0
18605,2018,2,14,15,15255.0
18606,2018,2,14,16,15116.0
18607,2018,2,14,17,15152.0
18608,2018,2,14,18,15382.0
18609,2018,2,14,19,15787.0
18610,2018,2,14,20,15745.0
18611,2018,2,14,21,15578.0
18612,2018,2,14,22,15085.0
18613,2018,2,14,23,14251.0
18614,2018,2,15,0,13508.0
18615,2018,2,15,1,12895.0
18616,2018,2,15,2,12490.0
18617,2018,2,15,3,12307.0
18618,2018,2,15,4,12180.0
18619,2018,2,15,5,12438.0
18620,2018,2,15,6,12992.0
18621,2018,2,15,7,14146.0
18622,2018,2,15,8,14780.0
18623,2018,2,15,9,14771.0
18624,2018,2,15,10,14689.0
18625,2018,2,15,11,14740.0
18626,2018,2,15,12,14684.0
18627,2018,2,15,13,14626.0
18628,2018,2,15,14,14559.0
18629,2018,2,15,15,14399.0
18630,2018,2,15,16,14234.0
18631,2018,2,15,17,14262.0
18632,2018,2,15,18,14402.0
18633,2018,2,15,19,14919.0
18634,2018,2,15,20,14953.0
18635,2018,2,15,21,14647.0
18636,2018,2,15,22,14215.0
18637,2018,2,15,23,13436.0
18638,2018,2,16,0,12753.0
18639,2018,2,16,1,12266.0
18640,2018,2,16,2,11941.0
18641,2018,2,16,3,11777.0
18642,2018,2,16,4,11772.0
18643,2018,2,16,5,12071.0
18644,2018,2,16,6,12694.0
18645,2018,2,16,7,13862.0
18646,2018,2,16,8,14617.0
18647,2018,2,16,9,14820.0
18648,2018,2,16,10,15072.0
18649,2018,2,16,11,15247.0
18650,2018,2,16,12,15202.0
18651,2018,2,16,13,15282.0
18652,2018,2,16,14,15389.0
18653,2018,2,16,15,15263.0
18654,2018,2,16,16,15144.0
18655,2018,2,16,17,15196.0
18656,2018,2,16,18,15302.0
18657,2018,2,16,19,15788.0
18658,2018,2,16,20,15796.0
18659,2018,2,16,21,15711.0
18660,2018,2,16,22,15425.0
18661,2018,2,16,23,15005.0
18662,2018,2,17,0,14307.0
18663,2018,2,17,1,13807.0
18664,2018,2,17,2,13559.0
18665,2018,2,17,3,13516.0
18666,2018,2,17,4,13562.0
18667,2018,2,17,5,13725.0
18668,2018,2,17,6,14081.0
18669,2018,2,17,7,14466.0
18670,2018,2,17,8,15087.0
18671,2018,2,17,9,15464.0
18672,2018,2,17,10,15827.0
18673,2018,2,17,11,16002.0
18674,2018,2,17,12,16066.0
18675,2018,2,17,13,16114.0
18676,2018,2,17,14,15940.0
18677,2018,2,17,15,15946.0
18678,2018,2,17,16,15900.0
18679,2018,2,17,17,15908.0
18680,2018,2,17,18,16216.0
18681,2018,2,17,19,16628.0
18682,2018,2,17,20,16511.0
18683,2018,2,17,21,16094.0
18684,2018,2,17,22,15676.0
18685,2018,2,17,23,14935.0
18686,2018,2,18,0,14346.0
18687,2018,2,18,1,13769.0
18688,2018,2,18,2,13370.0
18689,2018,2,18,3,13180.0
18690,2018,2,18,4,13151.0
18691,2018,2,18,5,13225.0
18692,2018,2,18,6,13506.0
18693,2018,2,18,7,13888.0
18694,2018,2,18,8,14396.0
18695,2018,2,18,9,14688.0
18696,2018,2,18,10,14718.0
18697,2018,2,18,11,14309.0
18698,2018,2,18,12,14011.0
18699,2018,2,18,13,13739.0
18700,2018,2,18,14,13438.0
18701,2018,2,18,15,13173.0
18702,2018,2,18,16,13041.0
18703,2018,2,18,17,13068.0
18704,2018,2,18,18,13609.0
18705,2018,2,18,19,14495.0
18706,2018,2,18,20,14970.0
18707,2018,2,18,21,15006.0
18708,2018,2,18,22,14722.0
18709,2018,2,18,23,14343.0
18710,2018,2,19,0,13809.0
18711,2018,2,19,1,13501.0
18712,2018,2,19,2,13341.0
18713,2018,2,19,3,13229.0
18714,2018,2,19,4,13231.0
18715,2018,2,19,5,13464.0
18716,2018,2,19,6,14010.0
18717,2018,2,19,7,14906.0
18718,2018,2,19,8,15552.0
18719,2018,2,19,9,15701.0
18720,2018,2,19,10,15765.0
18721,2018,2,19,11,15723.0
18722,2018,2,19,12,15466.0
18723,2018,2,19,13,15321.0
18724,2018,2,19,14,14846.0
18725,2018,2,19,15,14790.0
18726,2018,2,19,16,14504.0
18727,2018,2,19,17,14458.0
18728,2018,2,19,18,14508.0
18729,2018,2,19,19,14984.0
18730,2018,2,19,20,15165.0
18731,2018,2,19,21,14814.0
18732,2018,2,19,22,14294.0
18733,2018,2,19,23,13527.0
18734,2018,2,20,0,12688.0
18735,2018,2,20,1,12135.0
18736,2018,2,20,2,11918.0
18737,2018,2,20,3,11688.0
18738,2018,2,20,4,11654.0
18739,2018,2,20,5,11894.0
18740,2018,2,20,6,12656.0
18741,2018,2,20,7,13847.0
18742,2018,2,20,8,14473.0
18743,2018,2,20,9,14433.0
18744,2018,2,20,10,14333.0
18745,2018,2,20,11,14361.0
18746,2018,2,20,12,14216.0
18747,2018,2,20,13,14200.0
18748,2018,2,20,14,14193.0
18749,2018,2,20,15,14087.0
18750,2018,2,20,16,13800.0
18751,2018,2,20,17,13803.0
18752,2018,2,20,18,13844.0
18753,2018,2,20,19,14376.0
18754,2018,2,20,20,14503.0
18755,2018,2,20,21,14389.0
18756,2018,2,20,22,13819.0
18757,2018,2,20,23,13050.0
18758,2018,2,21,0,12303.0
18759,2018,2,21,1,11715.0
18760,2018,2,21,2,11444.0
18761,2018,2,21,3,11274.0
18762,2018,2,21,4,11302.0
18763,2018,2,21,5,11355.0
18764,2018,2,21,6,12184.0
18765,2018,2,21,7,13393.0
18766,2018,2,21,8,13945.0
18767,2018,2,21,9,14007.0
18768,2018,2,21,10,14171.0
18769,2018,2,21,11,14256.0
18770,2018,2,21,12,14229.0
18771,2018,2,21,13,14265.0
18772,2018,2,21,14,14314.0
18773,2018,2,21,15,14207.0
18774,2018,2,21,16,14114.0
18775,2018,2,21,17,14198.0
18776,2018,2,21,18,14549.0
18777,2018,2,21,19,15041.0
18778,2018,2,21,20,15220.0
18779,2018,2,21,21,15061.0
18780,2018,2,21,22,14668.0
18781,2018,2,21,23,14044.0
18782,2018,2,22,0,13119.0
18783,2018,2,22,1,12661.0
18784,2018,2,22,2,12462.0
18785,2018,2,22,3,12391.0
18786,2018,2,22,4,12505.0
18787,2018,2,22,5,12772.0
18788,2018,2,22,6,13575.0
18789,2018,2,22,7,14786.0
18790,2018,2,22,8,15519.0
18791,2018,2,22,9,15310.0
18792,2018,2,22,10,15383.0
18793,2018,2,22,11,15371.0
18794,2018,2,22,12,15210.0
18795,2018,2,22,13,15176.0
18796,2018,2,22,14,15015.0
18797,2018,2,22,15,14919.0
18798,2018,2,22,16,14696.0
18799,2018,2,22,17,14714.0
18800,2018,2,22,18,14776.0
18801,2018,2,22,19,15268.0
18802,2018,2,22,20,15453.0
18803,2018,2,22,21,15155.0
18804,2018,2,22,22,14784.0
18805,2018,2,22,23,14067.0
18806,2018,2,23,0,13223.0
18807,2018,2,23,1,12714.0
18808,2018,2,23,2,12391.0
18809,2018,2,23,3,12182.0
18810,2018,2,23,4,11967.0
18811,2018,2,23,5,12260.0
18812,2018,2,23,6,12911.0
18813,2018,2,23,7,14112.0
18814,2018,2,23,8,14720.0
18815,2018,2,23,9,14716.0
18816,2018,2,23,10,14764.0
18817,2018,2,23,11,14760.0
18818,2018,2,23,12,14476.0
18819,2018,2,23,13,14334.0
18820,2018,2,23,14,14105.0
18821,2018,2,23,15,13965.0
18822,2018,2,23,16,13731.0
18823,2018,2,23,17,13597.0
18824,2018,2,23,18,13530.0
18825,2018,2,23,19,13906.0
18826,2018,2,23,20,13901.0
18827,2018,2,23,21,13656.0
18828,2018,2,23,22,13302.0
18829,2018,2,23,23,12673.0
18830,2018,2,24,0,12008.0
18831,2018,2,24,1,11436.0
18832,2018,2,24,2,11182.0
18833,2018,2,24,3,11038.0
18834,2018,2,24,4,11090.0
18835,2018,2,24,5,11228.0
18836,2018,2,24,6,11542.0
18837,2018,2,24,7,12043.0
18838,2018,2,24,8,12633.0
18839,2018,2,24,9,13104.0
18840,2018,2,24,10,13495.0
18841,2018,2,24,11,13666.0
18842,2018,2,24,12,13728.0
18843,2018,2,24,13,13551.0
18844,2018,2,24,14,13338.0
18845,2018,2,24,15,13001.0
18846,2018,2,24,16,12973.0
18847,2018,2,24,17,12938.0
18848,2018,2,24,18,13184.0
18849,2018,2,24,19,13673.0
18850,2018,2,24,20,13720.0
18851,2018,2,24,21,13520.0
18852,2018,2,24,22,13182.0
18853,2018,2,24,23,12578.0
18854,2018,2,25,0,12056.0
18855,2018,2,25,1,11460.0
18856,2018,2,25,2,11142.0
18857,2018,2,25,3,10925.0
18858,2018,2,25,4,10825.0
18859,2018,2,25,5,10802.0
18860,2018,2,25,6,10945.0
18861,2018,2,25,7,11281.0
18862,2018,2,25,8,11642.0
18863,2018,2,25,9,12168.0
18864,2018,2,25,10,12550.0
18865,2018,2,25,11,12747.0
18866,2018,2,25,12,12737.0
18867,2018,2,25,13,12733.0
18868,2018,2,25,14,12661.0
18869,2018,2,25,15,12547.0
18870,2018,2,25,16,12510.0
18871,2018,2,25,17,12710.0
18872,2018,2,25,18,13041.0
18873,2018,2,25,19,13702.0
18874,2018,2,25,20,14124.0
18875,2018,2,25,21,13993.0
18876,2018,2,25,22,13611.0
18877,2018,2,25,23,13053.0
18878,2018,2,26,0,12472.0
18879,2018,2,26,1,12153.0
18880,2018,2,26,2,12133.0
18881,2018,2,26,3,12127.0
18882,2018,2,26,4,12207.0
18883,2018,2,26,5,12604.0
18884,2018,2,26,6,13466.0
18885,2018,2,26,7,14782.0
18886,2018,2,26,8,15494.0
18887,2018,2,26,9,15444.0
18888,2018,2,26,10,15348.0
18889,2018,2,26,11,15217.0
18890,2018,2,26,12,14979.0
18891,2018,2,26,13,14806.0
18892,2018,2,26,14,14548.0
18893,2018,2,26,15,14345.0
18894,2018,2,26,16,14032.0
18895,2018,2,26,17,13896.0
18896,2018,2,26,18,14088.0
18897,2018,2,26,19,14919.0
18898,2018,2,26,20,15536.0
18899,2018,2,26,21,15610.0
18900,2018,2,26,22,15303.0
18901,2018,2,26,23,14787.0
18902,2018,2,27,0,14278.0
18903,2018,2,27,1,14020.0
18904,2018,2,27,2,13919.0
18905,2018,2,27,3,13961.0
18906,2018,2,27,4,13958.0
18907,2018,2,27,5,14510.0
18908,2018,2,27,6,15394.0
18909,2018,2,27,7,16735.0
18910,2018,2,27,8,17287.0
18911,2018,2,27,9,16829.0
18912,2018,2,27,10,16074.0
18913,2018,2,27,11,15463.0
18914,2018,2,27,12,14990.0
18915,2018,2,27,13,14647.0
18916,2018,2,27,14,14359.0
18917,2018,2,27,15,14008.0
18918,2018,2,27,16,13691.0
18919,2018,2,27,17,13565.0
18920,2018,2,27,18,13735.0
18921,2018,2,27,19,14444.0
18922,2018,2,27,20,14996.0
18923,2018,2,27,21,14922.0
18924,2018,2,27,22,14663.0
18925,2018,2,27,23,14027.0
18926,2018,2,28,0,13421.0
18927,2018,2,28,1,12993.0
18928,2018,2,28,2,12732.0
18929,2018,2,28,3,12578.0
18930,2018,2,28,4,12600.0
18931,2018,2,28,5,12849.0
18932,2018,2,28,6,13561.0
18933,2018,2,28,7,14805.0
18934,2018,2,28,8,15306.0
18935,2018,2,28,9,15202.0
18936,2018,2,28,10,15016.0
18937,2018,2,28,11,14975.0
18938,2018,2,28,12,14751.0
18939,2018,2,28,13,14584.0
18940,2018,2,28,14,14382.0
18941,2018,2,28,15,14183.0
18942,2018,2,28,16,13977.0
18943,2018,2,28,17,13974.0
18944,2018,2,28,18,14191.0
18945,2018,2,28,19,14789.0
18946,2018,2,28,20,14917.0
18947,2018,2,28,21,14712.0
18948,2018,2,28,22,14241.0
18949,2018,2,28,23,13542.0
18950,2018,3,1,0,12823.0
18951,2018,3,1,1,12326.0
18952,2018,3,1,2,12105.0
18953,2018,3,1,3,11961.0
18954,2018,3,1,4,12044.0
18955,2018,3,1,5,12397.0
18956,2018,3,1,6,13094.0
18957,2018,3,1,7,14315.0
18958,2018,3,1,8,15071.0
18959,2018,3,1,9,15136.0
18960,2018,3,1,10,15184.0
18961,2018,3,1,11,15304.0
18962,2018,3,1,12,15245.0
18963,2018,3,1,13,15155.0
18964,2018,3,1,14,15101.0
18965,2018,3,1,15,14982.0
18966,2018,3,1,16,14778.0
18967,2018,3,1,17,14849.0
18968,2018,3,1,18,15050.0
18969,2018,3,1,19,15566.0
18970,2018,3,1,20,15754.0
18971,2018,3,1,21,15648.0
18972,2018,3,1,22,15414.0
18973,2018,3,1,23,14730.0
18974,2018,3,2,0,14196.0
18975,2018,3,2,1,13844.0
18976,2018,3,2,2,13661.0
18977,2018,3,2,3,13629.0
18978,2018,3,2,4,13713.0
18979,2018,3,2,5,13993.0
18980,2018,3,2,6,14878.0
18981,2018,3,2,7,16099.0
18982,2018,3,2,8,16889.0
18983,2018,3,2,9,16840.0
18984,2018,3,2,10,16743.0
18985,2018,3,2,11,16637.0
18986,2018,3,2,12,16233.0
18987,2018,3,2,13,15868.0
18988,2018,3,2,14,15518.0
18989,2018,3,2,15,15228.0
18990,2018,3,2,16,14820.0
18991,2018,3,2,17,14710.0
18992,2018,3,2,18,14941.0
18993,2018,3,2,19,15639.0
18994,2018,3,2,20,15994.0
18995,2018,3,2,21,16034.0
18996,2018,3,2,22,15827.0
18997,2018,3,2,23,15357.0
18998,2018,3,3,0,14781.0
18999,2018,3,3,1,14425.0
19000,2018,3,3,2,14296.0
19001,2018,3,3,3,14303.0
19002,2018,3,3,4,14350.0
19003,2018,3,3,5,14529.0
19004,2018,3,3,6,14916.0
19005,2018,3,3,7,15439.0
19006,2018,3,3,8,15673.0
19007,2018,3,3,9,15705.0
19008,2018,3,3,10,15416.0
19009,2018,3,3,11,15124.0
19010,2018,3,3,12,14691.0
19011,2018,3,3,13,14261.0
19012,2018,3,3,14,13948.0
19013,2018,3,3,15,13529.0
19014,2018,3,3,16,13325.0
19015,2018,3,3,17,13327.0
19016,2018,3,3,18,13539.0
19017,2018,3,3,19,14312.0
19018,2018,3,3,20,14984.0
19019,2018,3,3,21,15098.0
19020,2018,3,3,22,14912.0
19021,2018,3,3,23,14593.0
19022,2018,3,4,0,14274.0
19023,2018,3,4,1,13934.0
19024,2018,3,4,2,13772.0
19025,2018,3,4,3,13814.0
19026,2018,3,4,4,13889.0
19027,2018,3,4,5,14081.0
19028,2018,3,4,6,14385.0
19029,2018,3,4,7,14806.0
19030,2018,3,4,8,15141.0
19031,2018,3,4,9,15284.0
19032,2018,3,4,10,14998.0
19033,2018,3,4,11,14419.0
19034,2018,3,4,12,13978.0
19035,2018,3,4,13,13686.0
19036,2018,3,4,14,13294.0
19037,2018,3,4,15,13040.0
19038,2018,3,4,16,12875.0
19039,2018,3,4,17,13001.0
19040,2018,3,4,18,13341.0
19041,2018,3,4,19,14271.0
19042,2018,3,4,20,15036.0
19043,2018,3,4,21,15245.0
19044,2018,3,4,22,15032.0
19045,2018,3,4,23,14558.0
19046,2018,3,5,0,14292.0
19047,2018,3,5,1,14086.0
19048,2018,3,5,2,14043.0
19049,2018,3,5,3,14152.0
19050,2018,3,5,4,14396.0
19051,2018,3,5,5,14827.0
19052,2018,3,5,6,15799.0
19053,2018,3,5,7,17143.0
19054,2018,3,5,8,17604.0
19055,2018,3,5,9,17394.0
19056,2018,3,5,10,16834.0
19057,2018,3,5,11,16417.0
19058,2018,3,5,12,16065.0
19059,2018,3,5,13,15722.0
19060,2018,3,5,14,15411.0
19061,2018,3,5,15,15105.0
19062,2018,3,5,16,14754.0
19063,2018,3,5,17,14770.0
19064,2018,3,5,18,15105.0
19065,2018,3,5,19,15827.0
19066,2018,3,5,20,16305.0
19067,2018,3,5,21,16249.0
19068,2018,3,5,22,15835.0
19069,2018,3,5,23,15136.0
19070,2018,3,6,0,14440.0
19071,2018,3,6,1,14020.0
19072,2018,3,6,2,13703.0
19073,2018,3,6,3,13725.0
19074,2018,3,6,4,13694.0
19075,2018,3,6,5,13856.0
19076,2018,3,6,6,14592.0
19077,2018,3,6,7,15855.0
19078,2018,3,6,8,16239.0
19079,2018,3,6,9,16193.0
19080,2018,3,6,10,15994.0
19081,2018,3,6,11,15788.0
19082,2018,3,6,12,15541.0
19083,2018,3,6,13,15251.0
19084,2018,3,6,14,15110.0
19085,2018,3,6,15,14821.0
19086,2018,3,6,16,14633.0
19087,2018,3,6,17,14626.0
19088,2018,3,6,18,14841.0
19089,2018,3,6,19,15413.0
19090,2018,3,6,20,15854.0
19091,2018,3,6,21,15867.0
19092,2018,3,6,22,15440.0
19093,2018,3,6,23,14844.0
19094,2018,3,7,0,14199.0
19095,2018,3,7,1,13826.0
19096,2018,3,7,2,13585.0
19097,2018,3,7,3,13626.0
19098,2018,3,7,4,13748.0
19099,2018,3,7,5,14034.0
19100,2018,3,7,6,14892.0
19101,2018,3,7,7,16321.0
19102,2018,3,7,8,16949.0
19103,2018,3,7,9,17061.0
19104,2018,3,7,10,17091.0
19105,2018,3,7,11,16947.0
19106,2018,3,7,12,16894.0
19107,2018,3,7,13,16797.0
19108,2018,3,7,14,16701.0
19109,2018,3,7,15,16468.0
19110,2018,3,7,16,16183.0
19111,2018,3,7,17,16128.0
19112,2018,3,7,18,16513.0
19113,2018,3,7,19,17020.0
19114,2018,3,7,20,17576.0
19115,2018,3,7,21,17312.0
19116,2018,3,7,22,16902.0
19117,2018,3,7,23,16181.0
19118,2018,3,8,0,15470.0
19119,2018,3,8,1,15167.0
19120,2018,3,8,2,14881.0
19121,2018,3,8,3,14827.0
19122,2018,3,8,4,14811.0
19123,2018,3,8,5,15247.0
19124,2018,3,8,6,16075.0
19125,2018,3,8,7,17473.0
19126,2018,3,8,8,17976.0
19127,2018,3,8,9,17761.0
19128,2018,3,8,10,17567.0
19129,2018,3,8,11,17588.0
19130,2018,3,8,12,17397.0
19131,2018,3,8,13,17254.0
19132,2018,3,8,14,17188.0
19133,2018,3,8,15,17057.0
19134,2018,3,8,16,16966.0
19135,2018,3,8,17,17175.0
19136,2018,3,8,18,17445.0
19137,2018,3,8,19,17943.0
19138,2018,3,8,20,18395.0
19139,2018,3,8,21,18223.0
19140,2018,3,8,22,17764.0
19141,2018,3,8,23,17097.0
19142,2018,3,9,0,16343.0
19143,2018,3,9,1,16021.0
19144,2018,3,9,2,15820.0
19145,2018,3,9,3,15727.0
19146,2018,3,9,4,15702.0
19147,2018,3,9,5,16103.0
19148,2018,3,9,6,16750.0
19149,2018,3,9,7,18014.0
19150,2018,3,9,8,18405.0
19151,2018,3,9,9,18264.0
19152,2018,3,9,10,17950.0
19153,2018,3,9,11,17583.0
19154,2018,3,9,12,17235.0
19155,2018,3,9,13,16820.0
19156,2018,3,9,14,16342.0
19157,2018,3,9,15,15965.0
19158,2018,3,9,16,15648.0
19159,2018,3,9,17,15510.0
19160,2018,3,9,18,15608.0
19161,2018,3,9,19,16179.0
19162,2018,3,9,20,16589.0
19163,2018,3,9,21,16573.0
19164,2018,3,9,22,16304.0
19165,2018,3,9,23,15759.0
19166,2018,3,10,0,15144.0
19167,2018,3,10,1,14740.0
19168,2018,3,10,2,14636.0
19169,2018,3,10,3,14441.0
19170,2018,3,10,4,14515.0
19171,2018,3,10,5,14747.0
19172,2018,3,10,6,15050.0
19173,2018,3,10,7,15520.0
19174,2018,3,10,8,15736.0
19175,2018,3,10,9,15907.0
19176,2018,3,10,10,15831.0
19177,2018,3,10,11,15625.0
19178,2018,3,10,12,15305.0
19179,2018,3,10,13,14776.0
19180,2018,3,10,14,14362.0
19181,2018,3,10,15,13966.0
19182,2018,3,10,16,13669.0
19183,2018,3,10,17,13551.0
19184,2018,3,10,18,13809.0
19185,2018,3,10,19,14416.0
19186,2018,3,10,20,14942.0
19187,2018,3,10,21,15046.0
19188,2018,3,10,22,14916.0
19189,2018,3,10,23,14485.0
19190,2018,3,11,0,14105.0
19191,2018,3,11,1,13869.0
19192,2018,3,11,2,13797.0
19193,2018,3,11,4,13704.0
19194,2018,3,11,5,13802.0
19195,2018,3,11,6,14043.0
19196,2018,3,11,7,14372.0
19197,2018,3,11,8,14835.0
19198,2018,3,11,9,15160.0
19199,2018,3,11,10,15163.0
19200,2018,3,11,11,14983.0
19201,2018,3,11,12,14696.0
19202,2018,3,11,13,14392.0
19203,2018,3,11,14,14015.0
19204,2018,3,11,15,13589.0
19205,2018,3,11,16,13279.0
19206,2018,3,11,17,13321.0
19207,2018,3,11,18,13453.0
19208,2018,3,11,19,13836.0
19209,2018,3,11,20,14644.0
19210,2018,3,11,21,15353.0
19211,2018,3,11,22,15178.0
19212,2018,3,11,23,14597.0
19213,2018,3,12,0,14160.0
19214,2018,3,12,1,13736.0
19215,2018,3,12,2,13816.0
19216,2018,3,12,3,13811.0
19217,2018,3,12,4,14125.0
19218,2018,3,12,5,14467.0
19219,2018,3,12,6,15457.0
19220,2018,3,12,7,16756.0
19221,2018,3,12,8,17748.0
19222,2018,3,12,9,17874.0
19223,2018,3,12,10,17863.0
19224,2018,3,12,11,17846.0
19225,2018,3,12,12,17581.0
19226,2018,3,12,13,17408.0
19227,2018,3,12,14,17049.0
19228,2018,3,12,15,16619.0
19229,2018,3,12,16,16337.0
19230,2018,3,12,17,16329.0
19231,2018,3,12,18,16500.0
19232,2018,3,12,19,16649.0
19233,2018,3,12,20,17066.0
19234,2018,3,12,21,17427.0
19235,2018,3,12,22,17132.0
19236,2018,3,12,23,16387.0
19237,2018,3,13,0,15692.0
19238,2018,3,13,1,15334.0
19239,2018,3,13,2,15101.0
19240,2018,3,13,3,15047.0
19241,2018,3,13,4,15138.0
19242,2018,3,13,5,15429.0
19243,2018,3,13,6,16183.0
19244,2018,3,13,7,17481.0
19245,2018,3,13,8,18224.0
19246,2018,3,13,9,18130.0
19247,2018,3,13,10,17840.0
19248,2018,3,13,11,17411.0
19249,2018,3,13,12,17093.0
19250,2018,3,13,13,16957.0
19251,2018,3,13,14,16852.0
19252,2018,3,13,15,16559.0
19253,2018,3,13,16,16312.0
19254,2018,3,13,17,16292.0
19255,2018,3,13,18,16406.0
19256,2018,3,13,19,16800.0
19257,2018,3,13,20,17338.0
19258,2018,3,13,21,17902.0
19259,2018,3,13,22,17577.0
19260,2018,3,13,23,16911.0
19261,2018,3,14,0,16202.0
19262,2018,3,14,1,15728.0
19263,2018,3,14,2,15556.0
19264,2018,3,14,3,15462.0
19265,2018,3,14,4,15513.0
19266,2018,3,14,5,15780.0
19267,2018,3,14,6,16534.0
19268,2018,3,14,7,18019.0
19269,2018,3,14,8,18731.0
19270,2018,3,14,9,18562.0
19271,2018,3,14,10,18304.0
19272,2018,3,14,11,18073.0
19273,2018,3,14,12,17812.0
19274,2018,3,14,13,17604.0
19275,2018,3,14,14,17452.0
19276,2018,3,14,15,17242.0
19277,2018,3,14,16,17047.0
19278,2018,3,14,17,16933.0
19279,2018,3,14,18,16870.0
19280,2018,3,14,19,16971.0
19281,2018,3,14,20,17428.0
19282,2018,3,14,21,17941.0
19283,2018,3,14,22,17770.0
19284,2018,3,14,23,17106.0
19285,2018,3,15,0,16421.0
19286,2018,3,15,1,15905.0
19287,2018,3,15,2,15679.0
19288,2018,3,15,3,15631.0
19289,2018,3,15,4,15665.0
19290,2018,3,15,5,15857.0
19291,2018,3,15,6,16534.0
19292,2018,3,15,7,17815.0
19293,2018,3,15,8,18424.0
19294,2018,3,15,9,18088.0
19295,2018,3,15,10,17478.0
19296,2018,3,15,11,16991.0
19297,2018,3,15,12,16470.0
19298,2018,3,15,13,16085.0
19299,2018,3,15,14,15712.0
19300,2018,3,15,15,15370.0
19301,2018,3,15,16,15013.0
19302,2018,3,15,17,14778.0
19303,2018,3,15,18,14614.0
19304,2018,3,15,19,14720.0
19305,2018,3,15,20,15183.0
19306,2018,3,15,21,16019.0
19307,2018,3,15,22,15918.0
19308,2018,3,15,23,15309.0
19309,2018,3,16,0,14627.0
19310,2018,3,16,1,14398.0
19311,2018,3,16,2,14274.0
19312,2018,3,16,3,14350.0
19313,2018,3,16,4,14498.0
19314,2018,3,16,5,14906.0
19315,2018,3,16,6,15702.0
19316,2018,3,16,7,16998.0
19317,2018,3,16,8,17853.0
19318,2018,3,16,9,17702.0
19319,2018,3,16,10,17324.0
19320,2018,3,16,11,17047.0
19321,2018,3,16,12,16451.0
19322,2018,3,16,13,16086.0
19323,2018,3,16,14,15691.0
19324,2018,3,16,15,15151.0
19325,2018,3,16,16,14679.0
19326,2018,3,16,17,14445.0
19327,2018,3,16,18,14356.0
19328,2018,3,16,19,14408.0
19329,2018,3,16,20,14878.0
19330,2018,3,16,21,15576.0
19331,2018,3,16,22,15594.0
19332,2018,3,16,23,15155.0
19333,2018,3,17,0,14719.0
19334,2018,3,17,1,14385.0
19335,2018,3,17,2,14159.0
19336,2018,3,17,3,14118.0
19337,2018,3,17,4,14115.0
19338,2018,3,17,5,14194.0
19339,2018,3,17,6,14521.0
19340,2018,3,17,7,14871.0
19341,2018,3,17,8,15427.0
19342,2018,3,17,9,15795.0
19343,2018,3,17,10,16067.0
19344,2018,3,17,11,16185.0
19345,2018,3,17,12,15838.0
19346,2018,3,17,13,15304.0
19347,2018,3,17,14,14902.0
19348,2018,3,17,15,14355.0
19349,2018,3,17,16,13855.0
19350,2018,3,17,17,13673.0
19351,2018,3,17,18,13619.0
19352,2018,3,17,19,13699.0
19353,2018,3,17,20,14094.0
19354,2018,3,17,21,14414.0
19355,2018,3,17,22,14209.0
19356,2018,3,17,23,13763.0
19357,2018,3,18,0,13202.0
19358,2018,3,18,1,12814.0
19359,2018,3,18,2,12613.0
19360,2018,3,18,3,12586.0
19361,2018,3,18,4,12633.0
19362,2018,3,18,5,12744.0
19363,2018,3,18,6,13020.0
19364,2018,3,18,7,13403.0
19365,2018,3,18,8,14023.0
19366,2018,3,18,9,14457.0
19367,2018,3,18,10,14371.0
19368,2018,3,18,11,13855.0
19369,2018,3,18,12,13530.0
19370,2018,3,18,13,13241.0
19371,2018,3,18,14,12891.0
19372,2018,3,18,15,12519.0
19373,2018,3,18,16,12312.0
19374,2018,3,18,17,12221.0
19375,2018,3,18,18,12296.0
19376,2018,3,18,19,12423.0
19377,2018,3,18,20,13025.0
19378,2018,3,18,21,13923.0
19379,2018,3,18,22,13822.0
19380,2018,3,18,23,13339.0
19381,2018,3,19,0,12932.0
19382,2018,3,19,1,12683.0
19383,2018,3,19,2,12686.0
19384,2018,3,19,3,12787.0
19385,2018,3,19,4,13033.0
19386,2018,3,19,5,13388.0
19387,2018,3,19,6,14298.0
19388,2018,3,19,7,15677.0
19389,2018,3,19,8,16578.0
19390,2018,3,19,9,16558.0
19391,2018,3,19,10,16270.0
19392,2018,3,19,11,15842.0
19393,2018,3,19,12,15373.0
19394,2018,3,19,13,15044.0
19395,2018,3,19,14,14593.0
19396,2018,3,19,15,14300.0
19397,2018,3,19,16,14031.0
19398,2018,3,19,17,13960.0
19399,2018,3,19,18,13890.0
19400,2018,3,19,19,14223.0
19401,2018,3,19,20,14705.0
19402,2018,3,19,21,15236.0
19403,2018,3,19,22,14915.0
19404,2018,3,19,23,14274.0
19405,2018,3,20,0,13587.0
19406,2018,3,20,1,13203.0
19407,2018,3,20,2,13057.0
19408,2018,3,20,3,12973.0
19409,2018,3,20,4,13068.0
19410,2018,3,20,5,13403.0
19411,2018,3,20,6,14254.0
19412,2018,3,20,7,15615.0
19413,2018,3,20,8,16488.0
19414,2018,3,20,9,16464.0
19415,2018,3,20,10,16553.0
19416,2018,3,20,11,16543.0
19417,2018,3,20,12,16327.0
19418,2018,3,20,13,16170.0
19419,2018,3,20,14,16113.0
19420,2018,3,20,15,15950.0
19421,2018,3,20,16,15737.0
19422,2018,3,20,17,15833.0
19423,2018,3,20,18,16034.0
19424,2018,3,20,19,16175.0
19425,2018,3,20,20,16502.0
19426,2018,3,20,21,16817.0
19427,2018,3,20,22,16509.0
19428,2018,3,20,23,15820.0
19429,2018,3,21,0,15210.0
19430,2018,3,21,1,14868.0
19431,2018,3,21,2,14739.0
19432,2018,3,21,3,14731.0
19433,2018,3,21,4,14884.0
19434,2018,3,21,5,15172.0
19435,2018,3,21,6,16015.0
19436,2018,3,21,7,17114.0
19437,2018,3,21,8,17641.0
19438,2018,3,21,9,17758.0
19439,2018,3,21,10,17673.0
19440,2018,3,21,11,17665.0
19441,2018,3,21,12,17436.0
19442,2018,3,21,13,17334.0
19443,2018,3,21,14,17113.0
19444,2018,3,21,15,16833.0
19445,2018,3,21,16,16606.0
19446,2018,3,21,17,16710.0
19447,2018,3,21,18,16875.0
19448,2018,3,21,19,17058.0
19449,2018,3,21,20,17408.0
19450,2018,3,21,21,17694.0
19451,2018,3,21,22,17198.0
19452,2018,3,21,23,16520.0
19453,2018,3,22,0,15835.0
19454,2018,3,22,1,15377.0
19455,2018,3,22,2,15105.0
19456,2018,3,22,3,15123.0
19457,2018,3,22,4,15190.0
19458,2018,3,22,5,15510.0
19459,2018,3,22,6,16434.0
19460,2018,3,22,7,17597.0
19461,2018,3,22,8,18374.0
19462,2018,3,22,9,18275.0
19463,2018,3,22,10,17747.0
19464,2018,3,22,11,17216.0
19465,2018,3,22,12,16823.0
19466,2018,3,22,13,16472.0
19467,2018,3,22,14,16093.0
19468,2018,3,22,15,15622.0
19469,2018,3,22,16,15300.0
19470,2018,3,22,17,15031.0
19471,2018,3,22,18,15019.0
19472,2018,3,22,19,15090.0
19473,2018,3,22,20,15631.0
19474,2018,3,22,21,16469.0
19475,2018,3,22,22,16391.0
19476,2018,3,22,23,15874.0
19477,2018,3,23,0,15238.0
19478,2018,3,23,1,14903.0
19479,2018,3,23,2,14779.0
19480,2018,3,23,3,14878.0
19481,2018,3,23,4,14955.0
19482,2018,3,23,5,15343.0
19483,2018,3,23,6,16200.0
19484,2018,3,23,7,17565.0
19485,2018,3,23,8,18260.0
19486,2018,3,23,9,17971.0
19487,2018,3,23,10,17478.0
19488,2018,3,23,11,16889.0
19489,2018,3,23,12,16326.0
19490,2018,3,23,13,15917.0
19491,2018,3,23,14,15544.0
19492,2018,3,23,15,15131.0
19493,2018,3,23,16,14680.0
19494,2018,3,23,17,14468.0
19495,2018,3,23,18,14217.0
19496,2018,3,23,19,14309.0
19497,2018,3,23,20,14785.0
19498,2018,3,23,21,15533.0
19499,2018,3,23,22,15575.0
19500,2018,3,23,23,15131.0
19501,2018,3,24,0,14593.0
19502,2018,3,24,1,14222.0
19503,2018,3,24,2,14030.0
19504,2018,3,24,3,14069.0
19505,2018,3,24,4,14162.0
19506,2018,3,24,5,14418.0
19507,2018,3,24,6,14811.0
19508,2018,3,24,7,15402.0
19509,2018,3,24,8,15901.0
19510,2018,3,24,9,16219.0
19511,2018,3,24,10,16416.0
19512,2018,3,24,11,16287.0
19513,2018,3,24,12,16103.0
19514,2018,3,24,13,15916.0
19515,2018,3,24,14,15726.0
19516,2018,3,24,15,15526.0
19517,2018,3,24,16,15458.0
19518,2018,3,24,17,15527.0
19519,2018,3,24,18,15578.0
19520,2018,3,24,19,15583.0
19521,2018,3,24,20,15740.0
19522,2018,3,24,21,15934.0
19523,2018,3,24,22,15643.0
19524,2018,3,24,23,15108.0
19525,2018,3,25,0,14566.0
19526,2018,3,25,1,14093.0
19527,2018,3,25,2,13845.0
19528,2018,3,25,3,13709.0
19529,2018,3,25,4,13738.0
19530,2018,3,25,5,13894.0
19531,2018,3,25,6,14097.0
19532,2018,3,25,7,14563.0
19533,2018,3,25,8,15100.0
19534,2018,3,25,9,15305.0
19535,2018,3,25,10,15223.0
19536,2018,3,25,11,14866.0
19537,2018,3,25,12,14566.0
19538,2018,3,25,13,14239.0
19539,2018,3,25,14,13858.0
19540,2018,3,25,15,13460.0
19541,2018,3,25,16,13234.0
19542,2018,3,25,17,13192.0
19543,2018,3,25,18,13299.0
19544,2018,3,25,19,13497.0
19545,2018,3,25,20,13966.0
19546,2018,3,25,21,14998.0
19547,2018,3,25,22,14945.0
19548,2018,3,25,23,14569.0
19549,2018,3,26,0,14121.0
19550,2018,3,26,1,13944.0
19551,2018,3,26,2,13812.0
19552,2018,3,26,3,13791.0
19553,2018,3,26,4,13926.0
19554,2018,3,26,5,14307.0
19555,2018,3,26,6,15110.0
19556,2018,3,26,7,16321.0
19557,2018,3,26,8,17080.0
19558,2018,3,26,9,16881.0
19559,2018,3,26,10,16583.0
19560,2018,3,26,11,16302.0
19561,2018,3,26,12,15851.0
19562,2018,3,26,13,15489.0
19563,2018,3,26,14,15201.0
19564,2018,3,26,15,14824.0
19565,2018,3,26,16,14533.0
19566,2018,3,26,17,14307.0
19567,2018,3,26,18,14382.0
19568,2018,3,26,19,14509.0
19569,2018,3,26,20,14975.0
19570,2018,3,26,21,15531.0
19571,2018,3,26,22,15149.0
19572,2018,3,26,23,14482.0
19573,2018,3,27,0,13715.0
19574,2018,3,27,1,13232.0
19575,2018,3,27,2,12967.0
19576,2018,3,27,3,12960.0
19577,2018,3,27,4,13096.0
19578,2018,3,27,5,13395.0
19579,2018,3,27,6,14131.0
19580,2018,3,27,7,15456.0
19581,2018,3,27,8,16182.0
19582,2018,3,27,9,16276.0
19583,2018,3,27,10,16103.0
19584,2018,3,27,11,16245.0
19585,2018,3,27,12,16049.0
19586,2018,3,27,13,15913.0
19587,2018,3,27,14,15526.0
19588,2018,3,27,15,15249.0
19589,2018,3,27,16,15008.0
19590,2018,3,27,17,14789.0
19591,2018,3,27,18,14908.0
19592,2018,3,27,19,14912.0
19593,2018,3,27,20,15191.0
19594,2018,3,27,21,15424.0
19595,2018,3,27,22,15036.0
19596,2018,3,27,23,14196.0
19597,2018,3,28,0,13373.0
19598,2018,3,28,1,12856.0
19599,2018,3,28,2,12561.0
19600,2018,3,28,3,12321.0
19601,2018,3,28,4,12363.0
19602,2018,3,28,5,12618.0
19603,2018,3,28,6,13270.0
19604,2018,3,28,7,14392.0
19605,2018,3,28,8,15068.0
19606,2018,3,28,9,15007.0
19607,2018,3,28,10,14991.0
19608,2018,3,28,11,14893.0
19609,2018,3,28,12,14818.0
19610,2018,3,28,13,14741.0
19611,2018,3,28,14,14630.0
19612,2018,3,28,15,14484.0
19613,2018,3,28,16,14251.0
19614,2018,3,28,17,14134.0
19615,2018,3,28,18,14148.0
19616,2018,3,28,19,14177.0
19617,2018,3,28,20,14322.0
19618,2018,3,28,21,14625.0
19619,2018,3,28,22,14427.0
19620,2018,3,28,23,13623.0
19621,2018,3,29,0,12798.0
19622,2018,3,29,1,12304.0
19623,2018,3,29,2,12014.0
19624,2018,3,29,3,11757.0
19625,2018,3,29,4,11675.0
19626,2018,3,29,5,12011.0
19627,2018,3,29,6,12780.0
19628,2018,3,29,7,13890.0
19629,2018,3,29,8,14503.0
19630,2018,3,29,9,14614.0
19631,2018,3,29,10,14549.0
19632,2018,3,29,11,14816.0
19633,2018,3,29,12,14741.0
19634,2018,3,29,13,14614.0
19635,2018,3,29,14,14555.0
19636,2018,3,29,15,14487.0
19637,2018,3,29,16,14263.0
19638,2018,3,29,17,14285.0
19639,2018,3,29,18,14306.0
19640,2018,3,29,19,14236.0
19641,2018,3,29,20,14395.0
19642,2018,3,29,21,14582.0
19643,2018,3,29,22,14285.0
19644,2018,3,29,23,13502.0
19645,2018,3,30,0,12657.0
19646,2018,3,30,1,12128.0
19647,2018,3,30,2,11766.0
19648,2018,3,30,3,11577.0
19649,2018,3,30,4,11556.0
19650,2018,3,30,5,11779.0
19651,2018,3,30,6,12253.0
19652,2018,3,30,7,12989.0
19653,2018,3,30,8,13540.0
19654,2018,3,30,9,13927.0
19655,2018,3,30,10,14218.0
19656,2018,3,30,11,14310.0
19657,2018,3,30,12,14302.0
19658,2018,3,30,13,14087.0
19659,2018,3,30,14,13846.0
19660,2018,3,30,15,13636.0
19661,2018,3,30,16,13315.0
19662,2018,3,30,17,13123.0
19663,2018,3,30,18,13038.0
19664,2018,3,30,19,13005.0
19665,2018,3,30,20,13186.0
19666,2018,3,30,21,13956.0
19667,2018,3,30,22,13895.0
19668,2018,3,30,23,13621.0
19669,2018,3,31,0,13111.0
19670,2018,3,31,1,12828.0
19671,2018,3,31,2,12607.0
19672,2018,3,31,3,12695.0
19673,2018,3,31,4,12779.0
19674,2018,3,31,5,13002.0
19675,2018,3,31,6,13381.0
19676,2018,3,31,7,13856.0
19677,2018,3,31,8,14338.0
19678,2018,3,31,9,14670.0
19679,2018,3,31,10,14452.0
19680,2018,3,31,11,13971.0
19681,2018,3,31,12,13601.0
19682,2018,3,31,13,13239.0
19683,2018,3,31,14,12907.0
19684,2018,3,31,15,12576.0
19685,2018,3,31,16,12349.0
19686,2018,3,31,17,12340.0
19687,2018,3,31,18,12385.0
19688,2018,3,31,19,12405.0
19689,2018,3,31,20,12680.0
19690,2018,3,31,21,13171.0
19691,2018,3,31,22,13020.0
19692,2018,3,31,23,12591.0
19693,2018,4,1,0,12046.0
19694,2018,4,1,1,11581.0
19695,2018,4,1,2,11303.0
19696,2018,4,1,3,11197.0
19697,2018,4,1,4,11264.0
19698,2018,4,1,5,11305.0
19699,2018,4,1,6,11665.0
19700,2018,4,1,7,12058.0
19701,2018,4,1,8,12505.0
19702,2018,4,1,9,12954.0
19703,2018,4,1,10,13274.0
19704,2018,4,1,11,13055.0
19705,2018,4,1,12,12860.0
19706,2018,4,1,13,12639.0
19707,2018,4,1,14,12264.0
19708,2018,4,1,15,11844.0
19709,2018,4,1,16,11650.0
19710,2018,4,1,17,11680.0
19711,2018,4,1,18,11790.0
19712,2018,4,1,19,12068.0
19713,2018,4,1,20,12651.0
19714,2018,4,1,21,13299.0
19715,2018,4,1,22,13314.0
19716,2018,4,1,23,13040.0
19717,2018,4,2,0,12722.0
19718,2018,4,2,1,12580.0
19719,2018,4,2,2,12372.0
19720,2018,4,2,3,12192.0
19721,2018,4,2,4,12289.0
19722,2018,4,2,5,12670.0
19723,2018,4,2,6,13400.0
19724,2018,4,2,7,14413.0
19725,2018,4,2,8,15216.0
19726,2018,4,2,9,15411.0
19727,2018,4,2,10,15530.0
19728,2018,4,2,11,15545.0
19729,2018,4,2,12,15387.0
19730,2018,4,2,13,15162.0
19731,2018,4,2,14,15028.0
19732,2018,4,2,15,14715.0
19733,2018,4,2,16,14424.0
19734,2018,4,2,17,14338.0
19735,2018,4,2,18,14338.0
19736,2018,4,2,19,14437.0
19737,2018,4,2,20,14639.0
19738,2018,4,2,21,14986.0
19739,2018,4,2,22,14963.0
19740,2018,4,2,23,14130.0
19741,2018,4,3,0,13364.0
19742,2018,4,3,1,12819.0
19743,2018,4,3,2,12618.0
19744,2018,4,3,3,12519.0
19745,2018,4,3,4,12487.0
19746,2018,4,3,5,12837.0
19747,2018,4,3,6,13579.0
19748,2018,4,3,7,14694.0
19749,2018,4,3,8,15395.0
19750,2018,4,3,9,15549.0
19751,2018,4,3,10,15460.0
19752,2018,4,3,11,15441.0
19753,2018,4,3,12,15248.0
19754,2018,4,3,13,15131.0
19755,2018,4,3,14,14984.0
19756,2018,4,3,15,14714.0
19757,2018,4,3,16,14322.0
19758,2018,4,3,17,14137.0
19759,2018,4,3,18,14040.0
19760,2018,4,3,19,13930.0
19761,2018,4,3,20,14083.0
19762,2018,4,3,21,14399.0
19763,2018,4,3,22,13849.0
19764,2018,4,3,23,13005.0
19765,2018,4,4,0,12353.0
19766,2018,4,4,1,11902.0
19767,2018,4,4,2,11686.0
19768,2018,4,4,3,11553.0
19769,2018,4,4,4,11608.0
19770,2018,4,4,5,11968.0
19771,2018,4,4,6,12724.0
19772,2018,4,4,7,14046.0
19773,2018,4,4,8,14837.0
19774,2018,4,4,9,15220.0
19775,2018,4,4,10,15395.0
19776,2018,4,4,11,15576.0
19777,2018,4,4,12,15681.0
19778,2018,4,4,13,15702.0
19779,2018,4,4,14,15560.0
19780,2018,4,4,15,15338.0
19781,2018,4,4,16,15013.0
19782,2018,4,4,17,14944.0
19783,2018,4,4,18,14959.0
19784,2018,4,4,19,15142.0
19785,2018,4,4,20,15510.0
19786,2018,4,4,21,16177.0
19787,2018,4,4,22,15929.0
19788,2018,4,4,23,15301.0
19789,2018,4,5,0,14704.0
19790,2018,4,5,1,14290.0
19791,2018,4,5,2,14105.0
19792,2018,4,5,3,14102.0
19793,2018,4,5,4,14200.0
19794,2018,4,5,5,14586.0
19795,2018,4,5,6,15482.0
19796,2018,4,5,7,16752.0
19797,2018,4,5,8,17350.0
19798,2018,4,5,9,17129.0
19799,2018,4,5,10,16794.0
19800,2018,4,5,11,16381.0
19801,2018,4,5,12,15830.0
19802,2018,4,5,13,15456.0
19803,2018,4,5,14,15151.0
19804,2018,4,5,15,14707.0
19805,2018,4,5,16,14365.0
19806,2018,4,5,17,14150.0
19807,2018,4,5,18,14068.0
19808,2018,4,5,19,14120.0
19809,2018,4,5,20,14492.0
19810,2018,4,5,21,15113.0
19811,2018,4,5,22,14951.0
19812,2018,4,5,23,14292.0
19813,2018,4,6,0,13754.0
19814,2018,4,6,1,13365.0
19815,2018,4,6,2,13163.0
19816,2018,4,6,3,13107.0
19817,2018,4,6,4,13174.0
19818,2018,4,6,5,13490.0
19819,2018,4,6,6,14232.0
19820,2018,4,6,7,15354.0
19821,2018,4,6,8,15913.0
19822,2018,4,6,9,15928.0
19823,2018,4,6,10,15687.0
19824,2018,4,6,11,15315.0
19825,2018,4,6,12,14943.0
19826,2018,4,6,13,14639.0
19827,2018,4,6,14,14397.0
19828,2018,4,6,15,14178.0
19829,2018,4,6,16,13915.0
19830,2018,4,6,17,13812.0
19831,2018,4,6,18,13797.0
19832,2018,4,6,19,13930.0
19833,2018,4,6,20,14154.0
19834,2018,4,6,21,14640.0
19835,2018,4,6,22,14410.0
19836,2018,4,6,23,14057.0
19837,2018,4,7,0,13415.0
19838,2018,4,7,1,12994.0
19839,2018,4,7,2,12844.0
19840,2018,4,7,3,12765.0
19841,2018,4,7,4,12768.0
19842,2018,4,7,5,13021.0
19843,2018,4,7,6,13558.0
19844,2018,4,7,7,14060.0
19845,2018,4,7,8,14483.0
19846,2018,4,7,9,14836.0
19847,2018,4,7,10,15219.0
19848,2018,4,7,11,15334.0
19849,2018,4,7,12,15269.0
19850,2018,4,7,13,15175.0
19851,2018,4,7,14,14927.0
19852,2018,4,7,15,14695.0
19853,2018,4,7,16,14526.0
19854,2018,4,7,17,14397.0
19855,2018,4,7,18,14356.0
19856,2018,4,7,19,14419.0
19857,2018,4,7,20,14716.0
19858,2018,4,7,21,15303.0
19859,2018,4,7,22,15251.0
19860,2018,4,7,23,14871.0
19861,2018,4,8,0,14411.0
19862,2018,4,8,1,14079.0
19863,2018,4,8,2,13941.0
19864,2018,4,8,3,13912.0
19865,2018,4,8,4,13950.0
19866,2018,4,8,5,14191.0
19867,2018,4,8,6,14517.0
19868,2018,4,8,7,14982.0
19869,2018,4,8,8,15390.0
19870,2018,4,8,9,15490.0
19871,2018,4,8,10,15160.0
19872,2018,4,8,11,14754.0
19873,2018,4,8,12,14219.0
19874,2018,4,8,13,13942.0
19875,2018,4,8,14,13671.0
19876,2018,4,8,15,13255.0
19877,2018,4,8,16,12996.0
19878,2018,4,8,17,12905.0
19879,2018,4,8,18,13111.0
19880,2018,4,8,19,13325.0
19881,2018,4,8,20,13868.0
19882,2018,4,8,21,14704.0
19883,2018,4,8,22,14635.0
19884,2018,4,8,23,14117.0
19885,2018,4,9,0,13608.0
19886,2018,4,9,1,13336.0
19887,2018,4,9,2,13319.0
19888,2018,4,9,3,13340.0
19889,2018,4,9,4,13401.0
19890,2018,4,9,5,13902.0
19891,2018,4,9,6,14909.0
19892,2018,4,9,7,16389.0
19893,2018,4,9,8,17156.0
19894,2018,4,9,9,17172.0
19895,2018,4,9,10,17123.0
19896,2018,4,9,11,17085.0
19897,2018,4,9,12,16811.0
19898,2018,4,9,13,16666.0
19899,2018,4,9,14,16507.0
19900,2018,4,9,15,16157.0
19901,2018,4,9,16,15858.0
19902,2018,4,9,17,15887.0
19903,2018,4,9,18,15845.0
19904,2018,4,9,19,15746.0
19905,2018,4,9,20,16018.0
19906,2018,4,9,21,16370.0
19907,2018,4,9,22,16025.0
19908,2018,4,9,23,15214.0
19909,2018,4,10,0,14544.0
19910,2018,4,10,1,14121.0
19911,2018,4,10,2,13886.0
19912,2018,4,10,3,13864.0
19913,2018,4,10,4,14013.0
19914,2018,4,10,5,14477.0
19915,2018,4,10,6,15346.0
19916,2018,4,10,7,16702.0
19917,2018,4,10,8,17241.0
19918,2018,4,10,9,16864.0
19919,2018,4,10,10,16237.0
19920,2018,4,10,11,15691.0
19921,2018,4,10,12,15456.0
19922,2018,4,10,13,15341.0
19923,2018,4,10,14,14996.0
19924,2018,4,10,15,14824.0
19925,2018,4,10,16,14529.0
19926,2018,4,10,17,14420.0
19927,2018,4,10,18,14385.0
19928,2018,4,10,19,14569.0
19929,2018,4,10,20,14911.0
19930,2018,4,10,21,15512.0
19931,2018,4,10,22,15360.0
19932,2018,4,10,23,14703.0
19933,2018,4,11,0,13915.0
19934,2018,4,11,1,13566.0
19935,2018,4,11,2,13374.0
19936,2018,4,11,3,13387.0
19937,2018,4,11,4,13474.0
19938,2018,4,11,5,13753.0
19939,2018,4,11,6,14580.0
19940,2018,4,11,7,15780.0
19941,2018,4,11,8,16269.0
19942,2018,4,11,9,16028.0
19943,2018,4,11,10,15493.0
19944,2018,4,11,11,15058.0
19945,2018,4,11,12,14560.0
19946,2018,4,11,13,14268.0
19947,2018,4,11,14,14026.0
19948,2018,4,11,15,13742.0
19949,2018,4,11,16,13461.0
19950,2018,4,11,17,13275.0
19951,2018,4,11,18,13192.0
19952,2018,4,11,19,13296.0
19953,2018,4,11,20,13546.0
19954,2018,4,11,21,14264.0
19955,2018,4,11,22,14127.0
19956,2018,4,11,23,13492.0
19957,2018,4,12,0,12799.0
19958,2018,4,12,1,12370.0
19959,2018,4,12,2,12258.0
19960,2018,4,12,3,12190.0
19961,2018,4,12,4,12223.0
19962,2018,4,12,5,12590.0
19963,2018,4,12,6,13236.0
19964,2018,4,12,7,14564.0
19965,2018,4,12,8,15042.0
19966,2018,4,12,9,14919.0
19967,2018,4,12,10,14520.0
19968,2018,4,12,11,14328.0
19969,2018,4,12,12,14164.0
19970,2018,4,12,13,14014.0
19971,2018,4,12,14,14031.0
19972,2018,4,12,15,13876.0
19973,2018,4,12,16,13659.0
19974,2018,4,12,17,13670.0
19975,2018,4,12,18,13540.0
19976,2018,4,12,19,13467.0
19977,2018,4,12,20,13549.0
19978,2018,4,12,21,14123.0
19979,2018,4,12,22,13947.0
19980,2018,4,12,23,13053.0
19981,2018,4,13,0,12118.0
19982,2018,4,13,1,11488.0
19983,2018,4,13,2,11100.0
19984,2018,4,13,3,10915.0
19985,2018,4,13,4,10972.0
19986,2018,4,13,5,11204.0
19987,2018,4,13,6,11895.0
19988,2018,4,13,7,13107.0
19989,2018,4,13,8,13681.0
19990,2018,4,13,9,13874.0
19991,2018,4,13,10,13921.0
19992,2018,4,13,11,13954.0
19993,2018,4,13,12,14010.0
19994,2018,4,13,13,14075.0
19995,2018,4,13,14,13972.0
19996,2018,4,13,15,14117.0
19997,2018,4,13,16,13943.0
19998,2018,4,13,17,13938.0
19999,2018,4,13,18,13802.0
20000,2018,4,13,19,13652.0
20001,2018,4,13,20,13506.0
20002,2018,4,13,21,13844.0
20003,2018,4,13,22,13641.0
20004,2018,4,13,23,12848.0
20005,2018,4,14,0,11904.0
20006,2018,4,14,1,11182.0
20007,2018,4,14,2,10734.0
20008,2018,4,14,3,10600.0
20009,2018,4,14,4,10453.0
20010,2018,4,14,5,10445.0
20011,2018,4,14,6,10805.0
20012,2018,4,14,7,11245.0
20013,2018,4,14,8,11697.0
20014,2018,4,14,9,12163.0
20015,2018,4,14,10,12681.0
20016,2018,4,14,11,13037.0
20017,2018,4,14,12,13120.0
20018,2018,4,14,13,13100.0
20019,2018,4,14,14,13139.0
20020,2018,4,14,15,13110.0
20021,2018,4,14,16,13037.0
20022,2018,4,14,17,13173.0
20023,2018,4,14,18,13242.0
20024,2018,4,14,19,13144.0
20025,2018,4,14,20,13069.0
20026,2018,4,14,21,13380.0
20027,2018,4,14,22,13059.0
20028,2018,4,14,23,12515.0
20029,2018,4,15,0,11831.0
20030,2018,4,15,1,11358.0
20031,2018,4,15,2,11011.0
20032,2018,4,15,3,10743.0
20033,2018,4,15,4,10571.0
20034,2018,4,15,5,10557.0
20035,2018,4,15,6,10737.0
20036,2018,4,15,7,11109.0
20037,2018,4,15,8,11427.0
20038,2018,4,15,9,12095.0
20039,2018,4,15,10,12511.0
20040,2018,4,15,11,12684.0
20041,2018,4,15,12,12887.0
20042,2018,4,15,13,12937.0
20043,2018,4,15,14,12937.0
20044,2018,4,15,15,12851.0
20045,2018,4,15,16,12944.0
20046,2018,4,15,17,13030.0
20047,2018,4,15,18,13203.0
20048,2018,4,15,19,13289.0
20049,2018,4,15,20,13473.0
20050,2018,4,15,21,13727.0
20051,2018,4,15,22,13457.0
20052,2018,4,15,23,12794.0
20053,2018,4,16,0,12196.0
20054,2018,4,16,1,11858.0
20055,2018,4,16,2,11613.0
20056,2018,4,16,3,11521.0
20057,2018,4,16,4,11777.0
20058,2018,4,16,5,12119.0
20059,2018,4,16,6,12967.0
20060,2018,4,16,7,14465.0
20061,2018,4,16,8,15299.0
20062,2018,4,16,9,15571.0
20063,2018,4,16,10,15802.0
20064,2018,4,16,11,15980.0
20065,2018,4,16,12,15924.0
20066,2018,4,16,13,15917.0
20067,2018,4,16,14,15909.0
20068,2018,4,16,15,15941.0
20069,2018,4,16,16,15855.0
20070,2018,4,16,17,16003.0
20071,2018,4,16,18,16279.0
20072,2018,4,16,19,16441.0
20073,2018,4,16,20,16617.0
20074,2018,4,16,21,17107.0
20075,2018,4,16,22,16787.0
20076,2018,4,16,23,15951.0
20077,2018,4,17,0,15252.0
20078,2018,4,17,1,14706.0
20079,2018,4,17,2,14502.0
20080,2018,4,17,3,14466.0
20081,2018,4,17,4,14474.0
20082,2018,4,17,5,14770.0
20083,2018,4,17,6,15529.0
20084,2018,4,17,7,16714.0
20085,2018,4,17,8,17378.0
20086,2018,4,17,9,17470.0
20087,2018,4,17,10,17507.0
20088,2018,4,17,11,17442.0
20089,2018,4,17,12,17158.0
20090,2018,4,17,13,16817.0
20091,2018,4,17,14,16409.0
20092,2018,4,17,15,16005.0
20093,2018,4,17,16,15578.0
20094,2018,4,17,17,15228.0
20095,2018,4,17,18,15206.0
20096,2018,4,17,19,15035.0
20097,2018,4,17,20,15233.0
20098,2018,4,17,21,15752.0
20099,2018,4,17,22,15710.0
20100,2018,4,17,23,14911.0
20101,2018,4,18,0,14105.0
20102,2018,4,18,1,13723.0
20103,2018,4,18,2,13541.0
20104,2018,4,18,3,13469.0
20105,2018,4,18,4,13555.0
20106,2018,4,18,5,13836.0
20107,2018,4,18,6,14643.0
20108,2018,4,18,7,16002.0
20109,2018,4,18,8,16349.0
20110,2018,4,18,9,16082.0
20111,2018,4,18,10,15797.0
20112,2018,4,18,11,14558.0
20113,2018,4,18,12,15031.0
20114,2018,4,18,13,14622.0
20115,2018,4,18,14,14369.0
20116,2018,4,18,15,14065.0
20117,2018,4,18,16,13930.0
20118,2018,4,18,17,14019.0
20119,2018,4,18,18,14095.0
20120,2018,4,18,19,14149.0
20121,2018,4,18,20,14210.0
20122,2018,4,18,21,14742.0
20123,2018,4,18,22,14521.0
20124,2018,4,18,23,13769.0
20125,2018,4,19,0,12977.0
20126,2018,4,19,1,12443.0
20127,2018,4,19,2,12110.0
20128,2018,4,19,3,11892.0
20129,2018,4,19,4,11963.0
20130,2018,4,19,5,12227.0
20131,2018,4,19,6,13131.0
20132,2018,4,19,7,14430.0
20133,2018,4,19,8,15082.0
20134,2018,4,19,9,15246.0
20135,2018,4,19,10,15329.0
20136,2018,4,19,11,15462.0
20137,2018,4,19,12,15385.0
20138,2018,4,19,13,15319.0
20139,2018,4,19,14,15235.0
20140,2018,4,19,15,14967.0
20141,2018,4,19,16,14632.0
20142,2018,4,19,17,14465.0
20143,2018,4,19,18,14445.0
20144,2018,4,19,19,14270.0
20145,2018,4,19,20,14575.0
20146,2018,4,19,21,15259.0
20147,2018,4,19,22,15368.0
20148,2018,4,19,23,14760.0
20149,2018,4,20,0,14084.0
20150,2018,4,20,1,13739.0
20151,2018,4,20,2,13630.0
20152,2018,4,20,3,13581.0
20153,2018,4,20,4,13669.0
20154,2018,4,20,5,14078.0
20155,2018,4,20,6,15019.0
20156,2018,4,20,7,16274.0
20157,2018,4,20,8,16753.0
20158,2018,4,20,9,16364.0
20159,2018,4,20,10,15781.0
20160,2018,4,20,11,15268.0
20161,2018,4,20,12,14803.0
20162,2018,4,20,13,14450.0
20163,2018,4,20,14,14162.0
20164,2018,4,20,15,13771.0
20165,2018,4,20,16,13402.0
20166,2018,4,20,17,13322.0
20167,2018,4,20,18,13059.0
20168,2018,4,20,19,13036.0
20169,2018,4,20,20,13089.0
20170,2018,4,20,21,13613.0
20171,2018,4,20,22,13872.0
20172,2018,4,20,23,13407.0
20173,2018,4,21,0,12874.0
20174,2018,4,21,1,12396.0
20175,2018,4,21,2,12382.0
20176,2018,4,21,3,12467.0
20177,2018,4,21,4,12658.0
20178,2018,4,21,5,12900.0
20179,2018,4,21,6,13292.0
20180,2018,4,21,7,13901.0
20181,2018,4,21,8,14219.0
20182,2018,4,21,9,14299.0
20183,2018,4,21,10,14133.0
20184,2018,4,21,11,13660.0
20185,2018,4,21,12,13325.0
20186,2018,4,21,13,12896.0
20187,2018,4,21,14,12535.0
20188,2018,4,21,15,12386.0
20189,2018,4,21,16,12246.0
20190,2018,4,21,17,12254.0
20191,2018,4,21,18,12392.0
20192,2018,4,21,19,12335.0
20193,2018,4,21,20,12295.0
20194,2018,4,21,21,12796.0
20195,2018,4,21,22,12759.0
20196,2018,4,21,23,12300.0
20197,2018,4,22,0,11782.0
20198,2018,4,22,1,11264.0
20199,2018,4,22,2,11000.0
20200,2018,4,22,3,10991.0
20201,2018,4,22,4,11039.0
20202,2018,4,22,5,11099.0
20203,2018,4,22,6,11515.0
20204,2018,4,22,7,11747.0
20205,2018,4,22,8,12194.0
20206,2018,4,22,9,12571.0
20207,2018,4,22,10,12681.0
20208,2018,4,22,11,12436.0
20209,2018,4,22,12,12214.0
20210,2018,4,22,13,12124.0
20211,2018,4,22,14,12008.0
20212,2018,4,22,15,11928.0
20213,2018,4,22,16,11950.0
20214,2018,4,22,17,11868.0
20215,2018,4,22,18,12007.0
20216,2018,4,22,19,12053.0
20217,2018,4,22,20,12245.0
20218,2018,4,22,21,12874.0
20219,2018,4,22,22,12923.0
20220,2018,4,22,23,12271.0
20221,2018,4,23,0,11668.0
20222,2018,4,23,1,11310.0
20223,2018,4,23,2,11073.0
20224,2018,4,23,3,11060.0
20225,2018,4,23,4,11066.0
20226,2018,4,23,5,11282.0
20227,2018,4,23,6,12199.0
20228,2018,4,23,7,13501.0
20229,2018,4,23,8,14066.0
20230,2018,4,23,9,14086.0
20231,2018,4,23,10,14033.0
20232,2018,4,23,11,14004.0
20233,2018,4,23,12,13971.0
20234,2018,4,23,13,13931.0
20235,2018,4,23,14,13947.0
20236,2018,4,23,15,13832.0
20237,2018,4,23,16,13723.0
20238,2018,4,23,17,13720.0
20239,2018,4,23,18,13749.0
20240,2018,4,23,19,13841.0
20241,2018,4,23,20,13908.0
20242,2018,4,23,21,14199.0
20243,2018,4,23,22,13886.0
20244,2018,4,23,23,13152.0
20245,2018,4,24,0,12380.0
20246,2018,4,24,1,10158.0
20247,2018,4,24,2,9929.0
20248,2018,4,24,3,9824.0
20249,2018,4,24,4,9815.0
20250,2018,4,24,5,10088.0
20251,2018,4,24,6,10692.0
20252,2018,4,24,7,11791.0
20253,2018,4,24,8,12372.0
20254,2018,4,24,9,12581.0
20255,2018,4,24,10,12625.0
20256,2018,4,24,11,12599.0
20257,2018,4,24,12,12609.0
20258,2018,4,24,13,12427.0
20259,2018,4,24,14,12363.0
20260,2018,4,24,15,12232.0
20261,2018,4,24,16,12111.0
20262,2018,4,24,17,12130.0
20263,2018,4,24,18,12074.0
20264,2018,4,24,19,12089.0
20265,2018,4,24,20,12195.0
20266,2018,4,24,21,12427.0
20267,2018,4,24,22,12357.0
20268,2018,4,24,23,11502.0
20269,2018,4,25,0,10815.0
20270,2018,4,25,1,11979.0
20271,2018,4,25,2,11585.0
20272,2018,4,25,3,11425.0
20273,2018,4,25,4,11462.0
20274,2018,4,25,5,11664.0
20275,2018,4,25,6,12438.0
20276,2018,4,25,7,13677.0
20277,2018,4,25,8,14195.0
20278,2018,4,25,9,14346.0
20279,2018,4,25,10,14269.0
20280,2018,4,25,11,14311.0
20281,2018,4,25,12,14239.0
20282,2018,4,25,13,14044.0
20283,2018,4,25,14,14040.0
20284,2018,4,25,15,13892.0
20285,2018,4,25,16,13814.0
20286,2018,4,25,17,13688.0
20287,2018,4,25,18,13556.0
20288,2018,4,25,19,13459.0
20289,2018,4,25,20,13508.0
20290,2018,4,25,21,13888.0
20291,2018,4,25,22,13956.0
20292,2018,4,25,23,13142.0
20293,2018,4,26,0,12390.0
20294,2018,4,26,1,11939.0
20295,2018,4,26,2,11639.0
20296,2018,4,26,3,11608.0
20297,2018,4,26,4,11653.0
20298,2018,4,26,5,11890.0
20299,2018,4,26,6,12712.0
20300,2018,4,26,7,13843.0
20301,2018,4,26,8,14375.0
20302,2018,4,26,9,14294.0
20303,2018,4,26,10,14154.0
20304,2018,4,26,11,13972.0
20305,2018,4,26,12,13804.0
20306,2018,4,26,13,13706.0
20307,2018,4,26,14,13709.0
20308,2018,4,26,15,13588.0
20309,2018,4,26,16,13329.0
20310,2018,4,26,17,13271.0
20311,2018,4,26,18,13206.0
20312,2018,4,26,19,13188.0
20313,2018,4,26,20,13319.0
20314,2018,4,26,21,13658.0
20315,2018,4,26,22,13637.0
20316,2018,4,26,23,12903.0
20317,2018,4,27,0,12019.0
20318,2018,4,27,1,11587.0
20319,2018,4,27,2,11361.0
20320,2018,4,27,3,11264.0
20321,2018,4,27,4,11259.0
20322,2018,4,27,5,11572.0
20323,2018,4,27,6,12378.0
20324,2018,4,27,7,13510.0
20325,2018,4,27,8,13977.0
20326,2018,4,27,9,14132.0
20327,2018,4,27,10,14068.0
20328,2018,4,27,11,14116.0
20329,2018,4,27,12,13994.0
20330,2018,4,27,13,13961.0
20331,2018,4,27,14,13822.0
20332,2018,4,27,15,13671.0
20333,2018,4,27,16,13413.0
20334,2018,4,27,17,13300.0
20335,2018,4,27,18,13161.0
20336,2018,4,27,19,12934.0
20337,2018,4,27,20,12817.0
20338,2018,4,27,21,13194.0
20339,2018,4,27,22,13062.0
20340,2018,4,27,23,12564.0
20341,2018,4,28,0,11850.0
20342,2018,4,28,1,11374.0
20343,2018,4,28,2,11004.0
20344,2018,4,28,3,10905.0
20345,2018,4,28,4,10963.0
20346,2018,4,28,5,11126.0
20347,2018,4,28,6,11459.0
20348,2018,4,28,7,11910.0
20349,2018,4,28,8,12377.0
20350,2018,4,28,9,12803.0
20351,2018,4,28,10,13013.0
20352,2018,4,28,11,13035.0
20353,2018,4,28,12,12866.0
20354,2018,4,28,13,12818.0
20355,2018,4,28,14,12754.0
20356,2018,4,28,15,12587.0
20357,2018,4,28,16,12178.0
20358,2018,4,28,17,12547.0
20359,2018,4,28,18,12589.0
20360,2018,4,28,19,12582.0
20361,2018,4,28,20,12549.0
20362,2018,4,28,21,12826.0
20363,2018,4,28,22,13032.0
20364,2018,4,28,23,12555.0
20365,2018,4,29,0,12099.0
20366,2018,4,29,1,11673.0
20367,2018,4,29,2,11552.0
20368,2018,4,29,3,11395.0
20369,2018,4,29,4,11505.0
20370,2018,4,29,5,11427.0
20371,2018,4,29,6,11801.0
20372,2018,4,29,7,12136.0
20373,2018,4,29,8,12513.0
20374,2018,4,29,9,12821.0
20375,2018,4,29,10,12823.0
20376,2018,4,29,11,12568.0
20377,2018,4,29,12,12385.0
20378,2018,4,29,13,12327.0
20379,2018,4,29,14,12149.0
20380,2018,4,29,15,11876.0
20381,2018,4,29,16,11804.0
20382,2018,4,29,17,11840.0
20383,2018,4,29,18,11947.0
20384,2018,4,29,19,12072.0
20385,2018,4,29,20,12298.0
20386,2018,4,29,21,12963.0
20387,2018,4,29,22,13115.0
20388,2018,4,29,23,12674.0
20389,2018,4,30,0,12126.0
20390,2018,4,30,1,11911.0
20391,2018,4,30,2,11899.0
20392,2018,4,30,3,11875.0
20393,2018,4,30,4,12026.0
20394,2018,4,30,5,12569.0
20395,2018,4,30,6,13429.0
20396,2018,4,30,7,14651.0
20397,2018,4,30,8,15261.0
20398,2018,4,30,9,15021.0
20399,2018,4,30,10,14618.0
20400,2018,4,30,11,14331.0
20401,2018,4,30,12,14173.0
20402,2018,4,30,13,13988.0
20403,2018,4,30,14,13864.0
20404,2018,4,30,15,13683.0
20405,2018,4,30,16,13505.0
20406,2018,4,30,17,13504.0
20407,2018,4,30,18,13375.0
20408,2018,4,30,19,13297.0
20409,2018,4,30,20,13362.0
20410,2018,4,30,21,13660.0
20411,2018,4,30,22,13668.0
20412,2018,4,30,23,12848.0
20413,2018,5,1,0,12015.0
20414,2018,5,1,1,11538.0
20415,2018,5,1,2,11239.0
20416,2018,5,1,3,11211.0
20417,2018,5,1,4,11267.0
20418,2018,5,1,5,11559.0
20419,2018,5,1,6,12488.0
20420,2018,5,1,7,13740.0
20421,2018,5,1,8,14233.0
20422,2018,5,1,9,14037.0
20423,2018,5,1,10,13838.0
20424,2018,5,1,11,13776.0
20425,2018,5,1,12,13744.0
20426,2018,5,1,13,13763.0
20427,2018,5,1,14,13932.0
20428,2018,5,1,15,13954.0
20429,2018,5,1,16,13884.0
20430,2018,5,1,17,14064.0
20431,2018,5,1,18,14062.0
20432,2018,5,1,19,14103.0
20433,2018,5,1,20,13999.0
20434,2018,5,1,21,14268.0
20435,2018,5,1,22,14160.0
20436,2018,5,1,23,13171.0
20437,2018,5,2,0,12117.0
20438,2018,5,2,1,11357.0
20439,2018,5,2,2,10847.0
20440,2018,5,2,3,10665.0
20441,2018,5,2,4,10709.0
20442,2018,5,2,5,10895.0
20443,2018,5,2,6,11512.0
20444,2018,5,2,7,12725.0
20445,2018,5,2,8,13325.0
20446,2018,5,2,9,13507.0
20447,2018,5,2,10,13733.0
20448,2018,5,2,11,14119.0
20449,2018,5,2,12,14322.0
20450,2018,5,2,13,14697.0
20451,2018,5,2,14,14793.0
20452,2018,5,2,15,15214.0
20453,2018,5,2,16,15370.0
20454,2018,5,2,17,15561.0
20455,2018,5,2,18,15609.0
20456,2018,5,2,19,15525.0
20457,2018,5,2,20,15424.0
20458,2018,5,2,21,15622.0
20459,2018,5,2,22,15443.0
20460,2018,5,2,23,14297.0
20461,2018,5,3,0,13153.0
20462,2018,5,3,1,12232.0
20463,2018,5,3,2,11773.0
20464,2018,5,3,3,11468.0
20465,2018,5,3,4,11350.0
20466,2018,5,3,5,11412.0
20467,2018,5,3,6,12004.0
20468,2018,5,3,7,13156.0
20469,2018,5,3,8,13768.0
20470,2018,5,3,9,14092.0
20471,2018,5,3,10,14536.0
20472,2018,5,3,11,14947.0
20473,2018,5,3,12,15283.0
20474,2018,5,3,13,15618.0
20475,2018,5,3,14,15795.0
20476,2018,5,3,15,15949.0
20477,2018,5,3,16,16053.0
20478,2018,5,3,17,16055.0
20479,2018,5,3,18,15910.0
20480,2018,5,3,19,15756.0
20481,2018,5,3,20,15460.0
20482,2018,5,3,21,15630.0
20483,2018,5,3,22,15440.0
20484,2018,5,3,23,14374.0
20485,2018,5,4,0,13233.0
20486,2018,5,4,1,12319.0
20487,2018,5,4,2,11848.0
20488,2018,5,4,3,11472.0
20489,2018,5,4,4,11321.0
20490,2018,5,4,5,11293.0
20491,2018,5,4,6,11767.0
20492,2018,5,4,7,12883.0
20493,2018,5,4,8,13647.0
20494,2018,5,4,9,13884.0
20495,2018,5,4,10,14225.0
20496,2018,5,4,11,14853.0
20497,2018,5,4,12,15061.0
20498,2018,5,4,13,15404.0
20499,2018,5,4,14,15576.0
20500,2018,5,4,15,15619.0
20501,2018,5,4,16,15402.0
20502,2018,5,4,17,15235.0
20503,2018,5,4,18,14779.0
20504,2018,5,4,19,14470.0
20505,2018,5,4,20,13996.0
20506,2018,5,4,21,13973.0
20507,2018,5,4,22,13991.0
20508,2018,5,4,23,13164.0
20509,2018,5,5,0,12311.0
20510,2018,5,5,1,11352.0
20511,2018,5,5,2,10967.0
20512,2018,5,5,3,10566.0
20513,2018,5,5,4,10317.0
20514,2018,5,5,5,10358.0
20515,2018,5,5,6,10590.0
20516,2018,5,5,7,10822.0
20517,2018,5,5,8,11173.0
20518,2018,5,5,9,11685.0
20519,2018,5,5,10,12154.0
20520,2018,5,5,11,12347.0
20521,2018,5,5,12,12499.0
20522,2018,5,5,13,12513.0
20523,2018,5,5,14,12603.0
20524,2018,5,5,15,12607.0
20525,2018,5,5,16,12652.0
20526,2018,5,5,17,12728.0
20527,2018,5,5,18,12795.0
20528,2018,5,5,19,12646.0
20529,2018,5,5,20,12599.0
20530,2018,5,5,21,12772.0
20531,2018,5,5,22,12593.0
20532,2018,5,5,23,12003.0
20533,2018,5,6,0,11252.0
20534,2018,5,6,1,10662.0
20535,2018,5,6,2,10321.0
20536,2018,5,6,3,10057.0
20537,2018,5,6,4,9952.0
20538,2018,5,6,5,9925.0
20539,2018,5,6,6,10023.0
20540,2018,5,6,7,10207.0
20541,2018,5,6,8,10520.0
20542,2018,5,6,9,11162.0
20543,2018,5,6,10,11600.0
20544,2018,5,6,11,11926.0
20545,2018,5,6,12,12065.0
20546,2018,5,6,13,12238.0
20547,2018,5,6,14,12327.0
20548,2018,5,6,15,12497.0
20549,2018,5,6,16,12654.0
20550,2018,5,6,17,12871.0
20551,2018,5,6,18,13118.0
20552,2018,5,6,19,13152.0
20553,2018,5,6,20,13171.0
20554,2018,5,6,21,13247.0
20555,2018,5,6,22,13084.0
20556,2018,5,6,23,12291.0
20557,2018,5,7,0,11451.0
20558,2018,5,7,1,10832.0
20559,2018,5,7,2,10463.0
20560,2018,5,7,3,10289.0
20561,2018,5,7,4,10319.0
20562,2018,5,7,5,10740.0
20563,2018,5,7,6,11400.0
20564,2018,5,7,7,12533.0
20565,2018,5,7,8,13158.0
20566,2018,5,7,9,13368.0
20567,2018,5,7,10,13675.0
20568,2018,5,7,11,13884.0
20569,2018,5,7,12,14029.0
20570,2018,5,7,13,14088.0
20571,2018,5,7,14,14238.0
20572,2018,5,7,15,14351.0
20573,2018,5,7,16,14373.0
20574,2018,5,7,17,14366.0
20575,2018,5,7,18,14310.0
20576,2018,5,7,19,14274.0
20577,2018,5,7,20,14019.0
20578,2018,5,7,21,14138.0
20579,2018,5,7,22,13994.0
20580,2018,5,7,23,13048.0
20581,2018,5,8,0,12047.0
20582,2018,5,8,1,11347.0
20583,2018,5,8,2,10994.0
20584,2018,5,8,3,10793.0
20585,2018,5,8,4,10746.0
20586,2018,5,8,5,10888.0
20587,2018,5,8,6,11556.0
20588,2018,5,8,7,12462.0
20589,2018,5,8,8,13123.0
20590,2018,5,8,9,13411.0
20591,2018,5,8,10,13631.0
20592,2018,5,8,11,13804.0
20593,2018,5,8,12,14043.0
20594,2018,5,8,13,14214.0
20595,2018,5,8,14,14461.0
20596,2018,5,8,15,14575.0
20597,2018,5,8,16,14769.0
20598,2018,5,8,17,14850.0
20599,2018,5,8,18,14877.0
20600,2018,5,8,19,14862.0
20601,2018,5,8,20,14690.0
20602,2018,5,8,21,14696.0
20603,2018,5,8,22,14633.0
20604,2018,5,8,23,13610.0
20605,2018,5,9,0,12462.0
20606,2018,5,9,1,11683.0
20607,2018,5,9,2,11139.0
20608,2018,5,9,3,10903.0
20609,2018,5,9,4,10858.0
20610,2018,5,9,5,10956.0
20611,2018,5,9,6,11521.0
20612,2018,5,9,7,12420.0
20613,2018,5,9,8,13065.0
20614,2018,5,9,9,13396.0
20615,2018,5,9,10,13648.0
20616,2018,5,9,11,14015.0
20617,2018,5,9,12,14442.0
20618,2018,5,9,13,14798.0
20619,2018,5,9,14,15118.0
20620,2018,5,9,15,15416.0
20621,2018,5,9,16,15545.0
20622,2018,5,9,17,15702.0
20623,2018,5,9,18,15667.0
20624,2018,5,9,19,15657.0
20625,2018,5,9,20,15405.0
20626,2018,5,9,21,15338.0
20627,2018,5,9,22,15225.0
20628,2018,5,9,23,14151.0
20629,2018,5,10,0,13103.0
20630,2018,5,10,1,12273.0
20631,2018,5,10,2,11789.0
20632,2018,5,10,3,11404.0
20633,2018,5,10,4,11184.0
20634,2018,5,10,5,11368.0
20635,2018,5,10,6,11813.0
20636,2018,5,10,7,12919.0
20637,2018,5,10,8,13491.0
20638,2018,5,10,9,13915.0
20639,2018,5,10,10,14362.0
20640,2018,5,10,11,14788.0
20641,2018,5,10,12,15030.0
20642,2018,5,10,13,15316.0
20643,2018,5,10,14,15664.0
20644,2018,5,10,15,15753.0
20645,2018,5,10,16,15760.0
20646,2018,5,10,17,15782.0
20647,2018,5,10,18,15632.0
20648,2018,5,10,19,15524.0
20649,2018,5,10,20,15153.0
20650,2018,5,10,21,15031.0
20651,2018,5,10,22,14941.0
20652,2018,5,10,23,13843.0
20653,2018,5,11,0,12639.0
20654,2018,5,11,1,11813.0
20655,2018,5,11,2,11345.0
20656,2018,5,11,3,11006.0
20657,2018,5,11,4,10869.0
20658,2018,5,11,5,10892.0
20659,2018,5,11,6,11409.0
20660,2018,5,11,7,12317.0
20661,2018,5,11,8,13056.0
20662,2018,5,11,9,13417.0
20663,2018,5,11,10,13644.0
20664,2018,5,11,11,14117.0
20665,2018,5,11,12,14443.0
20666,2018,5,11,13,14766.0
20667,2018,5,11,14,15233.0
20668,2018,5,11,15,15460.0
20669,2018,5,11,16,15600.0
20670,2018,5,11,17,15558.0
20671,2018,5,11,18,15374.0
20672,2018,5,11,19,15073.0
20673,2018,5,11,20,14576.0
20674,2018,5,11,21,14384.0
20675,2018,5,11,22,14214.0
20676,2018,5,11,23,13399.0
20677,2018,5,12,0,12327.0
20678,2018,5,12,1,11617.0
20679,2018,5,12,2,10913.0
20680,2018,5,12,3,10702.0
20681,2018,5,12,4,10366.0
20682,2018,5,12,5,10455.0
20683,2018,5,12,6,10593.0
20684,2018,5,12,7,10825.0
20685,2018,5,12,8,11296.0
20686,2018,5,12,9,12211.0
20687,2018,5,12,10,12887.0
20688,2018,5,12,11,13543.0
20689,2018,5,12,12,13933.0
20690,2018,5,12,13,14406.0
20691,2018,5,12,14,14755.0
20692,2018,5,12,15,14951.0
20693,2018,5,12,16,15110.0
20694,2018,5,12,17,15008.0
20695,2018,5,12,18,14920.0
20696,2018,5,12,19,14648.0
20697,2018,5,12,20,14253.0
20698,2018,5,12,21,13995.0
20699,2018,5,12,22,13857.0
20700,2018,5,12,23,13059.0
20701,2018,5,13,0,12158.0
20702,2018,5,13,1,11363.0
20703,2018,5,13,2,10737.0
20704,2018,5,13,3,10426.0
20705,2018,5,13,4,10233.0
20706,2018,5,13,5,10036.0
20707,2018,5,13,6,10092.0
20708,2018,5,13,7,10296.0
20709,2018,5,13,8,10678.0
20710,2018,5,13,9,11518.0
20711,2018,5,13,10,12161.0
20712,2018,5,13,11,12733.0
20713,2018,5,13,12,13264.0
20714,2018,5,13,13,13759.0
20715,2018,5,13,14,14146.0
20716,2018,5,13,15,14471.0
20717,2018,5,13,16,14923.0
20718,2018,5,13,17,15175.0
20719,2018,5,13,18,15258.0
20720,2018,5,13,19,15216.0
20721,2018,5,13,20,15133.0
20722,2018,5,13,21,15133.0
20723,2018,5,13,22,15026.0
20724,2018,5,13,23,14046.0
20725,2018,5,14,0,12894.0
20726,2018,5,14,1,12215.0
20727,2018,5,14,2,11715.0
20728,2018,5,14,3,11325.0
20729,2018,5,14,4,11262.0
20730,2018,5,14,5,11405.0
20731,2018,5,14,6,12023.0
20732,2018,5,14,7,13048.0
20733,2018,5,14,8,13818.0
20734,2018,5,14,9,14479.0
20735,2018,5,14,10,15213.0
20736,2018,5,14,11,15984.0
20737,2018,5,14,12,16542.0
20738,2018,5,14,13,17053.0
20739,2018,5,14,14,17209.0
20740,2018,5,14,15,17254.0
20741,2018,5,14,16,17236.0
20742,2018,5,14,17,17535.0
20743,2018,5,14,18,17782.0
20744,2018,5,14,19,17610.0
20745,2018,5,14,20,17295.0
20746,2018,5,14,21,17050.0
20747,2018,5,14,22,16739.0
20748,2018,5,14,23,15428.0
20749,2018,5,15,0,14099.0
20750,2018,5,15,1,13105.0
20751,2018,5,15,2,12451.0
20752,2018,5,15,3,11993.0
20753,2018,5,15,4,11841.0
20754,2018,5,15,5,11865.0
20755,2018,5,15,6,12480.0
20756,2018,5,15,7,13440.0
20757,2018,5,15,8,14214.0
20758,2018,5,15,9,14815.0
20759,2018,5,15,10,15401.0
20760,2018,5,15,11,16073.0
20761,2018,5,15,12,16700.0
20762,2018,5,15,13,17326.0
20763,2018,5,15,14,17897.0
20764,2018,5,15,15,18072.0
20765,2018,5,15,16,17884.0
20766,2018,5,15,17,17683.0
20767,2018,5,15,18,17300.0
20768,2018,5,15,19,16751.0
20769,2018,5,15,20,16267.0
20770,2018,5,15,21,16143.0
20771,2018,5,15,22,15776.0
20772,2018,5,15,23,14547.0
20773,2018,5,16,0,13367.0
20774,2018,5,16,1,12488.0
20775,2018,5,16,2,11972.0
20776,2018,5,16,3,11556.0
20777,2018,5,16,4,11309.0
20778,2018,5,16,5,11460.0
20779,2018,5,16,6,11965.0
20780,2018,5,16,7,12934.0
20781,2018,5,16,8,13456.0
20782,2018,5,16,9,13869.0
20783,2018,5,16,10,14000.0
20784,2018,5,16,11,14364.0
20785,2018,5,16,12,14586.0
20786,2018,5,16,13,14863.0
20787,2018,5,16,14,15062.0
20788,2018,5,16,15,15265.0
20789,2018,5,16,16,15397.0
20790,2018,5,16,17,15507.0
20791,2018,5,16,18,15560.0
20792,2018,5,16,19,15465.0
20793,2018,5,16,20,15268.0
20794,2018,5,16,21,15300.0
20795,2018,5,16,22,15081.0
20796,2018,5,16,23,14116.0
20797,2018,5,17,0,13043.0
20798,2018,5,17,1,12222.0
20799,2018,5,17,2,11692.0
20800,2018,5,17,3,11458.0
20801,2018,5,17,4,11346.0
20802,2018,5,17,5,11401.0
20803,2018,5,17,6,12066.0
20804,2018,5,17,7,13042.0
20805,2018,5,17,8,13820.0
20806,2018,5,17,9,14195.0
20807,2018,5,17,10,14555.0
20808,2018,5,17,11,14997.0
20809,2018,5,17,12,15501.0
20810,2018,5,17,13,16071.0
20811,2018,5,17,14,16510.0
20812,2018,5,17,15,16710.0
20813,2018,5,17,16,16869.0
20814,2018,5,17,17,16906.0
20815,2018,5,17,18,16674.0
20816,2018,5,17,19,16188.0
20817,2018,5,17,20,15887.0
20818,2018,5,17,21,15801.0
20819,2018,5,17,22,15627.0
20820,2018,5,17,23,14595.0
20821,2018,5,18,0,13334.0
20822,2018,5,18,1,12378.0
20823,2018,5,18,2,11822.0
20824,2018,5,18,3,11455.0
20825,2018,5,18,4,11292.0
20826,2018,5,18,5,11402.0
20827,2018,5,18,6,12005.0
20828,2018,5,18,7,12940.0
20829,2018,5,18,8,13603.0
20830,2018,5,18,9,14023.0
20831,2018,5,18,10,14293.0
20832,2018,5,18,11,14531.0
20833,2018,5,18,12,14712.0
20834,2018,5,18,13,14960.0
20835,2018,5,18,14,15112.0
20836,2018,5,18,15,15196.0
20837,2018,5,18,16,15065.0
20838,2018,5,18,17,14938.0
20839,2018,5,18,18,14765.0
20840,2018,5,18,19,14521.0
20841,2018,5,18,20,14199.0
20842,2018,5,18,21,14354.0
20843,2018,5,18,22,14178.0
20844,2018,5,18,23,13346.0
20845,2018,5,19,0,12448.0
20846,2018,5,19,1,11877.0
20847,2018,5,19,2,11342.0
20848,2018,5,19,3,11013.0
20849,2018,5,19,4,10755.0
20850,2018,5,19,5,10700.0
20851,2018,5,19,6,10949.0
20852,2018,5,19,7,11191.0
20853,2018,5,19,8,11444.0
20854,2018,5,19,9,12403.0
20855,2018,5,19,10,13128.0
20856,2018,5,19,11,13595.0
20857,2018,5,19,12,13753.0
20858,2018,5,19,13,14187.0
20859,2018,5,19,14,14335.0
20860,2018,5,19,15,14465.0
20861,2018,5,19,16,14784.0
20862,2018,5,19,17,14997.0
20863,2018,5,19,18,15001.0
20864,2018,5,19,19,14734.0
20865,2018,5,19,20,14377.0
20866,2018,5,19,21,14179.0
20867,2018,5,19,22,14060.0
20868,2018,5,19,23,13343.0
20869,2018,5,20,0,12331.0
20870,2018,5,20,1,11533.0
20871,2018,5,20,2,11047.0
20872,2018,5,20,3,10710.0
20873,2018,5,20,4,10438.0
20874,2018,5,20,5,10360.0
20875,2018,5,20,6,10544.0
20876,2018,5,20,7,10498.0
20877,2018,5,20,8,11002.0
20878,2018,5,20,9,11675.0
20879,2018,5,20,10,12488.0
20880,2018,5,20,11,13193.0
20881,2018,5,20,12,13702.0
20882,2018,5,20,13,14307.0
20883,2018,5,20,14,14695.0
20884,2018,5,20,15,15079.0
20885,2018,5,20,16,15287.0
20886,2018,5,20,17,15592.0
20887,2018,5,20,18,15845.0
20888,2018,5,20,19,15793.0
20889,2018,5,20,20,15490.0
20890,2018,5,20,21,15267.0
20891,2018,5,20,22,14998.0
20892,2018,5,20,23,14185.0
20893,2018,5,21,0,13048.0
20894,2018,5,21,1,12165.0
20895,2018,5,21,2,11711.0
20896,2018,5,21,3,11262.0
20897,2018,5,21,4,11208.0
20898,2018,5,21,5,11273.0
20899,2018,5,21,6,11937.0
20900,2018,5,21,7,12934.0
20901,2018,5,21,8,13690.0
20902,2018,5,21,9,14239.0
20903,2018,5,21,10,14663.0
20904,2018,5,21,11,15379.0
20905,2018,5,21,12,15978.0
20906,2018,5,21,13,16688.0
20907,2018,5,21,14,17083.0
20908,2018,5,21,15,17315.0
20909,2018,5,21,16,17382.0
20910,2018,5,21,17,17397.0
20911,2018,5,21,18,17285.0
20912,2018,5,21,19,17018.0
20913,2018,5,21,20,16664.0
20914,2018,5,21,21,16372.0
20915,2018,5,21,22,16013.0
20916,2018,5,21,23,14784.0
20917,2018,5,22,0,13488.0
20918,2018,5,22,1,12771.0
20919,2018,5,22,2,12125.0
20920,2018,5,22,3,11829.0
20921,2018,5,22,4,11679.0
20922,2018,5,22,5,11827.0
20923,2018,5,22,6,12465.0
20924,2018,5,22,7,13417.0
20925,2018,5,22,8,14223.0
20926,2018,5,22,9,14541.0
20927,2018,5,22,10,14982.0
20928,2018,5,22,11,15443.0
20929,2018,5,22,12,15890.0
20930,2018,5,22,13,16356.0
20931,2018,5,22,14,16903.0
20932,2018,5,22,15,17129.0
20933,2018,5,22,16,17255.0
20934,2018,5,22,17,17355.0
20935,2018,5,22,18,17179.0
20936,2018,5,22,19,16822.0
20937,2018,5,22,20,16382.0
20938,2018,5,22,21,16009.0
20939,2018,5,22,22,15780.0
20940,2018,5,22,23,14721.0
20941,2018,5,23,0,13521.0
20942,2018,5,23,1,12630.0
20943,2018,5,23,2,12037.0
20944,2018,5,23,3,11592.0
20945,2018,5,23,4,11381.0
20946,2018,5,23,5,11391.0
20947,2018,5,23,6,12015.0
20948,2018,5,23,7,12792.0
20949,2018,5,23,8,13560.0
20950,2018,5,23,9,14064.0
20951,2018,5,23,10,14470.0
20952,2018,5,23,11,14873.0
20953,2018,5,23,12,15294.0
20954,2018,5,23,13,15682.0
20955,2018,5,23,14,16170.0
20956,2018,5,23,15,16464.0
20957,2018,5,23,16,16697.0
20958,2018,5,23,17,16906.0
20959,2018,5,23,18,17028.0
20960,2018,5,23,19,16803.0
20961,2018,5,23,20,16344.0
20962,2018,5,23,21,15838.0
20963,2018,5,23,22,15647.0
20964,2018,5,23,23,14551.0
20965,2018,5,24,0,13121.0
20966,2018,5,24,1,12210.0
20967,2018,5,24,2,11579.0
20968,2018,5,24,3,11285.0
20969,2018,5,24,4,11112.0
20970,2018,5,24,5,11278.0
20971,2018,5,24,6,11839.0
20972,2018,5,24,7,12680.0
20973,2018,5,24,8,13486.0
20974,2018,5,24,9,13862.0
20975,2018,5,24,10,14468.0
20976,2018,5,24,11,14910.0
20977,2018,5,24,12,15355.0
20978,2018,5,24,13,15994.0
20979,2018,5,24,14,16566.0
20980,2018,5,24,15,17041.0
20981,2018,5,24,16,17283.0
20982,2018,5,24,17,17598.0
20983,2018,5,24,18,17614.0
20984,2018,5,24,19,17542.0
20985,2018,5,24,20,17174.0
20986,2018,5,24,21,16555.0
20987,2018,5,24,22,16257.0
20988,2018,5,24,23,14941.0
20989,2018,5,25,0,13672.0
20990,2018,5,25,1,12651.0
20991,2018,5,25,2,11908.0
20992,2018,5,25,3,11371.0
20993,2018,5,25,4,11240.0
20994,2018,5,25,5,11264.0
20995,2018,5,25,6,11884.0
20996,2018,5,25,7,12567.0
20997,2018,5,25,8,13364.0
20998,2018,5,25,9,14104.0
20999,2018,5,25,10,14890.0
21000,2018,5,25,11,15543.0
21001,2018,5,25,12,16257.0
21002,2018,5,25,13,16991.0
21003,2018,5,25,14,17663.0
21004,2018,5,25,15,18083.0
21005,2018,5,25,16,18377.0
21006,2018,5,25,17,18658.0
21007,2018,5,25,18,18520.0
21008,2018,5,25,19,18114.0
21009,2018,5,25,20,17589.0
21010,2018,5,25,21,16774.0
21011,2018,5,25,22,16455.0
21012,2018,5,25,23,15352.0
21013,2018,5,26,0,14005.0
21014,2018,5,26,1,12868.0
21015,2018,5,26,2,12080.0
21016,2018,5,26,3,11690.0
21017,2018,5,26,4,11323.0
21018,2018,5,26,5,11200.0
21019,2018,5,26,6,11247.0
21020,2018,5,26,7,11249.0
21021,2018,5,26,8,11737.0
21022,2018,5,26,9,12696.0
21023,2018,5,26,10,13573.0
21024,2018,5,26,11,14284.0
21025,2018,5,26,12,14925.0
21026,2018,5,26,13,15476.0
21027,2018,5,26,14,15742.0
21028,2018,5,26,15,16066.0
21029,2018,5,26,16,16336.0
21030,2018,5,26,17,16441.0
21031,2018,5,26,18,16334.0
21032,2018,5,26,19,15824.0
21033,2018,5,26,20,15392.0
21034,2018,5,26,21,15070.0
21035,2018,5,26,22,14828.0
21036,2018,5,26,23,14122.0
21037,2018,5,27,0,13088.0
21038,2018,5,27,1,12265.0
21039,2018,5,27,2,11571.0
21040,2018,5,27,3,11218.0
21041,2018,5,27,4,10959.0
21042,2018,5,27,5,10687.0
21043,2018,5,27,6,10734.0
21044,2018,5,27,7,10682.0
21045,2018,5,27,8,11208.0
21046,2018,5,27,9,12209.0
21047,2018,5,27,10,13354.0
21048,2018,5,27,11,14315.0
21049,2018,5,27,12,15197.0
21050,2018,5,27,13,16069.0
21051,2018,5,27,14,16625.0
21052,2018,5,27,15,16909.0
21053,2018,5,27,16,17256.0
21054,2018,5,27,17,17397.0
21055,2018,5,27,18,17539.0
21056,2018,5,27,19,17215.0
21057,2018,5,27,20,16739.0
21058,2018,5,27,21,16287.0
21059,2018,5,27,22,16010.0
21060,2018,5,27,23,15227.0
21061,2018,5,28,0,14155.0
21062,2018,5,28,1,12896.0
21063,2018,5,28,2,12384.0
21064,2018,5,28,3,11835.0
21065,2018,5,28,4,11539.0
21066,2018,5,28,5,11268.0
21067,2018,5,28,6,11354.0
21068,2018,5,28,7,11320.0
21069,2018,5,28,8,11846.0
21070,2018,5,28,9,12865.0
21071,2018,5,28,10,14183.0
21072,2018,5,28,11,15333.0
21073,2018,5,28,12,16477.0
21074,2018,5,28,13,17275.0
21075,2018,5,28,14,17778.0
21076,2018,5,28,15,18181.0
21077,2018,5,28,16,18284.0
21078,2018,5,28,17,18337.0
21079,2018,5,28,18,18275.0
21080,2018,5,28,19,17929.0
21081,2018,5,28,20,17461.0
21082,2018,5,28,21,17233.0
21083,2018,5,28,22,16912.0
21084,2018,5,28,23,15934.0
21085,2018,5,29,0,14788.0
21086,2018,5,29,1,13749.0
21087,2018,5,29,2,13126.0
21088,2018,5,29,3,12649.0
21089,2018,5,29,4,12451.0
21090,2018,5,29,5,12478.0
21091,2018,5,29,6,13036.0
21092,2018,5,29,7,13763.0
21093,2018,5,29,8,14851.0
21094,2018,5,29,9,15801.0
21095,2018,5,29,10,16750.0
21096,2018,5,29,11,17715.0
21097,2018,5,29,12,18620.0
21098,2018,5,29,13,19314.0
21099,2018,5,29,14,19943.0
21100,2018,5,29,15,20374.0
21101,2018,5,29,16,20519.0
21102,2018,5,29,17,20581.0
21103,2018,5,29,18,20491.0
21104,2018,5,29,19,20127.0
21105,2018,5,29,20,19543.0
21106,2018,5,29,21,19019.0
21107,2018,5,29,22,18649.0
21108,2018,5,29,23,17368.0
21109,2018,5,30,0,15993.0
21110,2018,5,30,1,14772.0
21111,2018,5,30,2,13972.0
21112,2018,5,30,3,13578.0
21113,2018,5,30,4,13274.0
21114,2018,5,30,5,13302.0
21115,2018,5,30,6,13784.0
21116,2018,5,30,7,14624.0
21117,2018,5,30,8,15615.0
21118,2018,5,30,9,16304.0
21119,2018,5,30,10,16993.0
21120,2018,5,30,11,17779.0
21121,2018,5,30,12,18601.0
21122,2018,5,30,13,19265.0
21123,2018,5,30,14,19705.0
21124,2018,5,30,15,19873.0
21125,2018,5,30,16,19898.0
21126,2018,5,30,17,19608.0
21127,2018,5,30,18,19053.0
21128,2018,5,30,19,18461.0
21129,2018,5,30,20,17964.0
21130,2018,5,30,21,17472.0
21131,2018,5,30,22,17166.0
21132,2018,5,30,23,16126.0
21133,2018,5,31,0,15073.0
21134,2018,5,31,1,14095.0
21135,2018,5,31,2,13464.0
21136,2018,5,31,3,13052.0
21137,2018,5,31,4,12861.0
21138,2018,5,31,5,12990.0
21139,2018,5,31,6,13495.0
21140,2018,5,31,7,14373.0
21141,2018,5,31,8,15261.0
21142,2018,5,31,9,16066.0
21143,2018,5,31,10,16782.0
21144,2018,5,31,11,17600.0
21145,2018,5,31,12,18204.0
21146,2018,5,31,13,18947.0
21147,2018,5,31,14,19611.0
21148,2018,5,31,15,20036.0
21149,2018,5,31,16,20129.0
21150,2018,5,31,17,20077.0
21151,2018,5,31,18,19718.0
21152,2018,5,31,19,19302.0
21153,2018,5,31,20,18623.0
21154,2018,5,31,21,18033.0
21155,2018,5,31,22,17575.0
21156,2018,5,31,23,16419.0
21157,2018,6,1,0,14981.0
21158,2018,6,1,1,13938.0
21159,2018,6,1,2,13169.0
21160,2018,6,1,3,12711.0
21161,2018,6,1,4,12420.0
21162,2018,6,1,5,12443.0
21163,2018,6,1,6,13073.0
21164,2018,6,1,7,13738.0
21165,2018,6,1,8,14539.0
21166,2018,6,1,9,15297.0
21167,2018,6,1,10,15899.0
21168,2018,6,1,11,16579.0
21169,2018,6,1,12,17104.0
21170,2018,6,1,13,17654.0
21171,2018,6,1,14,18125.0
21172,2018,6,1,15,18465.0
21173,2018,6,1,16,18490.0
21174,2018,6,1,17,18459.0
21175,2018,6,1,18,18075.0
21176,2018,6,1,19,17482.0
21177,2018,6,1,20,17027.0
21178,2018,6,1,21,16485.0
21179,2018,6,1,22,16182.0
21180,2018,6,1,23,15297.0
21181,2018,6,2,0,14112.0
21182,2018,6,2,1,13191.0
21183,2018,6,2,2,12475.0
21184,2018,6,2,3,11980.0
21185,2018,6,2,4,11617.0
21186,2018,6,2,5,11582.0
21187,2018,6,2,6,11717.0
21188,2018,6,2,7,11859.0
21189,2018,6,2,8,12167.0
21190,2018,6,2,9,12923.0
21191,2018,6,2,10,13674.0
21192,2018,6,2,11,14390.0
21193,2018,6,2,12,14975.0
21194,2018,6,2,13,15502.0
21195,2018,6,2,14,15797.0
21196,2018,6,2,15,15999.0
21197,2018,6,2,16,16302.0
21198,2018,6,2,17,16534.0
21199,2018,6,2,18,16581.0
21200,2018,6,2,19,16403.0
21201,2018,6,2,20,16070.0
21202,2018,6,2,21,15478.0
21203,2018,6,2,22,15244.0
21204,2018,6,2,23,14520.0
21205,2018,6,3,0,13487.0
21206,2018,6,3,1,12500.0
21207,2018,6,3,2,11823.0
21208,2018,6,3,3,11374.0
21209,2018,6,3,4,11132.0
21210,2018,6,3,5,10994.0
21211,2018,6,3,6,10863.0
21212,2018,6,3,7,10906.0
21213,2018,6,3,8,11383.0
21214,2018,6,3,9,12274.0
21215,2018,6,3,10,13182.0
21216,2018,6,3,11,13853.0
21217,2018,6,3,12,14594.0
21218,2018,6,3,13,15147.0
21219,2018,6,3,14,15698.0
21220,2018,6,3,15,16017.0
21221,2018,6,3,16,16337.0
21222,2018,6,3,17,16588.0
21223,2018,6,3,18,16635.0
21224,2018,6,3,19,16428.0
21225,2018,6,3,20,16039.0
21226,2018,6,3,21,15378.0
21227,2018,6,3,22,15037.0
21228,2018,6,3,23,14122.0
21229,2018,6,4,0,12969.0
21230,2018,6,4,1,12051.0
21231,2018,6,4,2,11590.0
21232,2018,6,4,3,11253.0
21233,2018,6,4,4,11028.0
21234,2018,6,4,5,11185.0
21235,2018,6,4,6,11729.0
21236,2018,6,4,7,12499.0
21237,2018,6,4,8,13282.0
21238,2018,6,4,9,13904.0
21239,2018,6,4,10,14324.0
21240,2018,6,4,11,14764.0
21241,2018,6,4,12,15165.0
21242,2018,6,4,13,15465.0
21243,2018,6,4,14,15806.0
21244,2018,6,4,15,16075.0
21245,2018,6,4,16,16256.0
21246,2018,6,4,17,16431.0
21247,2018,6,4,18,16510.0
21248,2018,6,4,19,16323.0
21249,2018,6,4,20,15888.0
21250,2018,6,4,21,15360.0
21251,2018,6,4,22,15002.0
21252,2018,6,4,23,14201.0
21253,2018,6,5,0,12869.0
21254,2018,6,5,1,11991.0
21255,2018,6,5,2,11566.0
21256,2018,6,5,3,11230.0
21257,2018,6,5,4,11000.0
21258,2018,6,5,5,11179.0
21259,2018,6,5,6,11662.0
21260,2018,6,5,7,12442.0
21261,2018,6,5,8,13058.0
21262,2018,6,5,9,13517.0
21263,2018,6,5,10,14092.0
21264,2018,6,5,11,14535.0
21265,2018,6,5,12,14811.0
21266,2018,6,5,13,15135.0
21267,2018,6,5,14,15373.0
21268,2018,6,5,15,15605.0
21269,2018,6,5,16,15614.0
21270,2018,6,5,17,15580.0
21271,2018,6,5,18,15540.0
21272,2018,6,5,19,15401.0
21273,2018,6,5,20,15101.0
21274,2018,6,5,21,14800.0
21275,2018,6,5,22,14624.0
21276,2018,6,5,23,13922.0
21277,2018,6,6,0,12833.0
21278,2018,6,6,1,12023.0
21279,2018,6,6,2,11499.0
21280,2018,6,6,3,11170.0
21281,2018,6,6,4,10947.0
21282,2018,6,6,5,11078.0
21283,2018,6,6,6,11469.0
21284,2018,6,6,7,12063.0
21285,2018,6,6,8,12761.0
21286,2018,6,6,9,13300.0
21287,2018,6,6,10,13639.0
21288,2018,6,6,11,13899.0
21289,2018,6,6,12,14154.0
21290,2018,6,6,13,14516.0
21291,2018,6,6,14,14763.0
21292,2018,6,6,15,14990.0
21293,2018,6,6,16,15020.0
21294,2018,6,6,17,15172.0
21295,2018,6,6,18,15229.0
21296,2018,6,6,19,15092.0
21297,2018,6,6,20,14785.0
21298,2018,6,6,21,14420.0
21299,2018,6,6,22,14374.0
21300,2018,6,6,23,13629.0
21301,2018,6,7,0,12697.0
21302,2018,6,7,1,11798.0
21303,2018,6,7,2,11343.0
21304,2018,6,7,3,11160.0
21305,2018,6,7,4,11047.0
21306,2018,6,7,5,11093.0
21307,2018,6,7,6,11580.0
21308,2018,6,7,7,12215.0
21309,2018,6,7,8,12982.0
21310,2018,6,7,9,13421.0
21311,2018,6,7,10,13969.0
21312,2018,6,7,11,14405.0
21313,2018,6,7,12,14975.0
21314,2018,6,7,13,15417.0
21315,2018,6,7,14,16052.0
21316,2018,6,7,15,16593.0
21317,2018,6,7,16,17017.0
21318,2018,6,7,17,17365.0
21319,2018,6,7,18,17600.0
21320,2018,6,7,19,17511.0
21321,2018,6,7,20,17108.0
21322,2018,6,7,21,16479.0
21323,2018,6,7,22,16332.0
21324,2018,6,7,23,15307.0
21325,2018,6,8,0,14029.0
21326,2018,6,8,1,13007.0
21327,2018,6,8,2,12325.0
21328,2018,6,8,3,11942.0
21329,2018,6,8,4,11698.0
21330,2018,6,8,5,11806.0
21331,2018,6,8,6,12198.0
21332,2018,6,8,7,12772.0
21333,2018,6,8,8,13646.0
21334,2018,6,8,9,14268.0
21335,2018,6,8,10,15074.0
21336,2018,6,8,11,15926.0
21337,2018,6,8,12,16748.0
21338,2018,6,8,13,17195.0
21339,2018,6,8,14,17695.0
21340,2018,6,8,15,17761.0
21341,2018,6,8,16,17953.0
21342,2018,6,8,17,17805.0
21343,2018,6,8,18,17485.0
21344,2018,6,8,19,17056.0
21345,2018,6,8,20,16316.0
21346,2018,6,8,21,15884.0
21347,2018,6,8,22,15619.0
21348,2018,6,8,23,14753.0
21349,2018,6,9,0,13567.0
21350,2018,6,9,1,12786.0
21351,2018,6,9,2,12150.0
21352,2018,6,9,3,11722.0
21353,2018,6,9,4,11359.0
21354,2018,6,9,5,11204.0
21355,2018,6,9,6,11379.0
21356,2018,6,9,7,11400.0
21357,2018,6,9,8,11998.0
21358,2018,6,9,9,12728.0
21359,2018,6,9,10,13771.0
21360,2018,6,9,11,14673.0
21361,2018,6,9,12,15559.0
21362,2018,6,9,13,16255.0
21363,2018,6,9,14,16659.0
21364,2018,6,9,15,16916.0
21365,2018,6,9,16,17017.0
21366,2018,6,9,17,17268.0
21367,2018,6,9,18,17313.0
21368,2018,6,9,19,16948.0
21369,2018,6,9,20,16271.0
21370,2018,6,9,21,15753.0
21371,2018,6,9,22,15388.0
21372,2018,6,9,23,14553.0
21373,2018,6,10,0,13472.0
21374,2018,6,10,1,12531.0
21375,2018,6,10,2,11919.0
21376,2018,6,10,3,11477.0
21377,2018,6,10,4,11166.0
21378,2018,6,10,5,11024.0
21379,2018,6,10,6,11039.0
21380,2018,6,10,7,10937.0
21381,2018,6,10,8,11431.0
21382,2018,6,10,9,12225.0
21383,2018,6,10,10,13110.0
21384,2018,6,10,11,13970.0
21385,2018,6,10,12,14683.0
21386,2018,6,10,13,15341.0
21387,2018,6,10,14,15932.0
21388,2018,6,10,15,16151.0
21389,2018,6,10,16,16256.0
21390,2018,6,10,17,16377.0
21391,2018,6,10,18,16437.0
21392,2018,6,10,19,16184.0
21393,2018,6,10,20,15742.0
21394,2018,6,10,21,15399.0
21395,2018,6,10,22,15176.0
21396,2018,6,10,23,14475.0
21397,2018,6,11,0,13419.0
21398,2018,6,11,1,12796.0
21399,2018,6,11,2,12237.0
21400,2018,6,11,3,11872.0
21401,2018,6,11,4,11812.0
21402,2018,6,11,5,11978.0
21403,2018,6,11,6,12479.0
21404,2018,6,11,7,13301.0
21405,2018,6,11,8,14126.0
21406,2018,6,11,9,14787.0
21407,2018,6,11,10,15161.0
21408,2018,6,11,11,15570.0
21409,2018,6,11,12,15908.0
21410,2018,6,11,13,16136.0
21411,2018,6,11,14,16239.0
21412,2018,6,11,15,16173.0
21413,2018,6,11,16,16082.0
21414,2018,6,11,17,15966.0
21415,2018,6,11,18,15907.0
21416,2018,6,11,19,15817.0
21417,2018,6,11,20,15626.0
21418,2018,6,11,21,15493.0
21419,2018,6,11,22,15377.0
21420,2018,6,11,23,14621.0
21421,2018,6,12,0,13551.0
21422,2018,6,12,1,12794.0
21423,2018,6,12,2,12255.0
21424,2018,6,12,3,11830.0
21425,2018,6,12,4,11680.0
21426,2018,6,12,5,11836.0
21427,2018,6,12,6,12255.0
21428,2018,6,12,7,13076.0
21429,2018,6,12,8,13806.0
21430,2018,6,12,9,14358.0
21431,2018,6,12,10,14835.0
21432,2018,6,12,11,15304.0
21433,2018,6,12,12,15655.0
21434,2018,6,12,13,16083.0
21435,2018,6,12,14,16484.0
21436,2018,6,12,15,16672.0
21437,2018,6,12,16,16701.0
21438,2018,6,12,17,16884.0
21439,2018,6,12,18,17025.0
21440,2018,6,12,19,16762.0
21441,2018,6,12,20,16400.0
21442,2018,6,12,21,16244.0
21443,2018,6,12,22,16128.0
21444,2018,6,12,23,15239.0
21445,2018,6,13,0,14141.0
21446,2018,6,13,1,13289.0
21447,2018,6,13,2,12745.0
21448,2018,6,13,3,12432.0
21449,2018,6,13,4,12128.0
21450,2018,6,13,5,12280.0
21451,2018,6,13,6,12809.0
21452,2018,6,13,7,13404.0
21453,2018,6,13,8,14224.0
21454,2018,6,13,9,14932.0
21455,2018,6,13,10,15488.0
21456,2018,6,13,11,16152.0
21457,2018,6,13,12,16803.0
21458,2018,6,13,13,17315.0
21459,2018,6,13,14,17928.0
21460,2018,6,13,15,18274.0
21461,2018,6,13,16,18558.0
21462,2018,6,13,17,18483.0
21463,2018,6,13,18,18158.0
21464,2018,6,13,19,17806.0
21465,2018,6,13,20,17353.0
21466,2018,6,13,21,16863.0
21467,2018,6,13,22,16455.0
21468,2018,6,13,23,15433.0
21469,2018,6,14,0,14083.0
21470,2018,6,14,1,13082.0
21471,2018,6,14,2,12386.0
21472,2018,6,14,3,12034.0
21473,2018,6,14,4,11769.0
21474,2018,6,14,5,11725.0
21475,2018,6,14,6,12341.0
21476,2018,6,14,7,12940.0
21477,2018,6,14,8,13822.0
21478,2018,6,14,9,14522.0
21479,2018,6,14,10,15169.0
21480,2018,6,14,11,16015.0
21481,2018,6,14,12,16696.0
21482,2018,6,14,13,17316.0
21483,2018,6,14,14,17961.0
21484,2018,6,14,15,18300.0
21485,2018,6,14,16,18653.0
21486,2018,6,14,17,18911.0
21487,2018,6,14,18,18850.0
21488,2018,6,14,19,18616.0
21489,2018,6,14,20,17898.0
21490,2018,6,14,21,17137.0
21491,2018,6,14,22,16659.0
21492,2018,6,14,23,15605.0
21493,2018,6,15,0,14196.0
21494,2018,6,15,1,13183.0
21495,2018,6,15,2,12408.0
21496,2018,6,15,3,11956.0
21497,2018,6,15,4,11755.0
21498,2018,6,15,5,11775.0
21499,2018,6,15,6,12180.0
21500,2018,6,15,7,12782.0
21501,2018,6,15,8,13597.0
21502,2018,6,15,9,14414.0
21503,2018,6,15,10,15116.0
21504,2018,6,15,11,16018.0
21505,2018,6,15,12,16704.0
21506,2018,6,15,13,17525.0
21507,2018,6,15,14,18127.0
21508,2018,6,15,15,18656.0
21509,2018,6,15,16,18938.0
21510,2018,6,15,17,19129.0
21511,2018,6,15,18,19012.0
21512,2018,6,15,19,18648.0
21513,2018,6,15,20,18100.0
21514,2018,6,15,21,17249.0
21515,2018,6,15,22,16841.0
21516,2018,6,15,23,15757.0
21517,2018,6,16,0,14428.0
21518,2018,6,16,1,13264.0
21519,2018,6,16,2,12488.0
21520,2018,6,16,3,12030.0
21521,2018,6,16,4,11669.0
21522,2018,6,16,5,11625.0
21523,2018,6,16,6,11687.0
21524,2018,6,16,7,11729.0
21525,2018,6,16,8,12344.0
21526,2018,6,16,9,13095.0
21527,2018,6,16,10,14047.0
21528,2018,6,16,11,15089.0
21529,2018,6,16,12,16072.0
21530,2018,6,16,13,16851.0
21531,2018,6,16,14,17649.0
21532,2018,6,16,15,18215.0
21533,2018,6,16,16,18650.0
21534,2018,6,16,17,18887.0
21535,2018,6,16,18,19109.0
21536,2018,6,16,19,18888.0
21537,2018,6,16,20,18419.0
21538,2018,6,16,21,17637.0
21539,2018,6,16,22,17176.0
21540,2018,6,16,23,16129.0
21541,2018,6,17,0,14969.0
21542,2018,6,17,1,13844.0
21543,2018,6,17,2,13016.0
21544,2018,6,17,3,12488.0
21545,2018,6,17,4,12084.0
21546,2018,6,17,5,11810.0
21547,2018,6,17,6,11731.0
21548,2018,6,17,7,11596.0
21549,2018,6,17,8,12280.0
21550,2018,6,17,9,13529.0
21551,2018,6,17,10,15002.0
21552,2018,6,17,11,16392.0
21553,2018,6,17,12,17508.0
21554,2018,6,17,13,18415.0
21555,2018,6,17,14,19069.0
21556,2018,6,17,15,19443.0
21557,2018,6,17,16,19849.0
21558,2018,6,17,17,20029.0
21559,2018,6,17,18,20139.0
21560,2018,6,17,19,19883.0
21561,2018,6,17,20,19566.0
21562,2018,6,17,21,18987.0
21563,2018,6,17,22,18731.0
21564,2018,6,17,23,17861.0
21565,2018,6,18,0,16467.0
21566,2018,6,18,1,15272.0
21567,2018,6,18,2,14527.0
21568,2018,6,18,3,13958.0
21569,2018,6,18,4,13721.0
21570,2018,6,18,5,13584.0
21571,2018,6,18,6,14102.0
21572,2018,6,18,7,14777.0
21573,2018,6,18,8,15878.0
21574,2018,6,18,9,17080.0
21575,2018,6,18,10,18403.0
21576,2018,6,18,11,19753.0
21577,2018,6,18,12,20892.0
21578,2018,6,18,13,21776.0
21579,2018,6,18,14,22096.0
21580,2018,6,18,15,22124.0
21581,2018,6,18,16,22250.0
21582,2018,6,18,17,22253.0
21583,2018,6,18,18,22204.0
21584,2018,6,18,19,22201.0
21585,2018,6,18,20,21776.0
21586,2018,6,18,21,21118.0
21587,2018,6,18,22,20663.0
21588,2018,6,18,23,19303.0
21589,2018,6,19,0,17801.0
21590,2018,6,19,1,16465.0
21591,2018,6,19,2,15617.0
21592,2018,6,19,3,15028.0
21593,2018,6,19,4,14608.0
21594,2018,6,19,5,14476.0
21595,2018,6,19,6,14916.0
21596,2018,6,19,7,15573.0
21597,2018,6,19,8,16412.0
21598,2018,6,19,9,17423.0
21599,2018,6,19,10,18316.0
21600,2018,6,19,11,19207.0
21601,2018,6,19,12,19822.0
21602,2018,6,19,13,20606.0
21603,2018,6,19,14,21113.0
21604,2018,6,19,15,21194.0
21605,2018,6,19,16,21083.0
21606,2018,6,19,17,20772.0
21607,2018,6,19,18,20336.0
21608,2018,6,19,19,19782.0
21609,2018,6,19,20,19322.0
21610,2018,6,19,21,18686.0
21611,2018,6,19,22,18307.0
21612,2018,6,19,23,17213.0
21613,2018,6,20,0,15910.0
21614,2018,6,20,1,14876.0
21615,2018,6,20,2,14114.0
21616,2018,6,20,3,13527.0
21617,2018,6,20,4,13256.0
21618,2018,6,20,5,13282.0
21619,2018,6,20,6,13706.0
21620,2018,6,20,7,14307.0
21621,2018,6,20,8,15268.0
21622,2018,6,20,9,16116.0
21623,2018,6,20,10,16950.0
21624,2018,6,20,11,17688.0
21625,2018,6,20,12,18553.0
21626,2018,6,20,13,19171.0
21627,2018,6,20,14,19693.0
21628,2018,6,20,15,20012.0
21629,2018,6,20,16,20060.0
21630,2018,6,20,17,19902.0
21631,2018,6,20,18,19623.0
21632,2018,6,20,19,19143.0
21633,2018,6,20,20,18467.0
21634,2018,6,20,21,17996.0
21635,2018,6,20,22,17458.0
21636,2018,6,20,23,16573.0
21637,2018,6,21,0,15418.0
21638,2018,6,21,1,14361.0
21639,2018,6,21,2,13642.0
21640,2018,6,21,3,13115.0
21641,2018,6,21,4,12813.0
21642,2018,6,21,5,12776.0
21643,2018,6,21,6,13276.0
21644,2018,6,21,7,13813.0
21645,2018,6,21,8,14736.0
21646,2018,6,21,9,15286.0
21647,2018,6,21,10,15958.0
21648,2018,6,21,11,16495.0
21649,2018,6,21,12,17001.0
21650,2018,6,21,13,17398.0
21651,2018,6,21,14,17603.0
21652,2018,6,21,15,17612.0
21653,2018,6,21,16,17416.0
21654,2018,6,21,17,17158.0
21655,2018,6,21,18,16884.0
21656,2018,6,21,19,16674.0
21657,2018,6,21,20,16394.0
21658,2018,6,21,21,16118.0
21659,2018,6,21,22,16007.0
21660,2018,6,21,23,15183.0
21661,2018,6,22,0,14309.0
21662,2018,6,22,1,13576.0
21663,2018,6,22,2,12811.0
21664,2018,6,22,3,12420.0
21665,2018,6,22,4,12383.0
21666,2018,6,22,5,12459.0
21667,2018,6,22,6,12965.0
21668,2018,6,22,7,13608.0
21669,2018,6,22,8,14301.0
21670,2018,6,22,9,14978.0
21671,2018,6,22,10,15557.0
21672,2018,6,22,11,16087.0
21673,2018,6,22,12,16544.0
21674,2018,6,22,13,17081.0
21675,2018,6,22,14,17570.0
21676,2018,6,22,15,17654.0
21677,2018,6,22,16,17765.0
21678,2018,6,22,17,17528.0
21679,2018,6,22,18,17278.0
21680,2018,6,22,19,16844.0
21681,2018,6,22,20,16382.0
21682,2018,6,22,21,15849.0
21683,2018,6,22,22,15708.0
21684,2018,6,22,23,14903.0
21685,2018,6,23,0,13841.0
21686,2018,6,23,1,13054.0
21687,2018,6,23,2,12371.0
21688,2018,6,23,3,11913.0
21689,2018,6,23,4,11568.0
21690,2018,6,23,5,11582.0
21691,2018,6,23,6,11739.0
21692,2018,6,23,7,11861.0
21693,2018,6,23,8,12352.0
21694,2018,6,23,9,13061.0
21695,2018,6,23,10,13733.0
21696,2018,6,23,11,14351.0
21697,2018,6,23,12,14908.0
21698,2018,6,23,13,15232.0
21699,2018,6,23,14,15576.0
21700,2018,6,23,15,15756.0
21701,2018,6,23,16,16000.0
21702,2018,6,23,17,16143.0
21703,2018,6,23,18,16344.0
21704,2018,6,23,19,16228.0
21705,2018,6,23,20,15836.0
21706,2018,6,23,21,15320.0
21707,2018,6,23,22,15175.0
21708,2018,6,23,23,14535.0
21709,2018,6,24,0,13566.0
21710,2018,6,24,1,12652.0
21711,2018,6,24,2,12085.0
21712,2018,6,24,3,11627.0
21713,2018,6,24,4,11374.0
21714,2018,6,24,5,11248.0
21715,2018,6,24,6,11275.0
21716,2018,6,24,7,11180.0
21717,2018,6,24,8,11745.0
21718,2018,6,24,9,12672.0
21719,2018,6,24,10,13577.0
21720,2018,6,24,11,14374.0
21721,2018,6,24,12,15219.0
21722,2018,6,24,13,15833.0
21723,2018,6,24,14,16405.0
21724,2018,6,24,15,16821.0
21725,2018,6,24,16,17202.0
21726,2018,6,24,17,17469.0
21727,2018,6,24,18,17657.0
21728,2018,6,24,19,17472.0
21729,2018,6,24,20,17084.0
21730,2018,6,24,21,16544.0
21731,2018,6,24,22,16152.0
21732,2018,6,24,23,15332.0
21733,2018,6,25,0,14132.0
21734,2018,6,25,1,13136.0
21735,2018,6,25,2,12512.0
21736,2018,6,25,3,12057.0
21737,2018,6,25,4,11860.0
21738,2018,6,25,5,11875.0
21739,2018,6,25,6,12495.0
21740,2018,6,25,7,13201.0
21741,2018,6,25,8,14098.0
21742,2018,6,25,9,14721.0
21743,2018,6,25,10,15294.0
21744,2018,6,25,11,15945.0
21745,2018,6,25,12,16435.0
21746,2018,6,25,13,16954.0
21747,2018,6,25,14,17432.0
21748,2018,6,25,15,17660.0
21749,2018,6,25,16,17696.0
21750,2018,6,25,17,17692.0
21751,2018,6,25,18,17556.0
21752,2018,6,25,19,17451.0
21753,2018,6,25,20,17068.0
21754,2018,6,25,21,16601.0
21755,2018,6,25,22,16337.0
21756,2018,6,25,23,15436.0
21757,2018,6,26,0,14265.0
21758,2018,6,26,1,13301.0
21759,2018,6,26,2,12594.0
21760,2018,6,26,3,12228.0
21761,2018,6,26,4,12020.0
21762,2018,6,26,5,11975.0
21763,2018,6,26,6,12483.0
21764,2018,6,26,7,13107.0
21765,2018,6,26,8,13870.0
21766,2018,6,26,9,14543.0
21767,2018,6,26,10,15119.0
21768,2018,6,26,11,16010.0
21769,2018,6,26,12,16638.0
21770,2018,6,26,13,17198.0
21771,2018,6,26,14,17493.0
21772,2018,6,26,15,17494.0
21773,2018,6,26,16,17395.0
21774,2018,6,26,17,17122.0
21775,2018,6,26,18,16855.0
21776,2018,6,26,19,16545.0
21777,2018,6,26,20,16262.0
21778,2018,6,26,21,15951.0
21779,2018,6,26,22,15800.0
21780,2018,6,26,23,14973.0
21781,2018,6,27,0,14013.0
21782,2018,6,27,1,13118.0
21783,2018,6,27,2,12641.0
21784,2018,6,27,3,12286.0
21785,2018,6,27,4,12081.0
21786,2018,6,27,5,12256.0
21787,2018,6,27,6,12795.0
21788,2018,6,27,7,13538.0
21789,2018,6,27,8,14256.0
21790,2018,6,27,9,14810.0
21791,2018,6,27,10,15170.0
21792,2018,6,27,11,15710.0
21793,2018,6,27,12,16095.0
21794,2018,6,27,13,16640.0
21795,2018,6,27,14,17297.0
21796,2018,6,27,15,17649.0
21797,2018,6,27,16,17801.0
21798,2018,6,27,17,17831.0
21799,2018,6,27,18,17726.0
21800,2018,6,27,19,17682.0
21801,2018,6,27,20,17396.0
21802,2018,6,27,21,16897.0
21803,2018,6,27,22,16666.0
21804,2018,6,27,23,15936.0
21805,2018,6,28,0,14638.0
21806,2018,6,28,1,13702.0
21807,2018,6,28,2,12973.0
21808,2018,6,28,3,12639.0
21809,2018,6,28,4,12454.0
21810,2018,6,28,5,12345.0
21811,2018,6,28,6,12810.0
21812,2018,6,28,7,13461.0
21813,2018,6,28,8,14352.0
21814,2018,6,28,9,15124.0
21815,2018,6,28,10,15796.0
21816,2018,6,28,11,16742.0
21817,2018,6,28,12,17449.0
21818,2018,6,28,13,18285.0
21819,2018,6,28,14,18807.0
21820,2018,6,28,15,19406.0
21821,2018,6,28,16,19677.0
21822,2018,6,28,17,20083.0
21823,2018,6,28,18,20147.0
21824,2018,6,28,19,20061.0
21825,2018,6,28,20,19578.0
21826,2018,6,28,21,18816.0
21827,2018,6,28,22,18304.0
21828,2018,6,28,23,17157.0
21829,2018,6,29,0,15747.0
21830,2018,6,29,1,14515.0
21831,2018,6,29,2,13721.0
21832,2018,6,29,3,12964.0
21833,2018,6,29,4,12720.0
21834,2018,6,29,5,12641.0
21835,2018,6,29,6,12993.0
21836,2018,6,29,7,13558.0
21837,2018,6,29,8,14505.0
21838,2018,6,29,9,15552.0
21839,2018,6,29,10,16725.0
21840,2018,6,29,11,17867.0
21841,2018,6,29,12,18684.0
21842,2018,6,29,13,19530.0
21843,2018,6,29,14,20228.0
21844,2018,6,29,15,20579.0
21845,2018,6,29,16,20711.0
21846,2018,6,29,17,20842.0
21847,2018,6,29,18,20899.0
21848,2018,6,29,19,20659.0
21849,2018,6,29,20,20405.0
21850,2018,6,29,21,19578.0
21851,2018,6,29,22,18945.0
21852,2018,6,29,23,17624.0
21853,2018,6,30,0,16268.0
21854,2018,6,30,1,14981.0
21855,2018,6,30,2,13938.0
21856,2018,6,30,3,13298.0
21857,2018,6,30,4,12809.0
21858,2018,6,30,5,12459.0
21859,2018,6,30,6,12423.0
21860,2018,6,30,7,12386.0
21861,2018,6,30,8,13080.0
21862,2018,6,30,9,14336.0
21863,2018,6,30,10,15664.0
21864,2018,6,30,11,17016.0
21865,2018,6,30,12,17932.0
21866,2018,6,30,13,19001.0
21867,2018,6,30,14,19627.0
21868,2018,6,30,15,20009.0
21869,2018,6,30,16,20433.0
21870,2018,6,30,17,20685.0
21871,2018,6,30,18,20745.0
21872,2018,6,30,19,20420.0
21873,2018,6,30,20,19888.0
21874,2018,6,30,21,19067.0
21875,2018,6,30,22,18389.0
21876,2018,6,30,23,17393.0
21877,2018,7,1,0,16039.0
21878,2018,7,1,1,14855.0
21879,2018,7,1,2,13918.0
21880,2018,7,1,3,13178.0
21881,2018,7,1,4,12619.0
21882,2018,7,1,5,12316.0
21883,2018,7,1,6,12295.0
21884,2018,7,1,7,12051.0
21885,2018,7,1,8,12761.0
21886,2018,7,1,9,14158.0
21887,2018,7,1,10,15715.0
21888,2018,7,1,11,17012.0
21889,2018,7,1,12,18277.0
21890,2018,7,1,13,19272.0
21891,2018,7,1,14,20012.0
21892,2018,7,1,15,20374.0
21893,2018,7,1,16,20726.0
21894,2018,7,1,17,20924.0
21895,2018,7,1,18,20871.0
21896,2018,7,1,19,20580.0
21897,2018,7,1,20,19863.0
21898,2018,7,1,21,19115.0
21899,2018,7,1,22,18592.0
21900,2018,7,1,23,17648.0
21901,2018,7,2,0,16418.0
21902,2018,7,2,1,15460.0
21903,2018,7,2,2,14652.0
21904,2018,7,2,3,14091.0
21905,2018,7,2,4,13682.0
21906,2018,7,2,5,13605.0
21907,2018,7,2,6,14019.0
21908,2018,7,2,7,14529.0
21909,2018,7,2,8,15422.0
21910,2018,7,2,9,16355.0
21911,2018,7,2,10,17394.0
21912,2018,7,2,11,18541.0
21913,2018,7,2,12,19501.0
21914,2018,7,2,13,20444.0
21915,2018,7,2,14,21045.0
21916,2018,7,2,15,20811.0
21917,2018,7,2,16,20382.0
21918,2018,7,2,17,20159.0
21919,2018,7,2,18,19954.0
21920,2018,7,2,19,19864.0
21921,2018,7,2,20,19401.0
21922,2018,7,2,21,18774.0
21923,2018,7,2,22,18315.0
21924,2018,7,2,23,17251.0
21925,2018,7,3,0,15990.0
21926,2018,7,3,1,14889.0
21927,2018,7,3,2,14044.0
21928,2018,7,3,3,13408.0
21929,2018,7,3,4,13197.0
21930,2018,7,3,5,13038.0
21931,2018,7,3,6,13451.0
21932,2018,7,3,7,13929.0
21933,2018,7,3,8,14850.0
21934,2018,7,3,9,15838.0
21935,2018,7,3,10,16991.0
21936,2018,7,3,11,18207.0
21937,2018,7,3,12,19283.0
21938,2018,7,3,13,20328.0
21939,2018,7,3,14,20999.0
21940,2018,7,3,15,21321.0
21941,2018,7,3,16,21367.0
21942,2018,7,3,17,21481.0
21943,2018,7,3,18,21448.0
21944,2018,7,3,19,21249.0
21945,2018,7,3,20,20501.0
21946,2018,7,3,21,19543.0
21947,2018,7,3,22,18951.0
21948,2018,7,3,23,17861.0
21949,2018,7,4,0,16709.0
21950,2018,7,4,1,15498.0
21951,2018,7,4,2,14635.0
21952,2018,7,4,3,13895.0
21953,2018,7,4,4,13509.0
21954,2018,7,4,5,13135.0
21955,2018,7,4,6,13036.0
21956,2018,7,4,7,12789.0
21957,2018,7,4,8,13362.0
21958,2018,7,4,9,14623.0
21959,2018,7,4,10,16291.0
21960,2018,7,4,11,17847.0
21961,2018,7,4,12,19030.0
21962,2018,7,4,13,19811.0
21963,2018,7,4,14,20276.0
21964,2018,7,4,15,20503.0
21965,2018,7,4,16,20606.0
21966,2018,7,4,17,20494.0
21967,2018,7,4,18,20169.0
21968,2018,7,4,19,19732.0
21969,2018,7,4,20,19060.0
21970,2018,7,4,21,18359.0
21971,2018,7,4,22,17749.0
21972,2018,7,4,23,17086.0
21973,2018,7,5,0,16291.0
21974,2018,7,5,1,15370.0
21975,2018,7,5,2,14392.0
21976,2018,7,5,3,13772.0
21977,2018,7,5,4,13373.0
21978,2018,7,5,5,13260.0
21979,2018,7,5,6,13743.0
21980,2018,7,5,7,14147.0
21981,2018,7,5,8,15232.0
21982,2018,7,5,9,16281.0
21983,2018,7,5,10,17487.0
21984,2018,7,5,11,18768.0
21985,2018,7,5,12,19949.0
21986,2018,7,5,13,20810.0
21987,2018,7,5,14,21320.0
21988,2018,7,5,15,21408.0
21989,2018,7,5,16,21097.0
21990,2018,7,5,17,20964.0
21991,2018,7,5,18,20780.0
21992,2018,7,5,19,20231.0
21993,2018,7,5,20,19556.0
21994,2018,7,5,21,18801.0
21995,2018,7,5,22,18300.0
21996,2018,7,5,23,17284.0
21997,2018,7,6,0,16070.0
21998,2018,7,6,1,15139.0
21999,2018,7,6,2,14325.0
22000,2018,7,6,3,13685.0
22001,2018,7,6,4,13350.0
22002,2018,7,6,5,13357.0
22003,2018,7,6,6,13671.0
22004,2018,7,6,7,14124.0
22005,2018,7,6,8,14646.0
22006,2018,7,6,9,15294.0
22007,2018,7,6,10,15804.0
22008,2018,7,6,11,16420.0
22009,2018,7,6,12,16924.0
22010,2018,7,6,13,17335.0
22011,2018,7,6,14,17745.0
22012,2018,7,6,15,17846.0
22013,2018,7,6,16,17753.0
22014,2018,7,6,17,17741.0
22015,2018,7,6,18,17561.0
22016,2018,7,6,19,17090.0
22017,2018,7,6,20,16412.0
22018,2018,7,6,21,15807.0
22019,2018,7,6,22,15249.0
22020,2018,7,6,23,14482.0
22021,2018,7,7,0,13331.0
22022,2018,7,7,1,12456.0
22023,2018,7,7,2,11781.0
22024,2018,7,7,3,11325.0
22025,2018,7,7,4,11074.0
22026,2018,7,7,5,11050.0
22027,2018,7,7,6,11046.0
22028,2018,7,7,7,11042.0
22029,2018,7,7,8,11457.0
22030,2018,7,7,9,12194.0
22031,2018,7,7,10,12862.0
22032,2018,7,7,11,13568.0
22033,2018,7,7,12,14017.0
22034,2018,7,7,13,14418.0
22035,2018,7,7,14,14935.0
22036,2018,7,7,15,15289.0
22037,2018,7,7,16,15789.0
22038,2018,7,7,17,16203.0
22039,2018,7,7,18,16467.0
22040,2018,7,7,19,16349.0
22041,2018,7,7,20,15993.0
22042,2018,7,7,21,15270.0
22043,2018,7,7,22,14740.0
22044,2018,7,7,23,13992.0
22045,2018,7,8,0,12969.0
22046,2018,7,8,1,11984.0
22047,2018,7,8,2,11355.0
22048,2018,7,8,3,10956.0
22049,2018,7,8,4,10650.0
22050,2018,7,8,5,10504.0
22051,2018,7,8,6,10498.0
22052,2018,7,8,7,10343.0
22053,2018,7,8,8,10658.0
22054,2018,7,8,9,11577.0
22055,2018,7,8,10,12203.0
22056,2018,7,8,11,13006.0
22057,2018,7,8,12,13741.0
22058,2018,7,8,13,14527.0
22059,2018,7,8,14,15226.0
22060,2018,7,8,15,15875.0
22061,2018,7,8,16,16576.0
22062,2018,7,8,17,17252.0
22063,2018,7,8,18,17655.0
22064,2018,7,8,19,17710.0
22065,2018,7,8,20,17324.0
22066,2018,7,8,21,16567.0
22067,2018,7,8,22,16110.0
22068,2018,7,8,23,15183.0
22069,2018,7,9,0,13993.0
22070,2018,7,9,1,12988.0
22071,2018,7,9,2,12226.0
22072,2018,7,9,3,11805.0
22073,2018,7,9,4,11621.0
22074,2018,7,9,5,11739.0
22075,2018,7,9,6,12200.0
22076,2018,7,9,7,12650.0
22077,2018,7,9,8,13601.0
22078,2018,7,9,9,14504.0
22079,2018,7,9,10,15593.0
22080,2018,7,9,11,16613.0
22081,2018,7,9,12,17605.0
22082,2018,7,9,13,18565.0
22083,2018,7,9,14,19416.0
22084,2018,7,9,15,20023.0
22085,2018,7,9,16,20405.0
22086,2018,7,9,17,20878.0
22087,2018,7,9,18,21016.0
22088,2018,7,9,19,20832.0
22089,2018,7,9,20,20340.0
22090,2018,7,9,21,19377.0
22091,2018,7,9,22,18813.0
22092,2018,7,9,23,17453.0
22093,2018,7,10,0,16056.0
22094,2018,7,10,1,14770.0
22095,2018,7,10,2,13822.0
22096,2018,7,10,3,13327.0
22097,2018,7,10,4,12956.0
22098,2018,7,10,5,12915.0
22099,2018,7,10,6,13177.0
22100,2018,7,10,7,13841.0
22101,2018,7,10,8,14820.0
22102,2018,7,10,9,15937.0
22103,2018,7,10,10,17146.0
22104,2018,7,10,11,18481.0
22105,2018,7,10,12,19510.0
22106,2018,7,10,13,20461.0
22107,2018,7,10,14,21133.0
22108,2018,7,10,15,21446.0
22109,2018,7,10,16,21470.0
22110,2018,7,10,17,21088.0
22111,2018,7,10,18,20840.0
22112,2018,7,10,19,20657.0
22113,2018,7,10,20,20187.0
22114,2018,7,10,21,19411.0
22115,2018,7,10,22,18714.0
22116,2018,7,10,23,17579.0
22117,2018,7,11,0,16080.0
22118,2018,7,11,1,14958.0
22119,2018,7,11,2,13970.0
22120,2018,7,11,3,13345.0
22121,2018,7,11,4,12937.0
22122,2018,7,11,5,12824.0
22123,2018,7,11,6,13179.0
22124,2018,7,11,7,13664.0
22125,2018,7,11,8,14408.0
22126,2018,7,11,9,15346.0
22127,2018,7,11,10,16154.0
22128,2018,7,11,11,17144.0
22129,2018,7,11,12,17908.0
22130,2018,7,11,13,18638.0
22131,2018,7,11,14,19304.0
22132,2018,7,11,15,19719.0
22133,2018,7,11,16,20052.0
22134,2018,7,11,17,20153.0
22135,2018,7,11,18,20105.0
22136,2018,7,11,19,19776.0
22137,2018,7,11,20,19114.0
22138,2018,7,11,21,18249.0
22139,2018,7,11,22,17602.0
22140,2018,7,11,23,16510.0
22141,2018,7,12,0,15115.0
22142,2018,7,12,1,13982.0
22143,2018,7,12,2,13023.0
22144,2018,7,12,3,12482.0
22145,2018,7,12,4,12280.0
22146,2018,7,12,5,12283.0
22147,2018,7,12,6,12697.0
22148,2018,7,12,7,13314.0
22149,2018,7,12,8,14051.0
22150,2018,7,12,9,14773.0
22151,2018,7,12,10,15595.0
22152,2018,7,12,11,16541.0
22153,2018,7,12,12,17430.0
22154,2018,7,12,13,18253.0
22155,2018,7,12,14,18965.0
22156,2018,7,12,15,19412.0
22157,2018,7,12,16,19796.0
22158,2018,7,12,17,20052.0
22159,2018,7,12,18,20085.0
22160,2018,7,12,19,19706.0
22161,2018,7,12,20,19188.0
22162,2018,7,12,21,18401.0
22163,2018,7,12,22,17797.0
22164,2018,7,12,23,16719.0
22165,2018,7,13,0,15264.0
22166,2018,7,13,1,14147.0
22167,2018,7,13,2,13204.0
22168,2018,7,13,3,12737.0
22169,2018,7,13,4,12434.0
22170,2018,7,13,5,12425.0
22171,2018,7,13,6,12826.0
22172,2018,7,13,7,13446.0
22173,2018,7,13,8,14183.0
22174,2018,7,13,9,15226.0
22175,2018,7,13,10,16125.0
22176,2018,7,13,11,17280.0
22177,2018,7,13,12,18229.0
22178,2018,7,13,13,19078.0
22179,2018,7,13,14,19926.0
22180,2018,7,13,15,20449.0
22181,2018,7,13,16,20852.0
22182,2018,7,13,17,21014.0
22183,2018,7,13,18,21001.0
22184,2018,7,13,19,20726.0
22185,2018,7,13,20,20051.0
22186,2018,7,13,21,19216.0
22187,2018,7,13,22,18530.0
22188,2018,7,13,23,17502.0
22189,2018,7,14,0,15950.0
22190,2018,7,14,1,14713.0
22191,2018,7,14,2,13708.0
22192,2018,7,14,3,13184.0
22193,2018,7,14,4,12726.0
22194,2018,7,14,5,12535.0
22195,2018,7,14,6,12586.0
22196,2018,7,14,7,12543.0
22197,2018,7,14,8,13128.0
22198,2018,7,14,9,14129.0
22199,2018,7,14,10,15513.0
22200,2018,7,14,11,16751.0
22201,2018,7,14,12,17872.0
22202,2018,7,14,13,18581.0
22203,2018,7,14,14,19143.0
22204,2018,7,14,15,19565.0
22205,2018,7,14,16,19841.0
22206,2018,7,14,17,20032.0
22207,2018,7,14,18,20074.0
22208,2018,7,14,19,19822.0
22209,2018,7,14,20,19360.0
22210,2018,7,14,21,18657.0
22211,2018,7,14,22,18179.0
22212,2018,7,14,23,17129.0
22213,2018,7,15,0,15910.0
22214,2018,7,15,1,14815.0
22215,2018,7,15,2,13958.0
22216,2018,7,15,3,13360.0
22217,2018,7,15,4,12893.0
22218,2018,7,15,5,12629.0
22219,2018,7,15,6,12614.0
22220,2018,7,15,7,12515.0
22221,2018,7,15,8,12918.0
22222,2018,7,15,9,13878.0
22223,2018,7,15,10,15032.0
22224,2018,7,15,11,16314.0
22225,2018,7,15,12,17471.0
22226,2018,7,15,13,18397.0
22227,2018,7,15,14,18848.0
22228,2018,7,15,15,19247.0
22229,2018,7,15,16,19533.0
22230,2018,7,15,17,19682.0
22231,2018,7,15,18,19681.0
22232,2018,7,15,19,19217.0
22233,2018,7,15,20,18893.0
22234,2018,7,15,21,18285.0
22235,2018,7,15,22,17949.0
22236,2018,7,15,23,17070.0
22237,2018,7,16,0,15942.0
22238,2018,7,16,1,14851.0
22239,2018,7,16,2,14147.0
22240,2018,7,16,3,13595.0
22241,2018,7,16,4,13402.0
22242,2018,7,16,5,13389.0
22243,2018,7,16,6,13991.0
22244,2018,7,16,7,14630.0
22245,2018,7,16,8,15583.0
22246,2018,7,16,9,16361.0
22247,2018,7,16,10,17339.0
22248,2018,7,16,11,18363.0
22249,2018,7,16,12,19214.0
22250,2018,7,16,13,19934.0
22251,2018,7,16,14,20364.0
22252,2018,7,16,15,20298.0
22253,2018,7,16,16,20178.0
22254,2018,7,16,17,20184.0
22255,2018,7,16,18,20434.0
22256,2018,7,16,19,20280.0
22257,2018,7,16,20,19816.0
22258,2018,7,16,21,19113.0
22259,2018,7,16,22,18653.0
22260,2018,7,16,23,17540.0
22261,2018,7,17,0,16384.0
22262,2018,7,17,1,15202.0
22263,2018,7,17,2,14424.0
22264,2018,7,17,3,13922.0
22265,2018,7,17,4,13522.0
22266,2018,7,17,5,13634.0
22267,2018,7,17,6,14057.0
22268,2018,7,17,7,14647.0
22269,2018,7,17,8,15372.0
22270,2018,7,17,9,16382.0
22271,2018,7,17,10,17247.0
22272,2018,7,17,11,18109.0
22273,2018,7,17,12,18987.0
22274,2018,7,17,13,19710.0
22275,2018,7,17,14,20156.0
22276,2018,7,17,15,20458.0
22277,2018,7,17,16,20631.0
22278,2018,7,17,17,20621.0
22279,2018,7,17,18,20357.0
22280,2018,7,17,19,19963.0
22281,2018,7,17,20,19088.0
22282,2018,7,17,21,18299.0
22283,2018,7,17,22,17714.0
22284,2018,7,17,23,16581.0
22285,2018,7,18,0,15027.0
22286,2018,7,18,1,13929.0
22287,2018,7,18,2,13192.0
22288,2018,7,18,3,12682.0
22289,2018,7,18,4,12348.0
22290,2018,7,18,5,12227.0
22291,2018,7,18,6,12613.0
22292,2018,7,18,7,13162.0
22293,2018,7,18,8,13953.0
22294,2018,7,18,9,14753.0
22295,2018,7,18,10,15481.0
22296,2018,7,18,11,16343.0
22297,2018,7,18,12,16992.0
22298,2018,7,18,13,17563.0
22299,2018,7,18,14,18082.0
22300,2018,7,18,15,18441.0
22301,2018,7,18,16,18625.0
22302,2018,7,18,17,18860.0
22303,2018,7,18,18,18879.0
22304,2018,7,18,19,18714.0
22305,2018,7,18,20,18081.0
22306,2018,7,18,21,17247.0
22307,2018,7,18,22,16661.0
22308,2018,7,18,23,15682.0
22309,2018,7,19,0,14277.0
22310,2018,7,19,1,13305.0
22311,2018,7,19,2,12536.0
22312,2018,7,19,3,12079.0
22313,2018,7,19,4,11897.0
22314,2018,7,19,5,11931.0
22315,2018,7,19,6,12376.0
22316,2018,7,19,7,12971.0
22317,2018,7,19,8,13627.0
22318,2018,7,19,9,14383.0
22319,2018,7,19,10,15212.0
22320,2018,7,19,11,16069.0
22321,2018,7,19,12,16853.0
22322,2018,7,19,13,17629.0
22323,2018,7,19,14,18290.0
22324,2018,7,19,15,18875.0
22325,2018,7,19,16,19259.0
22326,2018,7,19,17,19615.0
22327,2018,7,19,18,19730.0
22328,2018,7,19,19,19540.0
22329,2018,7,19,20,18886.0
22330,2018,7,19,21,18120.0
22331,2018,7,19,22,17537.0
22332,2018,7,19,23,16361.0
22333,2018,7,20,0,15085.0
22334,2018,7,20,1,13948.0
22335,2018,7,20,2,13207.0
22336,2018,7,20,3,12753.0
22337,2018,7,20,4,12529.0
22338,2018,7,20,5,12616.0
22339,2018,7,20,6,12983.0
22340,2018,7,20,7,13646.0
22341,2018,7,20,8,14427.0
22342,2018,7,20,9,15210.0
22343,2018,7,20,10,15964.0
22344,2018,7,20,11,16554.0
22345,2018,7,20,12,17039.0
22346,2018,7,20,13,17324.0
22347,2018,7,20,14,17480.0
22348,2018,7,20,15,17541.0
22349,2018,7,20,16,17464.0
22350,2018,7,20,17,17367.0
22351,2018,7,20,18,17089.0
22352,2018,7,20,19,16607.0
22353,2018,7,20,20,16028.0
22354,2018,7,20,21,15515.0
22355,2018,7,20,22,15178.0
22356,2018,7,20,23,14426.0
22357,2018,7,21,0,13379.0
22358,2018,7,21,1,12654.0
22359,2018,7,21,2,12102.0
22360,2018,7,21,3,11603.0
22361,2018,7,21,4,11470.0
22362,2018,7,21,5,11431.0
22363,2018,7,21,6,11632.0
22364,2018,7,21,7,11660.0
22365,2018,7,21,8,12103.0
22366,2018,7,21,9,12692.0
22367,2018,7,21,10,13291.0
22368,2018,7,21,11,13931.0
22369,2018,7,21,12,14400.0
22370,2018,7,21,13,14752.0
22371,2018,7,21,14,15151.0
22372,2018,7,21,15,15458.0
22373,2018,7,21,16,15765.0
22374,2018,7,21,17,16074.0
22375,2018,7,21,18,16251.0
22376,2018,7,21,19,15894.0
22377,2018,7,21,20,15400.0
22378,2018,7,21,21,15043.0
22379,2018,7,21,22,14848.0
22380,2018,7,21,23,14102.0
22381,2018,7,22,0,13079.0
22382,2018,7,22,1,12274.0
22383,2018,7,22,2,11784.0
22384,2018,7,22,3,11383.0
22385,2018,7,22,4,11202.0
22386,2018,7,22,5,11091.0
22387,2018,7,22,6,11036.0
22388,2018,7,22,7,11221.0
22389,2018,7,22,8,11611.0
22390,2018,7,22,9,12241.0
22391,2018,7,22,10,12859.0
22392,2018,7,22,11,13384.0
22393,2018,7,22,12,13895.0
22394,2018,7,22,13,14419.0
22395,2018,7,22,14,14833.0
22396,2018,7,22,15,15191.0
22397,2018,7,22,16,15381.0
22398,2018,7,22,17,15626.0
22399,2018,7,22,18,15730.0
22400,2018,7,22,19,15739.0
22401,2018,7,22,20,15403.0
22402,2018,7,22,21,14975.0
22403,2018,7,22,22,14891.0
22404,2018,7,22,23,14256.0
22405,2018,7,23,0,13330.0
22406,2018,7,23,1,12579.0
22407,2018,7,23,2,12157.0
22408,2018,7,23,3,11829.0
22409,2018,7,23,4,11647.0
22410,2018,7,23,5,11848.0
22411,2018,7,23,6,12380.0
22412,2018,7,23,7,13220.0
22413,2018,7,23,8,13866.0
22414,2018,7,23,9,14536.0
22415,2018,7,23,10,15207.0
22416,2018,7,23,11,15949.0
22417,2018,7,23,12,16498.0
22418,2018,7,23,13,17165.0
22419,2018,7,23,14,17730.0
22420,2018,7,23,15,18120.0
22421,2018,7,23,16,18513.0
22422,2018,7,23,17,18713.0
22423,2018,7,23,18,18680.0
22424,2018,7,23,19,18173.0
22425,2018,7,23,20,17718.0
22426,2018,7,23,21,17214.0
22427,2018,7,23,22,16912.0
22428,2018,7,23,23,15858.0
22429,2018,7,24,0,14814.0
22430,2018,7,24,1,13903.0
22431,2018,7,24,2,13216.0
22432,2018,7,24,3,12828.0
22433,2018,7,24,4,12546.0
22434,2018,7,24,5,12673.0
22435,2018,7,24,6,13096.0
22436,2018,7,24,7,13855.0
22437,2018,7,24,8,14451.0
22438,2018,7,24,9,15102.0
22439,2018,7,24,10,15648.0
22440,2018,7,24,11,16367.0
22441,2018,7,24,12,16828.0
22442,2018,7,24,13,17132.0
22443,2018,7,24,14,17747.0
22444,2018,7,24,15,18185.0
22445,2018,7,24,16,18500.0
22446,2018,7,24,17,18644.0
22447,2018,7,24,18,18597.0
22448,2018,7,24,19,18255.0
22449,2018,7,24,20,17926.0
22450,2018,7,24,21,17564.0
22451,2018,7,24,22,17271.0
22452,2018,7,24,23,16225.0
22453,2018,7,25,0,14927.0
22454,2018,7,25,1,13990.0
22455,2018,7,25,2,13394.0
22456,2018,7,25,3,12956.0
22457,2018,7,25,4,12717.0
22458,2018,7,25,5,12697.0
22459,2018,7,25,6,13216.0
22460,2018,7,25,7,13972.0
22461,2018,7,25,8,14751.0
22462,2018,7,25,9,15445.0
22463,2018,7,25,10,16246.0
22464,2018,7,25,11,17285.0
22465,2018,7,25,12,18014.0
22466,2018,7,25,13,18618.0
22467,2018,7,25,14,19225.0
22468,2018,7,25,15,19740.0
22469,2018,7,25,16,19756.0
22470,2018,7,25,17,19718.0
22471,2018,7,25,18,19544.0
22472,2018,7,25,19,19198.0
22473,2018,7,25,20,18728.0
22474,2018,7,25,21,18033.0
22475,2018,7,25,22,17561.0
22476,2018,7,25,23,16349.0
22477,2018,7,26,0,15027.0
22478,2018,7,26,1,13865.0
22479,2018,7,26,2,13179.0
22480,2018,7,26,3,12668.0
22481,2018,7,26,4,12411.0
22482,2018,7,26,5,12392.0
22483,2018,7,26,6,12860.0
22484,2018,7,26,7,13465.0
22485,2018,7,26,8,14166.0
22486,2018,7,26,9,15062.0
22487,2018,7,26,10,15918.0
22488,2018,7,26,11,16878.0
22489,2018,7,26,12,17878.0
22490,2018,7,26,13,18642.0
22491,2018,7,26,14,19398.0
22492,2018,7,26,15,19752.0
22493,2018,7,26,16,20107.0
22494,2018,7,26,17,20356.0
22495,2018,7,26,18,20055.0
22496,2018,7,26,19,19641.0
22497,2018,7,26,20,19006.0
22498,2018,7,26,21,18322.0
22499,2018,7,26,22,17804.0
22500,2018,7,26,23,16530.0
22501,2018,7,27,0,15127.0
22502,2018,7,27,1,14057.0
22503,2018,7,27,2,13320.0
22504,2018,7,27,3,12846.0
22505,2018,7,27,4,12512.0
22506,2018,7,27,5,12533.0
22507,2018,7,27,6,12956.0
22508,2018,7,27,7,13557.0
22509,2018,7,27,8,14244.0
22510,2018,7,27,9,15032.0
22511,2018,7,27,10,15813.0
22512,2018,7,27,11,16675.0
22513,2018,7,27,12,17286.0
22514,2018,7,27,13,17871.0
22515,2018,7,27,14,18267.0
22516,2018,7,27,15,18431.0
22517,2018,7,27,16,18505.0
22518,2018,7,27,17,18641.0
22519,2018,7,27,18,18534.0
22520,2018,7,27,19,18104.0
22521,2018,7,27,20,17423.0
22522,2018,7,27,21,16633.0
22523,2018,7,27,22,16137.0
22524,2018,7,27,23,15095.0
22525,2018,7,28,0,13885.0
22526,2018,7,28,1,12886.0
22527,2018,7,28,2,12167.0
22528,2018,7,28,3,11765.0
22529,2018,7,28,4,11518.0
22530,2018,7,28,5,11354.0
22531,2018,7,28,6,11571.0
22532,2018,7,28,7,11619.0
22533,2018,7,28,8,12022.0
22534,2018,7,28,9,12744.0
22535,2018,7,28,10,13463.0
22536,2018,7,28,11,14308.0
22537,2018,7,28,12,15027.0
22538,2018,7,28,13,15471.0
22539,2018,7,28,14,15893.0
22540,2018,7,28,15,16327.0
22541,2018,7,28,16,16578.0
22542,2018,7,28,17,16725.0
22543,2018,7,28,18,16724.0
22544,2018,7,28,19,16491.0
22545,2018,7,28,20,15861.0
22546,2018,7,28,21,15284.0
22547,2018,7,28,22,14937.0
22548,2018,7,28,23,14094.0
22549,2018,7,29,0,13017.0
22550,2018,7,29,1,12177.0
22551,2018,7,29,2,11523.0
22552,2018,7,29,3,11124.0
22553,2018,7,29,4,10862.0
22554,2018,7,29,5,10649.0
22555,2018,7,29,6,10748.0
22556,2018,7,29,7,10812.0
22557,2018,7,29,8,10966.0
22558,2018,7,29,9,11786.0
22559,2018,7,29,10,12651.0
22560,2018,7,29,11,13427.0
22561,2018,7,29,12,14206.0
22562,2018,7,29,13,14925.0
22563,2018,7,29,14,15496.0
22564,2018,7,29,15,15937.0
22565,2018,7,29,16,16209.0
22566,2018,7,29,17,16464.0
22567,2018,7,29,18,16645.0
22568,2018,7,29,19,16414.0
22569,2018,7,29,20,15997.0
22570,2018,7,29,21,15616.0
22571,2018,7,29,22,15476.0
22572,2018,7,29,23,14665.0
22573,2018,7,30,0,13680.0
22574,2018,7,30,1,12927.0
22575,2018,7,30,2,12397.0
22576,2018,7,30,3,12096.0
22577,2018,7,30,4,11938.0
22578,2018,7,30,5,12109.0
22579,2018,7,30,6,12559.0
22580,2018,7,30,7,13474.0
22581,2018,7,30,8,14033.0
22582,2018,7,30,9,14623.0
22583,2018,7,30,10,15168.0
22584,2018,7,30,11,15872.0
22585,2018,7,30,12,16353.0
22586,2018,7,30,13,17001.0
22587,2018,7,30,14,17582.0
22588,2018,7,30,15,17889.0
22589,2018,7,30,16,18176.0
22590,2018,7,30,17,18262.0
22591,2018,7,30,18,18174.0
22592,2018,7,30,19,17875.0
22593,2018,7,30,20,17307.0
22594,2018,7,30,21,17022.0
22595,2018,7,30,22,16725.0
22596,2018,7,30,23,15592.0
22597,2018,7,31,0,14363.0
22598,2018,7,31,1,13501.0
22599,2018,7,31,2,12787.0
22600,2018,7,31,3,12382.0
22601,2018,7,31,4,12275.0
22602,2018,7,31,5,12498.0
22603,2018,7,31,6,12926.0
22604,2018,7,31,7,13871.0
22605,2018,7,31,8,14554.0
22606,2018,7,31,9,15072.0
22607,2018,7,31,10,15480.0
22608,2018,7,31,11,15975.0
22609,2018,7,31,12,16157.0
22610,2018,7,31,13,16566.0
22611,2018,7,31,14,16882.0
22612,2018,7,31,15,16984.0
22613,2018,7,31,16,16780.0
22614,2018,7,31,17,16687.0
22615,2018,7,31,18,16874.0
22616,2018,7,31,19,16727.0
22617,2018,7,31,20,16674.0
22618,2018,7,31,21,16556.0
22619,2018,7,31,22,16252.0
22620,2018,7,31,23,15504.0
22621,2018,8,1,0,14424.0
22622,2018,8,1,1,13538.0
22623,2018,8,1,2,12903.0
22624,2018,8,1,3,12506.0
22625,2018,8,1,4,12206.0
22626,2018,8,1,5,12295.0
22627,2018,8,1,6,12714.0
22628,2018,8,1,7,13512.0
22629,2018,8,1,8,14139.0
22630,2018,8,1,9,14685.0
22631,2018,8,1,10,15223.0
22632,2018,8,1,11,15648.0
22633,2018,8,1,12,16116.0
22634,2018,8,1,13,16623.0
22635,2018,8,1,14,17008.0
22636,2018,8,1,15,17146.0
22637,2018,8,1,16,17193.0
22638,2018,8,1,17,17183.0
22639,2018,8,1,18,17204.0
22640,2018,8,1,19,16870.0
22641,2018,8,1,20,16579.0
22642,2018,8,1,21,16457.0
22643,2018,8,1,22,16197.0
22644,2018,8,1,23,15259.0
22645,2018,8,2,0,14125.0
22646,2018,8,2,1,13286.0
22647,2018,8,2,2,12587.0
22648,2018,8,2,3,12296.0
22649,2018,8,2,4,12059.0
22650,2018,8,2,5,12224.0
22651,2018,8,2,6,12781.0
22652,2018,8,2,7,13661.0
22653,2018,8,2,8,14326.0
22654,2018,8,2,9,14834.0
22655,2018,8,2,10,15309.0
22656,2018,8,2,11,16025.0
22657,2018,8,2,12,16651.0
22658,2018,8,2,13,17423.0
22659,2018,8,2,14,18067.0
22660,2018,8,2,15,18534.0
22661,2018,8,2,16,18826.0
22662,2018,8,2,17,18869.0
22663,2018,8,2,18,18562.0
22664,2018,8,2,19,18118.0
22665,2018,8,2,20,17673.0
22666,2018,8,2,21,17303.0
22667,2018,8,2,22,17001.0
22668,2018,8,2,23,15964.0
22669,2018,8,3,0,14809.0
